{"type":"FeatureCollection", "features": [
{"type":"Feature","geometry":{"type":"Polygon","coordinates":[[[127.02313849621643,37.57802087910892],[126.97672044958631,37.59790077442683],[126.97536907543345,37.631698170595676],[126.95841841842733,37.629469751140356],[126.94900026337734,37.6243351349276],[126.95072414848573,37.615537943529716],[126.94982875644766,37.61165624620594],[126.95036280527036,37.610622635741834],[126.95355819355073,37.578748855084044],[126.95491745681615,37.577149174890465],[126.95940037405296,37.57304934989536],[126.9657113705709,37.56677550324494],[126.96669861216496,37.565820355825934],[127.02336168058478,37.57191110395814],[127.02313849621643,37.57802087910892]]]},"properties":{"name":"종로구","code":"11010"}},
{"type":"Feature","geometry":{"type":"Polygon","coordinates":[[[127.02339132012439,37.571904440082946],[127.02336168058478,37.57191110395814],[126.96669861216496,37.565820355825934],[126.96946310425139,37.5619763646108],[126.96744146130754,37.561508338125854],[126.96683355968507,37.561272814313924],[126.96398318266212,37.55946203552578],[126.96396404847887,37.559455001069246],[126.96330371892424,37.55921401666352],[126.96167996127201,37.55902750312324],[126.96344215086458,37.55684990111131],[126.96240556625945,37.55159213643027],[127.00898372441858,37.5441342204587],[127.02339132012439,37.571904440082946]]]},"properties":{"name":"중구","code":"11020"}},
{"type":"Feature","geometry":{"type":"Polygon","coordinates":[[[127.00898372441858,37.5441342204587],[126.96240556625945,37.55159213643027],[126.94458999713282,37.533785726032306],[126.94987682973515,37.527028924355626],[126.94988248009479,37.52342494613875],[126.94988654989376,37.517519985388724],[126.96692063503207,37.50987506039534],[126.98040672662873,37.5065362897333],[126.9824128451054,37.5065330117685],[126.98316517932905,37.50651989675191],[126.9838236839766,37.50652050292752],[126.98554764158752,37.506543091737434],[127.00857748177432,37.52559552160008],[127.0174399502128,37.5340035161648],[127.00898372441858,37.5441342204587]]]},"properties":{"name":"용산구","code":"11030"}},
{"type":"Feature","geometry":{"type":"Polygon","coordinates":[[[127.07238515054827,37.55996034375495],[127.02339132012439,37.571904440082946],[127.00898372441858,37.5441342204587],[127.0174399502128,37.5340035161648],[127.05622154261032,37.52833096963777],[127.07238515054827,37.55996034375495]]]},"properties":{"name":"성동구","code":"11040"}},
{"type":"Feature","geometry":{"type":"Polygon","coordinates":[[[127.11522556154925,37.55676018797063],[127.10088786747095,37.573763493919046],[127.07820162861698,37.57186953138493],[127.07238515054827,37.55996034375495],[127.05622154261032,37.52833096963777],[127.06747910492537,37.52458218650356],[127.10923971636981,37.54316689400482],[127.11522556154925,37.55676018797063]]]},"properties":{"name":"광진구","code":"11050"}},
{"type":"Feature","geometry":{"type":"Polygon","coordinates":[[[127.07820162861698,37.57186953138493],[127.07105863151394,37.607619367490315],[127.02313849621643,37.57802087910892],[127.02336168058478,37.57191110395814],[127.02339132012439,37.571904440082946],[127.07238515054827,37.55996034375495],[127.07820162861698,37.57186953138493]]]},"properties":{"name":"동대문구","code":"11060"}},
{"type":"Feature","geometry":{"type":"Polygon","coordinates":[[[127.10088786747095,37.573763493919046],[127.10555591395581,37.62037072483441],[127.07005942210341,37.6154306408354],[127.07105863151394,37.607619367490315],[127.07820162861698,37.57186953138493],[127.10088786747095,37.573763493919046]]]},"properties":{"name":"중랑구","code":"11070"}},
{"type":"Feature","geometry":{"type":"Polygon","coordinates":[[[127.04973987978762,37.62427412688289],[127.030426615164,37.609072558223836],[126.98420224929413,37.636340308512715],[126.97536907543345,37.631698170595676],[126.97672044958631,37.59790077442683],[127.02313849621643,37.57802087910892],[127.07105863151394,37.607619367490315],[127.07005942210341,37.6154306408354],[127.04973987978762,37.62427412688289]]]},"properties":{"name":"성북구","code":"11080"}},
{"type":"Feature","geometry":{"type":"Polygon","coordinates":[[[127.04257019040021,37.630572197953335],[127.00866351651996,37.684449524658596],[126.9921976450405,37.67962695974978],[126.98420224929413,37.636340308512715],[127.030426615164,37.609072558223836],[127.04973987978762,37.62427412688289],[127.04257019040021,37.630572197953335]]]},"properties":{"name":"강북구","code":"11090"}},
{"type":"Feature","geometry":{"type":"Polygon","coordinates":[[[127.05179813595967,37.68581484612482],[127.01541538638106,37.70145528326448],[127.00866351651996,37.684449524658596],[127.04257019040021,37.630572197953335],[127.05179813595967,37.68581484612482]]]},"properties":{"name":"도봉구","code":"11100"}},
{"type":"Feature","geometry":{"type":"Polygon","coordinates":[[[127.11125728360498,37.64237533356503],[127.09456996937807,37.64457060044399],[127.08110478593213,37.69613745758589],[127.05179813595967,37.68581484612482],[127.04257019040021,37.630572197953335],[127.04973987978762,37.62427412688289],[127.07005942210341,37.6154306408354],[127.10555591395581,37.62037072483441],[127.11125728360498,37.64237533356503]]]},"properties":{"name":"노원구","code":"11110"}},
{"type":"Feature","geometry":{"type":"Polygon","coordinates":[[[126.95841841842733,37.629469751140356],[126.94751096467553,37.65918537633999],[126.90481016432571,37.649128043724616],[126.88205583154172,37.590792433369934],[126.8888866414036,37.584649851716286],[126.89714880745935,37.57934910843181],[126.90150140827771,37.57641764235617],[126.90208151541718,37.576007006603575],[126.90189081162006,37.57660231268041],[126.9060327817748,37.580290980461314],[126.91191386043585,37.58582337902238],[126.91284408930106,37.587222455151014],[126.91569800528703,37.58597962839699],[126.9153102010713,37.585415418813426],[126.91573000533107,37.58344995350426],[126.91593725531797,37.58309466613763],[126.91642059085756,37.58317177976779],[126.91897105508018,37.58340283070926],[126.92085895816992,37.582939197853385],[126.92172253944953,37.58368488471992],[126.9228331682321,37.58560836167845],[126.92774518485636,37.58892056812057],[126.93023107812589,37.59453540817443],[126.93279539772789,37.5962984424746],[126.93754151180805,37.59786819177375],[126.93872444969915,37.597504387278285],[126.9408834593043,37.59869706763729],[126.94140323005104,37.60065652084556],[126.94037652063808,37.60156950053447],[126.94066198938457,37.603119069197916],[126.94370777909549,37.60624016147419],[126.94816425246368,37.60863426947397],[126.95036280527036,37.610622635741834],[126.94982875644766,37.61165624620594],[126.95072414848573,37.615537943529716],[126.94900026337734,37.6243351349276],[126.95841841842733,37.629469751140356]]]},"properties":{"name":"은평구","code":"11120"}},
{"type":"Feature","geometry":{"type":"Polygon","coordinates":[[[126.95826848362613,37.597788689214426],[126.95036280566144,37.61062263672931],[126.94816425258229,37.60863427034575],[126.94370777896359,37.60624016225327],[126.94066198931671,37.60311906984174],[126.94037652081504,37.601569501283315],[126.94140323054731,37.60065652165312],[126.94088345932006,37.59869706863887],[126.93872445005687,37.597504387964634],[126.9375415120434,37.59786819270069],[126.93279539759415,37.59629844333639],[126.93023107806415,37.59453540887373],[126.92774518491059,37.58892056898679],[126.92283316813348,37.585608361846795],[126.92172253936316,37.583684884880405],[126.92085895863653,37.582939197589674],[126.91593725584802,37.58309466610752],[126.91573000529792,37.5834499532196],[126.91531020132888,37.5854154189756],[126.9156980053693,37.58597962806186],[126.91284408935498,37.58722245519073],[126.9127724011964,37.58705729518261],[126.91268531000954,37.586888024896616],[126.91247990324918,37.58653081061158],[126.91191386095936,37.585823378841724],[126.90603278180998,37.58029098035305],[126.901890811547,37.5766023126913],[126.90208151541663,37.57600700653739],[126.90208610115934,37.57600204883602],[126.90592140270802,37.57344601189293],[126.90979165134901,37.57099037616708],[126.9184375250971,37.567115717967134],[126.91957941736865,37.566807118052296],[126.92027647984155,37.56663283562384],[126.9235808214979,37.56599927938822],[126.92601359882525,37.56510474554354],[126.92828215205529,37.563332191079226],[126.92825257784277,37.56304229811239],[126.92672118042921,37.56096736005274],[126.92666822181597,37.56067573949327],[126.92660057634878,37.55945216197374],[126.92659377860379,37.55884850281845],[126.92985960950413,37.55765220461296],[126.93280161724363,37.55657479390996],[126.93686249930701,37.5551006469186],[126.94076903838831,37.55639797220317],[126.94099179574025,37.556468959043706],[126.94137158040499,37.55654828649525],[126.95987953163622,37.557623724028375],[126.96164703141285,37.55908797054915],[126.96330371926142,37.55921401682947],[126.96396404849663,37.55945500121792],[126.9639831826487,37.559462035241225],[126.966833560058,37.56127281427318],[126.96744146120692,37.56150833813403],[126.9694631043063,37.56197636466721],[126.96669861231422,37.565820355520124],[126.96571137108626,37.566775503241814],[126.9594003742411,37.573049350492845],[126.95491745708837,37.57714917563005],[126.95355819400915,37.578748855621164],[126.95826848362613,37.597788689214426]]]},"properties":{"name":"서대문구","code":"11130"}},
{"type":"Feature","geometry":{"type":"Polygon","coordinates":[[[126.90208151541718,37.576007006603575],[126.90150140827771,37.57641764235617],[126.89714880745935,37.57934910843181],[126.8888866414036,37.584649851716286],[126.88205583154172,37.590792433369934],[126.85363177699416,37.57179056678837],[126.88046377712031,37.55626953232584],[126.94458999713282,37.533785726032306],[126.96240556625945,37.55159213643027],[126.96344215086458,37.55684990111131],[126.96167996127201,37.55902750312324],[126.95987953110861,37.55762372329116],[126.95824682758067,37.55729920021264],[126.94137157910185,37.55654828584231],[126.94099179577623,37.55646895896044],[126.94076903731163,37.55639797216832],[126.93686249942706,37.55510064712532],[126.93280161706362,37.556574794172455],[126.92985960955785,37.55765220495933],[126.9265937783984,37.55884850306937],[126.92660057645998,37.55945216203343],[126.92666822178944,37.56067573934457],[126.9267211800186,37.5609673600967],[126.92825257737904,37.56304229801879],[126.92828215208544,37.56333219132776],[126.92601359882384,37.565104745723275],[126.92358082150221,37.5659992796833],[126.92027647953107,37.56663283587161],[126.91957941708723,37.56680711811712],[126.91843752491454,37.567115717977856],[126.90979165122886,37.57099037555227],[126.90592140283532,37.573446010899985],[126.90208610083941,37.5760020490115],[126.90208151541718,37.576007006603575]]]},"properties":{"name":"마포구","code":"11140"}},
{"type":"Feature","geometry":{"type":"Polygon","coordinates":[[[126.82699050942098,37.50852643963278],[126.82774032396864,37.50873536980482],[126.82815509954754,37.508774685389405],[126.83064850123941,37.50816736253982],[126.83101357296256,37.50797696922629],[126.8310175282554,37.50782866947607],[126.83068675856126,37.50691404231934],[126.83066027721598,37.506871116118695],[126.83061517910954,37.50631324401894],[126.83206134823736,37.50461883991729],[126.83398249844245,37.50335576811453],[126.83530428688036,37.50281649794343],[126.84726984562246,37.509524430782115],[126.8529070542314,37.510643035109645],[126.87357077551869,37.50355599985342],[126.87875373576813,37.52535456797445],[126.88080150386956,37.52763111489439],[126.88973787043344,37.53035772513773],[126.89031033123226,37.53117016558475],[126.8905139353847,37.53170898069044],[126.88066399025197,37.54819623757961],[126.8802556825763,37.54773556971849],[126.87795866454987,37.54709853078092],[126.87264405047064,37.54707203723883],[126.86420340004943,37.551150353991034],[126.86210964334674,37.54435547655025],[126.86396980310423,37.529785444832086],[126.8405152340596,37.52648670649042],[126.82976315012486,37.54773617447229],[126.8279737533496,37.54755058612882],[126.82596167241225,37.54486259608342],[126.8258587115007,37.544674289078095],[126.82585383176577,37.54466536331082],[126.82567871646452,37.54423017531393],[126.82562848424013,37.54389828429017],[126.8258950892743,37.5435753514667],[126.82599505613287,37.54331145550471],[126.82606973141795,37.542956486862316],[126.8254271287663,37.54170742360255],[126.82211888561298,37.54067728557008],[126.82821380069792,37.529028938475236],[126.82425573652655,37.514467566321315],[126.8241877541951,37.51052493397963],[126.8269537946068,37.51039259057846],[126.82699050942098,37.50852643963278]]]},"properties":{"name":"양천구","code":"11150"}},
{"type":"Feature","geometry":{"type":"Polygon","coordinates":[[[126.85363177699416,37.57179056678837],[126.80258140126219,37.60503274958829],[126.797082229066,37.597738926962585],[126.80094007508913,37.58816612344872],[126.79344108035994,37.58451960555157],[126.7937317691296,37.583038595929175],[126.7936954447703,37.58159385726774],[126.7824082912788,37.57360620715523],[126.78136064174697,37.56892504122428],[126.7804620437755,37.567954522354995],[126.77699234790445,37.56637152940751],[126.77594285685981,37.56520584959009],[126.7771016404336,37.56371945606085],[126.77784212031399,37.55993305582219],[126.76448395860741,37.55536939499352],[126.7662043570345,37.554242374832576],[126.76636535329581,37.55376348699766],[126.76737004123984,37.55313158085912],[126.76746505543427,37.551950739641335],[126.77155173712788,37.54831753301258],[126.77258034360476,37.54875285387749],[126.77339375864604,37.548851572871605],[126.77357580916514,37.54887162930416],[126.77392688227516,37.54890186725098],[126.77529327744627,37.54897123025005],[126.79056480956329,37.543922420456106],[126.79301738413409,37.541594046960135],[126.79380273607032,37.53999448726422],[126.79396340186753,37.537360321422405],[126.79436487109584,37.53602390098096],[126.79442374200738,37.53583264967985],[126.79908806112685,37.53756478998723],[126.79946224136762,37.5377253565841],[126.79932937617109,37.54064181045023],[126.80395979544724,37.543146518432614],[126.8130506034545,37.54065813842805],[126.82542712861151,37.54170742360184],[126.826069731381,37.54295648617394],[126.82599505581055,37.54331145532523],[126.82589508912858,37.543575351562],[126.82562848390309,37.543898284148476],[126.82567871613566,37.54423017537031],[126.82585383148361,37.544665363334914],[126.82585871154915,37.54467428835941],[126.82596167201622,37.54486259537012],[126.8279737529103,37.54755058543287],[126.82976314999773,37.54773617385032],[126.8405152338797,37.52648670557856],[126.863969803168,37.52978544382652],[126.86420339988962,37.551150353409405],[126.87264405036369,37.54707203654043],[126.8779586646293,37.54709852986521],[126.88025568265307,37.54773556912052],[126.88066399030672,37.54819623683894],[126.87807573471574,37.551699443600995],[126.87803260686803,37.553031070642774],[126.88046377712031,37.55626953232584],[126.85363177699416,37.57179056678837]]]},"properties":{"name":"강서구","code":"11160"}},
{"type":"Feature","geometry":{"type":"Polygon","coordinates":[[[126.87913514309011,37.51785775731338],[126.87357077535704,37.503555998833434],[126.85290705389,37.5106430342066],[126.84726984571634,37.50952442976703],[126.84435850506563,37.50653658145574],[126.83641341131576,37.50302168790324],[126.83530428633036,37.5028164977944],[126.83398249819705,37.50335576750422],[126.83206134800702,37.504618839354585],[126.831649083586,37.50508217003076],[126.83061517879011,37.506313243161735],[126.83066027679432,37.50687111594573],[126.83068675826384,37.50691404134871],[126.8310175280296,37.50782866852609],[126.8310135727904,37.507976968579406],[126.83064850107388,37.50816736189209],[126.82815509947613,37.5087746844799],[126.82774032361363,37.508735369223785],[126.8269905082076,37.508526439891],[126.82688122067458,37.50851561477434],[126.82646025294669,37.508750097709104],[126.82627359242916,37.50876811112662],[126.82418922390934,37.50821990655502],[126.8231149157323,37.50793333995904],[126.82222289243212,37.50768732395815],[126.81963994069616,37.49921047073038],[126.81891244804112,37.498748867609436],[126.81651457954669,37.497777690390365],[126.81622203418442,37.49767924825992],[126.81609666466271,37.49764385928255],[126.81577225678541,37.49764419622035],[126.81410528978142,37.49784990761084],[126.81364538587799,37.49704435512701],[126.8132473641712,37.49673344481671],[126.81301232084375,37.49640025868296],[126.81438948432023,37.49355712906329],[126.81457485705701,37.493192935047446],[126.8232678918209,37.487907644084586],[126.81899730200118,37.47916199578153],[126.81641141870855,37.47753674845272],[126.81496487064867,37.475860118520025],[126.81472979718343,37.47505730607246],[126.81465604900723,37.47476019057891],[126.8176685518762,37.47323840007966],[126.818321336153,37.4752987528633],[126.81942337103494,37.47632759962935],[126.82787204405314,37.47598920636289],[126.82920434415361,37.47619529560501],[126.82962156686561,37.47689529721459],[126.83045751578597,37.477339135515365],[126.83080142656493,37.477423822772096],[126.8317480945732,37.477650995002406],[126.83207896887878,37.47756783939341],[126.83305167525448,37.477246092146046],[126.87455644404149,37.48536674953535],[126.8989903894251,37.47914914974293],[126.89899045943952,37.47914944574413],[126.89899073096919,37.479150564807846],[126.89900894949567,37.47922031614062],[126.89902818893003,37.47928998072432],[126.89904866789485,37.47935937579363],[126.8991171266082,37.47956612387051],[126.89919587481914,37.47977044909948],[126.89922438515991,37.479838049811285],[126.89925402946437,37.47990529033052],[126.89928491630967,37.47997217120839],[126.89931682102764,37.48003878324012],[126.89938391248172,37.48017092791053],[126.89941920779766,37.4802364610993],[126.89946197961984,37.48031269713174],[126.8996194819209,37.48056983621911],[126.89965339711085,37.48062103075081],[126.8996961604144,37.48068368500978],[126.8997400568492,37.48074580419578],[126.89978485729245,37.480807470068385],[126.8998307901639,37.48086868919505],[126.90006396215506,37.48117333676037],[126.90319677975282,37.48500151353549],[126.90315040383786,37.48500243570062],[126.90275897997384,37.48501564278649],[126.9001547786323,37.485908211218174],[126.89814417303063,37.486935105499384],[126.8964105283384,37.48900434317227],[126.89234045851272,37.50908856295708],[126.87913514309011,37.51785775731338]]]},"properties":{"name":"구로구","code":"11170"}},
{"type":"Feature","geometry":{"type":"Polygon","coordinates":[[[126.8989903894251,37.47914914974293],[126.87455644404149,37.48536674953535],[126.89897791293275,37.438701825428986],[126.89914461646569,37.43866819315659],[126.90186086991396,37.436397524455025],[126.90298757600856,37.434067619816375],[126.90522457655972,37.433997068836675],[126.90582547176508,37.433996151994094],[126.90663449134107,37.433596943039184],[126.90939564103967,37.43386044860753],[126.90967840074123,37.43405973758077],[126.90990399524907,37.434227446042016],[126.91002834721299,37.43432412155058],[126.9113332743897,37.43617134274236],[126.91121640599795,37.43704635987985],[126.91120000006525,37.437187408281744],[126.91120280830195,37.43720121403737],[126.91143164683129,37.43762316803425],[126.91230851381813,37.438579460427064],[126.91318980927927,37.43909539176742],[126.91389137398706,37.439307082345366],[126.91538923780588,37.43966802699629],[126.91866309971482,37.4399826198143],[126.9206989530819,37.441519968072875],[126.92276280843977,37.444041082851676],[126.92325327598556,37.44577274592307],[126.92827965978826,37.44935268419551],[126.92835700547255,37.44989868915034],[126.92839869335639,37.450212484714136],[126.92849373611627,37.450490639709955],[126.9285099943505,37.45054468289928],[126.92845209404018,37.45081133597123],[126.92836601964717,37.451011918073945],[126.92477930676749,37.45284411014339],[126.92330828911196,37.4542242179776],[126.92218690490184,37.456623612477934],[126.91402996602994,37.45790532095747],[126.90978342417567,37.48076530954199],[126.89894342073991,37.478940138534824],[126.8989903894251,37.47914914974293]]]},"properties":{"name":"금천구","code":"11180"}},
{"type":"Feature","geometry":{"type":"Polygon","coordinates":[[[126.94458999713282,37.533785726032306],[126.88046377712031,37.55626953232584],[126.87803260686803,37.553031070642774],[126.87807573471574,37.551699443600995],[126.88066399030672,37.54819623683894],[126.89051393420806,37.531708979948675],[126.89031033084292,37.5311701654817],[126.88973787037311,37.53035772453553],[126.88080150358458,37.527631114203864],[126.87875373580542,37.525354567202],[126.87913514309011,37.51785775731338],[126.89234045851272,37.50908856295708],[126.8964105283384,37.48900434317227],[126.89814417303063,37.486935105499384],[126.9001547786323,37.485908211218174],[126.90275897997384,37.48501564278649],[126.90315040383786,37.48500243570062],[126.90319677975282,37.48500151353549],[126.90319890757814,37.485002766352856],[126.90399809368434,37.485977723467535],[126.90638294045122,37.488896449890944],[126.90950244863859,37.492662531687884],[126.90969560500136,37.49282809169028],[126.90979432711302,37.49294480568925],[126.91023407846862,37.49348277280372],[126.91047220552164,37.49382214711048],[126.9116052949631,37.49561286757502],[126.91195936419417,37.496041842152415],[126.91981522963603,37.4977985567205],[126.92021388004673,37.49833636674738],[126.920886166695,37.50138094499679],[126.92431474421537,37.509862231862165],[126.92697044904294,37.5132168995519],[126.92703586696234,37.51365331034637],[126.92702369326635,37.51387362213737],[126.92683987852695,37.51520169189876],[126.92686652774294,37.515543660974174],[126.9323856920258,37.51557517725443],[126.9386526755327,37.516056065403255],[126.94955994370162,37.51761449208498],[126.94988654989376,37.517519985388724],[126.94988248009479,37.52342494613875],[126.94987682973515,37.527028924355626],[126.94458999713282,37.533785726032306]]]},"properties":{"name":"영등포구","code":"11190"}},
{"type":"Feature","geometry":{"type":"Polygon","coordinates":[[[126.98169584276825,37.47653035810707],[126.98212594765053,37.48540130504212],[126.98265560613129,37.49089146403362],[126.98275300718826,37.49231897337942],[126.98289128257595,37.49576780661851],[126.98291099616524,37.49651498164317],[126.9829126468105,37.496562391013605],[126.98292971774929,37.49699358521137],[126.98302987103962,37.49715307870595],[126.98319567877624,37.49737424562892],[126.98538718873932,37.49985897998422],[126.98039694975964,37.50458969512657],[126.98040672675684,37.50653629054085],[126.96692063502189,37.50987506136601],[126.961909689745,37.5131171185606],[126.95697486260924,37.51512275161415],[126.94988654975661,37.51751998601199],[126.9495599439672,37.51761449278759],[126.93865267586688,37.51605606623208],[126.93238569220705,37.515575177256004],[126.9268665276421,37.515543660867884],[126.92683987863185,37.51520169205578],[126.9270236932039,37.51387362178039],[126.92703586691452,37.5136533109674],[126.9269704493204,37.5132168992538],[126.92431474441743,37.50986223159802],[126.92088616681922,37.50138094479476],[126.92021388053898,37.49833636681388],[126.919815229729,37.49779855727179],[126.91195936439104,37.4960418428354],[126.91160529487539,37.49561286819849],[126.91047220548842,37.49382214726682],[126.91023407900096,37.49348277338363],[126.90979432761102,37.49294480670382],[126.90969560519089,37.49282809231601],[126.90950244899186,37.49266253228539],[126.90638294045304,37.488896450642486],[126.90319890748525,37.485002767205145],[126.90552745186747,37.484912731168265],[126.90609769576211,37.48496058714278],[126.9112744316477,37.48626758958161],[126.91870222720937,37.49013098058161],[126.92415122848264,37.489977943060886],[126.92791345345888,37.495078093656645],[126.96028902519352,37.49374369826425],[126.96479461177299,37.479511535159304],[126.97052259750959,37.47537649370402],[126.97842292777399,37.476650247608056],[126.98169584276825,37.47653035810707]]]},"properties":{"name":"동작구","code":"11200"}},
{"type":"Feature","geometry":{"type":"Polygon","coordinates":[[[126.98169584276825,37.47653035810707],[126.97842292777399,37.476650247608056],[126.97052259750959,37.47537649370402],[126.96479461177299,37.479511535159304],[126.96028902519352,37.49374369826425],[126.92791345345888,37.495078093656645],[126.92415122848264,37.489977943060886],[126.91870222720937,37.49013098058161],[126.9112744316477,37.48626758958161],[126.90609769576211,37.48496058714278],[126.90552745186747,37.484912731168265],[126.90319890748525,37.485002767205145],[126.90319678005878,37.48500151423312],[126.90106618460467,37.48239811459528],[126.90006396248022,37.48117333767728],[126.89983079056225,37.48086868993717],[126.8997848573378,37.480807470887925],[126.89974005714916,37.480745804808],[126.89969616085276,37.48068368558309],[126.89965339760236,37.48062103130679],[126.89961948183357,37.480569836920914],[126.89953222902052,37.48043108609438],[126.89946197997607,37.48031269775482],[126.89945552697625,37.480301545985085],[126.89941920778662,37.48023646192912],[126.89938391255981,37.48017092864749],[126.89931682121193,37.48003878395299],[126.8992849167088,37.479972171991],[126.8992540298825,37.47990529122237],[126.8992243851268,37.479838050364606],[126.8991958747437,37.479770449971234],[126.89916849728134,37.47970267103324],[126.89911712678507,37.47956612468457],[126.89904866785992,37.47935937657316],[126.89902818886813,37.47928998170264],[126.89900894981716,37.47922031696245],[126.89899073109594,37.47915056553451],[126.89899045978666,37.479149446810794],[126.8989903896766,37.479149150476374],[126.89894342120255,37.47894013938378],[126.9097834242041,37.48076531028839],[126.91402996599582,37.45790532151255],[126.92218690494298,37.4566236134471],[126.92330828916606,37.45422421855599],[126.92836601988652,37.45101191912417],[126.92845209440031,37.45081133667522],[126.9285099943979,37.45054468378308],[126.92849373655669,37.450490640600066],[126.9283986946123,37.45021248551224],[126.93035671266796,37.44733422201457],[126.93055407030073,37.445468480484294],[126.93786405761941,37.44019753435152],[126.93857452563437,37.436420428996726],[126.94022016129315,37.435712371688936],[126.94509063737182,37.43708822147991],[126.94567627248503,37.43730530002872],[126.94815539543096,37.43863037512576],[126.94928411079705,37.43825027352572],[126.95636819830904,37.43875401179986],[126.9629835316899,37.440299608996824],[126.9638033058933,37.44078692617933],[126.96463404091546,37.44203964674453],[126.96428976906869,37.446267236841074],[126.97457956204858,37.454412875691716],[126.9823892123104,37.45591710288219],[126.98678106957291,37.45740326483425],[126.98863551052985,37.4581658465439],[126.98787320927853,37.45927233831548],[126.98764791337246,37.45975051032815],[126.9875473237678,37.46014844606073],[126.98752471868576,37.460573582544555],[126.98757930610306,37.46090925796617],[126.98763915187412,37.461165493809666],[126.98799530226022,37.4624683060811],[126.98826205524095,37.46344466424537],[126.98830235778898,37.463666803211446],[126.98832990123098,37.463875567823116],[126.9883440096067,37.46399856556942],[126.9881071785259,37.46520401960714],[126.9880436648916,37.46551455222996],[126.9879346900128,37.465939039660725],[126.98730279678522,37.467614445490455],[126.98321408265666,37.47157499059005],[126.98217244547195,37.473718915275256],[126.98169584276825,37.47653035810707]]]},"properties":{"name":"관악구","code":"11210"}},
{"type":"Feature","geometry":{"type":"Polygon","coordinates":[[[127.09522278273491,37.456394227058304],[127.00857748177432,37.52559552160008],[126.98554764158752,37.506543091737434],[126.9838236839766,37.50652050292752],[126.98316517932905,37.50651989675191],[126.9824128451054,37.5065330117685],[126.98040672662873,37.5065362897333],[126.98039694826355,37.50458969513248],[126.98538718867434,37.49985897995155],[126.98319567888943,37.497374245877815],[126.98302987114437,37.49715307808954],[126.9829297178023,37.49699358440726],[126.98291264674427,37.49656239036301],[126.98291099614755,37.49651498164328],[126.98289128140325,37.495767806853856],[126.98275300671754,37.492318972753445],[126.98265560624678,37.49089146346127],[126.98212594664638,37.485401304250075],[126.9820812435695,37.48457569300055],[126.98169584269972,37.4765303574679],[126.9818486467481,37.47507516607768],[126.98217244523578,37.47371891428589],[126.98321408240767,37.47157499001875],[126.9873027968354,37.46761444460622],[126.9879346895121,37.465939039071614],[126.988043664412,37.46551455130117],[126.98810717824651,37.465204018630814],[126.9883440095508,37.463998565017455],[126.9883299009203,37.463875567063184],[126.98830235729866,37.46366680304664],[126.98826205473303,37.46344466342473],[126.98799530212453,37.46246830541171],[126.98763915184402,37.46116549368384],[126.98757930613078,37.460909256972684],[126.98752471816361,37.460573581545155],[126.98754732376791,37.46014844523348],[126.98764791311562,37.45975050944786],[126.98787320886804,37.45927233746269],[126.98796614223528,37.4591344764225],[126.98863550906393,37.45816584549993],[127.03314058887757,37.465017388744734],[127.04736923910885,37.43070182006726],[127.09522278273491,37.456394227058304]]]},"properties":{"name":"서초구","code":"11220"}},
{"type":"Feature","geometry":{"type":"Polygon","coordinates":[[[127.06747910492537,37.52458218650356],[127.05622154261032,37.52833096963777],[127.0174399502128,37.5340035161648],[127.00857748177432,37.52559552160008],[127.09522278273491,37.456394227058304],[127.12420688080829,37.466520485914515],[127.06747910492537,37.52458218650356]]]},"properties":{"name":"강남구","code":"11230"}},
{"type":"Feature","geometry":{"type":"Polygon","coordinates":[[[127.14509193596389,37.51683494815689],[127.10923971636981,37.54316689400482],[127.06747910492537,37.52458218650356],[127.12420688080829,37.466520485914515],[127.14352658918455,37.4739304181604],[127.14509193596389,37.51683494815689]]]},"properties":{"name":"송파구","code":"11240"}},
{"type":"Feature","geometry":{"type":"Polygon","coordinates":[[[127.14509193596389,37.51683494815689],[127.18353917115842,37.545170394594436],[127.16864750782337,37.578997477585695],[127.11522556154925,37.55676018797063],[127.10923971636981,37.54316689400482],[127.14509193596389,37.51683494815689]]]},"properties":{"name":"강동구","code":"11250"}},
{"type":"Feature","geometry":{"type":"Polygon","coordinates":[[[129.04403118839494,35.10760821529249],[129.0274469743671,35.11554096851008],[129.0263873980368,35.0956863343742],[129.04403118839494,35.10760821529249]]]},"properties":{"name":"중구","code":"21010"}},
{"type":"Feature","geometry":{"type":"Polygon","coordinates":[[[129.012175439351,35.13747852045716],[128.99603250254972,35.140408433136045],[129.0043270270897,35.13641453744744],[129.00356146919708,35.126456028874486],[129.00302838135795,35.1254605478796],[129.00128995600915,35.12471630506958],[129.00001015995383,35.12369903920564],[128.9997497092709,35.123265085109104],[128.9987885675272,35.11980116478234],[129.00213802436548,35.11801773546395],[129.0027210869281,35.117253498934886],[129.0020036431113,35.114256836652494],[129.0039059121909,35.113118700091306],[129.00354719773352,35.111255339012864],[129.01048346336725,35.105694106762954],[129.0099780828552,35.10482057795279],[129.00759048314404,35.10185476856511],[129.0072401572492,35.09952287502511],[129.01420878244684,35.09374356711471],[129.0143148054351,35.09296777778961],[129.01432539748305,35.09266484632102],[129.0143667009245,35.09102952232129],[129.0121997605421,35.08465273370584],[129.0111741404244,35.07678730094489],[129.00445812556774,35.078442950586926],[129.0105823590983,35.05168773394562],[129.0263873980368,35.0956863343742],[129.0274469743671,35.11554096851008],[129.0256298752744,35.13566136863909],[129.012175439351,35.13747852045716]]]},"properties":{"name":"서구","code":"21020"}},
{"type":"Feature","geometry":{"type":"Polygon","coordinates":[[[129.06453895434984,35.14141544653235],[129.0256298752744,35.13566136863909],[129.0274469743671,35.11554096851008],[129.04403118839494,35.10760821529249],[129.0655388604693,35.128999338594134],[129.06453895434984,35.14141544653235]]]},"properties":{"name":"동구","code":"21030"}},
{"type":"Feature","geometry":{"type":"Polygon","coordinates":[[[129.06208793694793,35.10126086793399],[129.0344030773629,35.08501873941501],[129.08761582119277,35.04942103621062],[129.09600390430836,35.08036215396937],[129.06208793694793,35.10126086793399]]]},"properties":{"name":"영도구","code":"21040"}},
{"type":"Feature","geometry":{"type":"Polygon","coordinates":[[[129.04412628880343,35.199441539629994],[129.02106842180388,35.18747005025407],[129.012175439351,35.13747852045716],[129.0256298752744,35.13566136863909],[129.06453895434984,35.14141544653235],[129.082843975006,35.15817410656061],[129.04824406707525,35.194520630308126],[129.04412628880343,35.199441539629994]]]},"properties":{"name":"부산진구","code":"21050"}},
{"type":"Feature","geometry":{"type":"Polygon","coordinates":[[[129.11024110559762,35.21014873728296],[129.0617742489319,35.22584578056664],[129.04412628880343,35.199441539629994],[129.04824406707525,35.194520630308126],[129.11509271480207,35.18365382269481],[129.11553634671466,35.18602055869437],[129.11024110559762,35.21014873728296]]]},"properties":{"name":"동래구","code":"21060"}},
{"type":"Feature","geometry":{"type":"Polygon","coordinates":[[[129.09541661987942,35.161313224197826],[129.082843975006,35.15817410656061],[129.06453895434984,35.14141544653235],[129.0655388604693,35.128999338594134],[129.10945072394188,35.09153932659849],[129.11196982817447,35.13631795029975],[129.09541661987942,35.161313224197826]]]},"properties":{"name":"남구","code":"21070"}},
{"type":"Feature","geometry":{"type":"Polygon","coordinates":[[[129.04749852558336,35.274213578007384],[129.01348433093813,35.273758610808834],[129.01309610547727,35.266530930631156],[128.99676044371517,35.23608057478593],[128.99755740673814,35.23447674800934],[128.99822438971628,35.23291415258814],[128.9974533828061,35.2263978960121],[128.99690592599896,35.22257939756736],[128.995491859954,35.21334608843315],[128.99547784839734,35.21327026675456],[128.99545523387778,35.21314791655286],[128.99541086858085,35.21290944639189],[128.99535957610732,35.212694471145525],[128.99461798624284,35.21022172956481],[128.9945649308671,35.210044846960486],[128.99387622802908,35.208107774125345],[128.99317362148884,35.206747719671505],[128.99222703559738,35.20563338705708],[128.99118997679798,35.20441575268554],[128.9877367898626,35.20146090751936],[129.02106842180388,35.18747005025407],[129.04412628880343,35.199441539629994],[129.0617742489319,35.22584578056664],[129.04749852558336,35.274213578007384]]]},"properties":{"name":"북구","code":"21080"}},
{"type":"Feature","geometry":{"type":"Polygon","coordinates":[[[129.20841909183073,35.181980958811025],[129.14459910555922,35.25094152790748],[129.11024110559762,35.21014873728296],[129.11553634671466,35.18602055869437],[129.1309322491637,35.161273923405076],[129.18141961147202,35.15475087939243],[129.20841909183073,35.181980958811025]]]},"properties":{"name":"해운대구","code":"21090"}},
{"type":"Feature","geometry":{"type":"Polygon","coordinates":[[[128.93526411673008,35.10995047469357],[128.96554676771478,35.03246522110342],[128.97278464339087,35.05687674938201],[129.00697988453092,35.048947351784086],[128.99263380864357,35.080146456700696],[129.00310670158456,35.086212930075874],[129.01117414032592,35.07678730112116],[129.01219976049535,35.084652733840954],[129.01436670080332,35.09102952213773],[129.01432539747984,35.092664846320005],[129.0143148054728,35.09296777779954],[129.0142087825353,35.09374356702979],[129.0111682669869,35.09751167044363],[129.0072401574463,35.099522875136074],[129.00759048331994,35.10185476822464],[129.00997808305723,35.1048205780989],[129.01048346331643,35.10569410673699],[129.00354719766162,35.11125533877144],[129.00390591345797,35.113118700175775],[129.00200364434673,35.114256836590336],[129.0027210883704,35.117253499048026],[129.00213802438824,35.1180177351835],[128.99878856777005,35.11980116452557],[128.99974971070728,35.12326508500926],[128.99681475350903,35.12362742761729],[128.99117621375842,35.12441716866718],[128.9899482055274,35.12459500575898],[128.98948901689153,35.124609147485444],[128.98825389844964,35.12447041794786],[128.98695065359027,35.12421979024254],[128.98220386391682,35.1203022031542],[128.98159559205052,35.11967118954723],[128.98046912110274,35.11739857854521],[128.98006699188102,35.11710702522135],[128.97700916865347,35.11690487565479],[128.97588499858938,35.11705399472317],[128.97254293665287,35.11871887559457],[128.96706255392073,35.120810991768636],[128.96369245357704,35.121928866292706],[128.96059140353543,35.120105253219144],[128.9594416699761,35.117709981679745],[128.95840479630397,35.11860925707462],[128.95819289104978,35.11887085684556],[128.95746211143563,35.12430240878756],[128.96223130723075,35.13561398008227],[128.96223072238192,35.136832553532685],[128.95964040476548,35.13664509266571],[128.95941102209616,35.136628495971536],[128.9567453853774,35.13510640967048],[128.95307794264608,35.13127502042022],[128.94778324866908,35.122697253975176],[128.93486839623966,35.11190255510364],[128.93526411673008,35.10995047469357]]]},"properties":{"name":"사하구","code":"21100"}},
{"type":"Feature","geometry":{"type":"Polygon","coordinates":[[[129.14459910555922,35.25094152790748],[129.1085619758818,35.3045806390771],[129.04749852558336,35.274213578007384],[129.0617742489319,35.22584578056664],[129.11024110559762,35.21014873728296],[129.14459910555922,35.25094152790748]]]},"properties":{"name":"금정구","code":"21110"}},
{"type":"Feature","geometry":{"type":"MultiPolygon","coordinates":[[[[128.81151488474504,35.07758486154483],[128.83239006891765,35.071316365572656],[128.79094648090947,35.053419222553394],[128.8278703066436,34.988643011213306],[128.85119850511134,35.04204393813233],[128.82869933734955,35.08996962948658],[128.81151488474504,35.07758486154483]]],[[[128.82068705535576,35.097022951296395],[128.8841039726545,35.07931206677314],[128.89762749685428,35.120289816109505],[128.91116611187076,35.0789256869242],[128.93526411673008,35.10995047469357],[128.93486839623966,35.11190255510364],[128.94778324866908,35.122697253975176],[128.95307794264608,35.13127502042022],[128.9567453853774,35.13510640967048],[128.95941102209616,35.136628495971536],[128.95964040476548,35.13664509266571],[128.96005480657786,35.14006959935678],[128.96003791154953,35.1456301226535],[128.96024400862566,35.14931301010766],[128.96043714391323,35.15084180255722],[128.9606399404053,35.152950649175274],[128.96063796049998,35.153817463697486],[128.96075796638405,35.15475649094721],[128.96221903616782,35.16119450679039],[128.96288534406088,35.16438438862123],[128.96329104516172,35.18364154296539],[128.9663203294949,35.18789953243164],[128.97026134776598,35.19051782604189],[128.97471291575252,35.19235553707379],[128.97546045786265,35.19266411354507],[128.97706959840906,35.19332832826902],[128.98010037098175,35.19542800897227],[128.98188178243842,35.19666218504742],[128.99118997671943,35.20441575278671],[128.99222703556973,35.205633387011446],[128.993173621629,35.20674771947589],[128.9938762280586,35.20810777427272],[128.99456493088078,35.210044847121274],[128.994617986512,35.210221729380805],[128.99535957616038,35.212694470938644],[128.99541086861015,35.21290944635086],[128.99545523388124,35.213147916447866],[128.9954778489279,35.213270266609584],[128.9954918598604,35.21334608859349],[128.99690592588934,35.22257939726477],[128.99745338284433,35.22639789610478],[128.99822438991217,35.232914152500136],[128.99755740784406,35.234476748565136],[128.99676044397003,35.23608057493052],[128.99602495255868,35.23535691827432],[128.99429202354486,35.23404133631656],[128.98970124548322,35.2316762647403],[128.9735779241941,35.2273607839288],[128.94067628580703,35.22752061641107],[128.92012804021874,35.216422658627856],[128.91250327365134,35.222515137501134],[128.91026901467256,35.22289942909791],[128.90954164312373,35.220596913948434],[128.90916699448164,35.220560936183766],[128.90873176468995,35.22172427656977],[128.90931390043934,35.22294374615456],[128.9050182578676,35.22007305121041],[128.90577385624425,35.21932022539449],[128.90662811880082,35.21847276643157],[128.9074984483166,35.217609424960116],[128.9083578988772,35.21676497756344],[128.90466799238618,35.215301326682834],[128.89681669498933,35.213198193967266],[128.8890845045023,35.21479921230176],[128.8876340082027,35.21432051685632],[128.8865839384384,35.214473635688606],[128.8864011337739,35.21447788782794],[128.884137686041,35.213274690145354],[128.88407632143418,35.2121774758037],[128.8840156370763,35.21212054144147],[128.88161796050477,35.21038923763304],[128.88148642813584,35.21034003119469],[128.8802590364723,35.21001297976115],[128.87898763102575,35.20999454942918],[128.8703548119088,35.20155871641412],[128.87619370544104,35.19263060964343],[128.87605963405068,35.188094365511155],[128.88075603993525,35.183570821591424],[128.8814171520783,35.18281581196945],[128.88158563751603,35.18253580438395],[128.88168089053008,35.182203560232864],[128.88169972442418,35.18199476458489],[128.8816687016284,35.18167176068101],[128.88067549489136,35.18090724073299],[128.88027117959118,35.18030083953182],[128.88004438038095,35.17886668960494],[128.88114667990882,35.17184523680319],[128.880590993791,35.17149972771644],[128.87347883416416,35.17413785684318],[128.87270166185303,35.17285229280892],[128.87235365780296,35.17227428971299],[128.87472954176394,35.170811992311776],[128.87478256987404,35.17079145920993],[128.87577172401683,35.17050860937264],[128.87670538325645,35.167674557907226],[128.87700655796058,35.16500434761964],[128.8788711299668,35.16239171663588],[128.8797845001315,35.161785730610454],[128.87997169536243,35.161858440542055],[128.8813917873687,35.16133680802732],[128.88135378146393,35.15989437008601],[128.88083469334245,35.15946618911785],[128.87556984230582,35.15939513430878],[128.8748627998926,35.15893407652723],[128.87441547423978,35.15856868674251],[128.8746945507556,35.15360077267488],[128.87470088320435,35.15359307127303],[128.8747212451754,35.15356867650404],[128.87571730780363,35.15238509853426],[128.87630779578356,35.15168359076448],[128.8753107903122,35.15116562778938],[128.87423554118695,35.15077911358169],[128.87296103642862,35.15057013226503],[128.87166285705874,35.15046485732098],[128.87105016491353,35.15118668232757],[128.868509788725,35.15420726610438],[128.8651824847698,35.15818588117998],[128.8720964179043,35.16261680047694],[128.86738636626856,35.16771486405412],[128.86637991300532,35.167600680552205],[128.86575833777434,35.167429586238086],[128.86511273323208,35.16740826628644],[128.85974323593229,35.16817075092226],[128.8462886422738,35.16468788802022],[128.84293309350002,35.157988705249416],[128.82752650490397,35.15558862757369],[128.79366578225938,35.15716242865872],[128.8429622016515,35.11315835848623],[128.82068705535576,35.097022951296395]]]]},"properties":{"name":"강서구","code":"21120"}},
{"type":"Feature","geometry":{"type":"Polygon","coordinates":[[[129.11509271480207,35.18365382269481],[129.04824406707525,35.194520630308126],[129.082843975006,35.15817410656061],[129.09541661987942,35.161313224197826],[129.11509271480207,35.18365382269481]]]},"properties":{"name":"연제구","code":"21130"}},
{"type":"Feature","geometry":{"type":"Polygon","coordinates":[[[129.11553634671466,35.18602055869437],[129.11509271480207,35.18365382269481],[129.09541661987942,35.161313224197826],[129.11196982817447,35.13631795029975],[129.1309322491637,35.161273923405076],[129.11553634671466,35.18602055869437]]]},"properties":{"name":"수영구","code":"21140"}},
{"type":"Feature","geometry":{"type":"Polygon","coordinates":[[[129.02106842180388,35.18747005025407],[128.9877367898626,35.20146090751936],[128.98188178235003,35.19666218443411],[128.98010037096168,35.19542800822341],[128.97706959728228,35.19332832764724],[128.97026134788481,35.190517825971064],[128.96632032942975,35.18789953256644],[128.96361801947728,35.1845099004597],[128.9632910440268,35.18364154301187],[128.96314656238727,35.17678447241584],[128.96299465215805,35.16957360010579],[128.9628853439671,35.164384387875884],[128.96221903494012,35.161194506668025],[128.96075796505215,35.154756490929095],[128.96063796048819,35.15381746279883],[128.96063994043436,35.152950648644165],[128.96043714389535,35.150841802518876],[128.9602440072831,35.14931300936768],[128.96003791028411,35.145630122627544],[128.960054805285,35.140069599229896],[128.95964040350185,35.1366450916518],[128.96223072096168,35.136832552933654],[128.96223130560986,35.135613979528806],[128.95799205860564,35.12630678329173],[128.95746211021154,35.124302407754676],[128.95758323943718,35.12209379478701],[128.95819288944165,35.11887085596699],[128.95840479492583,35.11860925605152],[128.95944166897786,35.11770998062831],[128.95997382279666,35.1190965933037],[128.96059140192955,35.12010525228598],[128.96369245203124,35.12192886572865],[128.9670625524134,35.12081099120065],[128.97254293516514,35.11871887486264],[128.97588499856124,35.11705399405628],[128.97700916761278,35.11690487552765],[128.9800669919544,35.11710702448101],[128.98046911991975,35.117398578491155],[128.98159559068776,35.11967118939062],[128.9822038625003,35.12030220263461],[128.98695065213934,35.12421978960368],[128.98780385399496,35.124307979174205],[128.9882538984392,35.12447041784691],[128.9894890166632,35.12460914771911],[128.9899482053616,35.124595005836916],[128.99117621377405,35.124417168996466],[128.99681475202095,35.12362742764553],[128.9997497092709,35.123265085109104],[129.00001015995383,35.12369903920564],[129.00128995600915,35.12471630506958],[129.00302838135795,35.1254605478796],[129.00356146919708,35.126456028874486],[129.0043270270897,35.13641453744744],[128.99603250254972,35.140408433136045],[129.012175439351,35.13747852045716],[129.02106842180388,35.18747005025407]]]},"properties":{"name":"사상구","code":"21150"}},
{"type":"Feature","geometry":{"type":"Polygon","coordinates":[[[129.30482876423042,35.32988602267439],[129.26552213236982,35.38714429032406],[129.2011698914996,35.38778167625433],[129.17815381988035,35.35176455930556],[129.1181762913122,35.369034608345295],[129.1085619758818,35.3045806390771],[129.14459910555922,35.25094152790748],[129.20841909183073,35.181980958811025],[129.26197986407774,35.315444418690326],[129.30482876423042,35.32988602267439]]]},"properties":{"name":"기장군","code":"21310"}},
{"type":"Feature","geometry":{"type":"Polygon","coordinates":[[[128.61061715713134,35.87497074709717],[128.57999719367967,35.87913241285244],[128.57549336233487,35.87386025605526],[128.57961105284159,35.87033118696766],[128.57377272413268,35.86537486889014],[128.5738263517408,35.86486192756617],[128.57390030057138,35.864369830814425],[128.57417456826062,35.8626161917676],[128.5741765603408,35.86260146943061],[128.57445399641307,35.86006670652148],[128.5828563265427,35.85633673415873],[128.6083101534029,35.85490598347682],[128.61466446587042,35.86813553469617],[128.61061715713134,35.87497074709717]]]},"properties":{"name":"중구","code":"22010"}},
{"type":"Feature","geometry":{"type":"Polygon","coordinates":[[[128.73470067881007,35.99307570308921],[128.69559642916082,36.0161651229718],[128.64071050295485,36.01053053757136],[128.6033780542052,35.98782278325509],[128.63260148954404,35.916748994036794],[128.61061715713134,35.87497074709717],[128.61466446587042,35.86813553469617],[128.7255975010363,35.85772683909847],[128.76070143649108,35.8738684567354],[128.73470067881007,35.99307570308921]]]},"properties":{"name":"동구","code":"22020"}},
{"type":"Feature","geometry":{"type":"Polygon","coordinates":[[[128.57999719367967,35.87913241285244],[128.52636337149616,35.88834017701364],[128.52578376914957,35.88711223599256],[128.52480863718594,35.886432775900595],[128.51765024185553,35.88466180867455],[128.51661664337922,35.88380796792927],[128.51634665437,35.88307331552124],[128.52115249367878,35.872653913287884],[128.52019773805188,35.87096072919824],[128.51913193188344,35.86941851624579],[128.5275956540544,35.861644394462004],[128.54809095334195,35.85430405978787],[128.55849912490575,35.85822382028397],[128.56676731928152,35.86071500662021],[128.56780894636833,35.86093524990597],[128.5741765603408,35.86260146943061],[128.57417456826062,35.8626161917676],[128.57390030057138,35.864369830814425],[128.5738263517408,35.86486192756617],[128.57377272413268,35.86537486889014],[128.57961105284159,35.87033118696766],[128.57549336233487,35.87386025605526],[128.57999719367967,35.87913241285244]]]},"properties":{"name":"서구","code":"22030"}},
{"type":"Feature","geometry":{"type":"Polygon","coordinates":[[[128.57445399641307,35.86006670652148],[128.5736070641661,35.85121581139347],[128.57337835502105,35.850963986293586],[128.56509692452255,35.845914524267236],[128.56210393532427,35.84354167132446],[128.55549996979755,35.834410973357656],[128.5631162618498,35.82432689176978],[128.5634308472491,35.824212490480285],[128.56729758026913,35.82348556063955],[128.5686125833679,35.82493170169559],[128.56936274354936,35.824300430909105],[128.57098972228832,35.82202874434936],[128.57108578510378,35.82065358358892],[128.57077712757953,35.81940756990576],[128.5838269481434,35.807355494714926],[128.58417470977548,35.80719302296932],[128.58780226450102,35.80766842706694],[128.59148516892856,35.80927022589589],[128.59231708021227,35.81126525267796],[128.59429828909663,35.81309044891702],[128.60067797522106,35.815697738574265],[128.60765649065425,35.82710264592713],[128.6083101534029,35.85490598347682],[128.5828563265427,35.85633673415873],[128.57445399641307,35.86006670652148]]]},"properties":{"name":"남구","code":"22040"}},
{"type":"Feature","geometry":{"type":"Polygon","coordinates":[[[128.61061715713134,35.87497074709717],[128.63260148954404,35.916748994036794],[128.6033780542052,35.98782278325509],[128.5533308142069,35.960780376734704],[128.52878919714777,35.9803818399632],[128.5048254820693,35.891448050861264],[128.50695867065104,35.8929340374805],[128.5077496335027,35.893233122161334],[128.51328547457192,35.893239862836936],[128.51913552737122,35.891632191299],[128.52435922510762,35.88916661251322],[128.5260183227783,35.8884497733165],[128.52636337149616,35.88834017701364],[128.57999719367967,35.87913241285244],[128.61061715713134,35.87497074709717]]]},"properties":{"name":"북구","code":"22050"}},
{"type":"Feature","geometry":{"type":"Polygon","coordinates":[[[128.7255975010363,35.85772683909847],[128.61466446587042,35.86813553469617],[128.6083101534029,35.85490598347682],[128.60765649065425,35.82710264592713],[128.60067797522106,35.815697738574265],[128.59429828909663,35.81309044891702],[128.59231708021227,35.81126525267796],[128.59148516892856,35.80927022589589],[128.59755702153495,35.80598674413522],[128.61638792554487,35.80358154241664],[128.62308620743164,35.8058642907062],[128.62914093291798,35.80254372399977],[128.63452421806616,35.803691037115286],[128.6427060868236,35.80212096558261],[128.64471231596897,35.802225395722516],[128.64662870890402,35.80247640732298],[128.6495472779476,35.802936869764835],[128.65129714107027,35.80282566120518],[128.65190005328606,35.800611661277244],[128.65251413915752,35.79981970523111],[128.653491734971,35.79925771032743],[128.65667788036106,35.798583453419354],[128.66252785009974,35.798392191923185],[128.67490364332016,35.79516588069844],[128.67660902322478,35.79379293607941],[128.6786583790532,35.79303612493545],[128.68134865229212,35.79081330119822],[128.68250196725634,35.79013130012755],[128.69330672945782,35.796788321942785],[128.69980854824666,35.7950490506581],[128.71752061383356,35.80684707701617],[128.7255975010363,35.85772683909847]]]},"properties":{"name":"수성구","code":"22060"}},
{"type":"Feature","geometry":{"type":"Polygon","coordinates":[[[128.48271590647235,35.815517109240766],[128.55447429870756,35.772942351811515],[128.56522520510939,35.77456711720029],[128.5669548483745,35.79501885626842],[128.58523491870443,35.79894613106457],[128.5864300821174,35.800940210628696],[128.5854872362214,35.80288326475328],[128.58663795359527,35.80502309551856],[128.58780226445015,35.80766842777071],[128.5838269494342,35.807355494812285],[128.5833552431687,35.80917222356051],[128.58164087787608,35.81202758082673],[128.5793479959635,35.812022844795194],[128.57572192050498,35.81626335938577],[128.57077712755583,35.819407570471924],[128.57108578524833,35.82065358364468],[128.5709897224119,35.82202874428998],[128.56936274365074,35.82430043153578],[128.56861258329073,35.824931701499764],[128.56729758033674,35.82348556076467],[128.56343084713097,35.82421249054013],[128.5631162618093,35.82432689156834],[128.555499969757,35.83441097339482],[128.56210393537847,35.84354167206249],[128.56509692446397,35.845914524897964],[128.57337835554205,35.850963987317094],[128.57360706550847,35.851215812133184],[128.5744539966137,35.860066707200076],[128.5743671981555,35.86118035580363],[128.57417656023682,35.862601470298586],[128.56780894742192,35.8609352508024],[128.56676732041714,35.86071500766647],[128.55849912624365,35.85822382093762],[128.5480909532937,35.85430406080325],[128.52759565416304,35.86164439508161],[128.52739012910783,35.864861399169435],[128.52482102235354,35.86711823907504],[128.52190756631137,35.86733775294042],[128.51913193177057,35.86941851731278],[128.5094414577004,35.869567757677544],[128.50056642385888,35.86344065574265],[128.48174773788102,35.86828024778593],[128.46888138945934,35.83959529091963],[128.4810830377874,35.83013312808022],[128.4824594975301,35.82600300000635],[128.482783162992,35.82434735253195],[128.4829650014017,35.82300520339208],[128.48306896076616,35.821138807607255],[128.48305892606786,35.82050544169562],[128.48295230651252,35.818005752514004],[128.48293021803912,35.8177728117497],[128.48275579562602,35.81593674637132],[128.48271590647235,35.815517109240766]]]},"properties":{"name":"달서구","code":"22070"}},
{"type":"Feature","geometry":{"type":"MultiPolygon","coordinates":[[[[128.58780226445015,35.80766842777071],[128.58663795359527,35.80502309551856],[128.5854872362214,35.80288326475328],[128.5864300821174,35.800940210628696],[128.58523491870443,35.79894613106457],[128.5669548483745,35.79501885626842],[128.56522520510939,35.77456711720029],[128.55447429870756,35.772942351811515],[128.48271590647235,35.815517109240766],[128.48269917652223,35.81552413388347],[128.48153705319166,35.81601215239517],[128.48099947147443,35.81547075657367],[128.48095889650918,35.81542988928915],[128.47983749225412,35.81429988004095],[128.4778983008688,35.81234627554536],[128.47279334135817,35.80898206527544],[128.473683127992,35.80713968770033],[128.47227520027252,35.80653161541556],[128.47197860956857,35.80641878094884],[128.4710087594729,35.80605963999435],[128.4704331552507,35.80592233610931],[128.44102906377432,35.8060167211193],[128.44093071441998,35.806040903329865],[128.4409386666927,35.807762316076484],[128.44094548315252,35.809294181088255],[128.42105550618984,35.809353916660726],[128.4208295159648,35.80935457330406],[128.42082850873368,35.80910857579789],[128.42081603871344,35.806304135925124],[128.40811916953882,35.79920836948901],[128.38346927250018,35.760086848407774],[128.4321466283698,35.7048945449729],[128.4122017567995,35.69584189949824],[128.39706277779072,35.70022325740773],[128.39202839757516,35.70094034983369],[128.38272126285912,35.701515087780976],[128.3806269196507,35.701950349929696],[128.3588782987735,35.70870122966651],[128.35790080943372,35.70853944981402],[128.35534337669304,35.70733319277328],[128.35179674711554,35.70401563814321],[128.35154836850475,35.6974577943062],[128.35329814537033,35.69092249611366],[128.3571864251308,35.68219523283232],[128.36231941909085,35.675574266808255],[128.39281730737738,35.6529916295216],[128.3979116004844,35.64880922288108],[128.4000366286238,35.645554882797505],[128.40146041354697,35.639015230255005],[128.40195430523494,35.6357430512689],[128.40125141588112,35.63272869613213],[128.38837581578707,35.61792828657501],[128.37341352835952,35.612486217304486],[128.37234697704275,35.61152904968691],[128.37174762478122,35.61088094214918],[128.3711482848669,35.61023282535148],[128.37124639143622,35.609590651689416],[128.37136311622228,35.609414470073766],[128.3727388842688,35.60844908653905],[128.37782400972569,35.60681657721736],[128.3823989236911,35.60653989893914],[128.38242123903757,35.606557029935374],[128.3839486737811,35.60959846212273],[128.38440678963346,35.609908863384604],[128.38442606961058,35.609914890773574],[128.38492583102962,35.61007110721417],[128.38775183466836,35.610151307037206],[128.39012895406353,35.612381155316115],[128.39519472870703,35.61451010569283],[128.3957749417665,35.61413420273456],[128.396449521366,35.61477590818688],[128.39929245057812,35.61591912456467],[128.40292517524426,35.61730504592678],[128.4034934394196,35.61741117914495],[128.40412516890905,35.617066567156776],[128.40487901682403,35.61632434701216],[128.40685560549272,35.61451245006829],[128.41299870804718,35.61655807423009],[128.41527810710087,35.61890423370739],[128.4157545671375,35.619986299298105],[128.41866941486109,35.6211117803834],[128.42074102955755,35.622375874608245],[128.42150527893307,35.62364468686005],[128.4219031397615,35.62420892167472],[128.42225891054505,35.6246271721279],[128.42250022184479,35.62487874077877],[128.42294426154174,35.62517486836441],[128.42310685347672,35.6252020555108],[128.42468187875812,35.6254122024352],[128.42521476802813,35.625243854925984],[128.42577705676192,35.6249003737786],[128.42848827228832,35.623101047920564],[128.43217442444893,35.624009780515124],[128.4464760181544,35.63841360844482],[128.47069078259528,35.6366153376179],[128.47435663520207,35.63858453231721],[128.47564838672454,35.63973672083517],[128.47618743328053,35.64020682173625],[128.47648316590255,35.6403239791951],[128.47725629437417,35.64051754944565],[128.47849424476817,35.64052835647778],[128.47945994448398,35.64022755351796],[128.48011725076566,35.63972181357396],[128.4805494801581,35.638953592986894],[128.4806922769769,35.63713967229568],[128.48134003365163,35.63526570031265],[128.48190261373307,35.635092190358904],[128.4821699188532,35.6350165805129],[128.4827090857286,35.6349905226578],[128.49569360791492,35.63903648531478],[128.49962523076036,35.63903368642768],[128.50217844641327,35.6387656225679],[128.50274620787968,35.638737619616414],[128.50379826480915,35.638782562942055],[128.50484720186577,35.638976620098354],[128.50571026774813,35.63927220391941],[128.50623621233183,35.63955696979023],[128.50726643217666,35.64044814213077],[128.50885069545885,35.64188574425183],[128.50988549105242,35.64300574515859],[128.51071108641645,35.64569260252355],[128.5075511891288,35.67285771487766],[128.5087715127251,35.67433950302226],[128.5094550606539,35.67471463790208],[128.51480215289024,35.67541667060482],[128.51613063817885,35.6769435237075],[128.51616070876975,35.67719851370551],[128.5181651555458,35.679428037159596],[128.521794540148,35.68090909988398],[128.52469680508477,35.682031735743024],[128.52792537931745,35.68315511543912],[128.52985121643272,35.6830153339775],[128.5317990388664,35.68333411823922],[128.5346936562536,35.69372860621229],[128.53420744519585,35.69481642218336],[128.53186411444517,35.696616250124116],[128.53388666638946,35.703260184099044],[128.52790486747386,35.71274079356848],[128.56098706549383,35.72971367176574],[128.56476718759848,35.7367624887743],[128.56664574829878,35.73694599200538],[128.57172896271751,35.734572895446696],[128.5805159048433,35.73866660196919],[128.58241580673632,35.738333440775136],[128.58960087702363,35.731503762696896],[128.61243466669254,35.738518904838756],[128.613890720938,35.73689026569526],[128.61411679729926,35.73393506063108],[128.61374475010834,35.732433911354],[128.61479842464803,35.730942007138715],[128.6149324645909,35.73031844914243],[128.61454785428404,35.72961709450784],[128.61302185531227,35.72893976423084],[128.61125542072176,35.72734811578592],[128.61010370283367,35.726213010805296],[128.6099138034174,35.72532580371297],[128.6099344756628,35.72487576161886],[128.61692572997953,35.71763531511662],[128.61395121087398,35.71417410147701],[128.6139160565601,35.70984087627347],[128.6197881846472,35.704508632836905],[128.61977671181702,35.70285006020669],[128.6239974730407,35.702296705192076],[128.64621197049226,35.70817378453355],[128.64673172616045,35.70940427516975],[128.64727033852773,35.71149160915371],[128.65345278865658,35.71387770300242],[128.65510197027257,35.71526644393203],[128.65540387494022,35.71595257167208],[128.655626390141,35.716385566921616],[128.6566102430983,35.71785955289266],[128.66023003482147,35.719414829724315],[128.66352370505302,35.720502514107864],[128.66630043203298,35.71926758584841],[128.67067390114153,35.71886243710163],[128.68323970931894,35.721454443732426],[128.6831374870682,35.72557828530491],[128.68588251832094,35.72768410987453],[128.68676511722765,35.728033076192396],[128.68778915910252,35.72853965526449],[128.69015993114613,35.73015906679281],[128.69055579694808,35.73047143293503],[128.69096425387977,35.73088883581245],[128.6911647011387,35.7313435805706],[128.691999714309,35.733263441533595],[128.69194706490669,35.73530078526944],[128.68907895959538,35.73811465445324],[128.68912569796862,35.73977279559209],[128.68928391858395,35.740193554156576],[128.69013125376847,35.740700312362975],[128.69210599678254,35.74228943054947],[128.69365712281757,35.74365342982229],[128.69548563603138,35.75574218388898],[128.69521798656413,35.75687241398695],[128.6948083342162,35.7575240279543],[128.69420054755554,35.758142912679766],[128.69319792569465,35.75888634856193],[128.69257537922343,35.759275267549484],[128.69147287263675,35.76274006795273],[128.69130658638755,35.764291960421765],[128.68939389206278,35.767132127532896],[128.68635016064584,35.76872367459169],[128.6870704729062,35.77549885994832],[128.68645836279347,35.77741896582801],[128.68601647869988,35.77804321672819],[128.68549772828476,35.77804783089295],[128.68492830737003,35.778237750573744],[128.68156236244437,35.78396282208415],[128.68140376034316,35.785864601269516],[128.68250196730435,35.79013130095804],[128.67865837942907,35.79303612558046],[128.67660902348268,35.793792936638425],[128.6749036436986,35.79516588063734],[128.66252785056452,35.79839219207699],[128.65667788067134,35.79858345417336],[128.6534917352944,35.79925771019386],[128.6525141390997,35.79981970519276],[128.6519000532283,35.80061166116756],[128.6512971413808,35.8028256611536],[128.64954727793287,35.80293686971724],[128.64662870938136,35.80247640797241],[128.64471231638316,35.80222539588832],[128.64270608688247,35.802120966145345],[128.6345242180263,35.80369103773091],[128.62914093298468,35.80254372466369],[128.62308620744088,35.805864291360095],[128.61638792556403,35.803581543089805],[128.59755702193996,35.80598674489645],[128.59712438539947,35.80672891654403],[128.5923571310471,35.80900614796286],[128.59148516922303,35.80927022679812],[128.58780226445015,35.80766842777071]]],[[[128.51913193177057,35.86941851731278],[128.52019773843088,35.87096072931283],[128.5211524941202,35.872653913966296],[128.52001932304123,35.877320438718534],[128.51878836067263,35.87976295827391],[128.5179732697207,35.88043367526422],[128.51640346114291,35.882980217407706],[128.51634665433463,35.88307331622131],[128.51661664346017,35.88380796884494],[128.51765024183524,35.884661809456375],[128.52480863735434,35.88643277662446],[128.52578376915997,35.887112236544326],[128.526363371807,35.888340177960785],[128.51913552747652,35.89163219199963],[128.51328547484758,35.8932398637492],[128.50883857638664,35.89333682000143],[128.50774963371444,35.89323312281529],[128.50695867056425,35.89293403822678],[128.50482548318345,35.8914480510076],[128.50458863164616,35.88915169038844],[128.50224953455583,35.887069312974155],[128.50149407053738,35.886765915631514],[128.50105322181597,35.886644368529296],[128.50039988087318,35.88646482365966],[128.50033587327692,35.88644811838365],[128.50028236759238,35.88707979541283],[128.50027341156863,35.88781199395762],[128.50012915577506,35.8884344512367],[128.49959747677752,35.88957076899194],[128.49936353998606,35.88987659824514],[128.49913673541,35.88994897370165],[128.4989670560099,35.889914955323924],[128.4963574441966,35.88922766917105],[128.49472186741687,35.89078926867395],[128.49200638363396,35.89632993772763],[128.4906169714287,35.89757917440027],[128.4889309093665,35.897850154980425],[128.48785475752072,35.89755096293938],[128.48448903610165,35.89434222203004],[128.4784767994675,35.89682429633693],[128.47741074019882,35.89606268695545],[128.4767633223177,35.89536462251409],[128.47568385525082,35.89468290549836],[128.47526956286873,35.89445753938739],[128.47459701581374,35.894802404003556],[128.4732943262813,35.89549810208571],[128.4677546495235,35.90021848904408],[128.4673399401315,35.90642327681997],[128.46673725055584,35.90710646650896],[128.4658564774063,35.907904184667636],[128.46539901957019,35.9085904677917],[128.46596063105656,35.90950591057899],[128.46662282021518,35.91019259624673],[128.46872055675195,35.91084461516559],[128.47275537416263,35.914435920881765],[128.47397043399116,35.917417286028616],[128.47326428222848,35.9232144153447],[128.4761727303245,35.9282131894479],[128.47664319826745,35.932050697538074],[128.47656447263262,35.93297199256282],[128.4764591826947,35.934080699488206],[128.47641886715627,35.93443933717815],[128.4758385363337,35.935473910149774],[128.4753094864791,35.93594693636396],[128.4724453393991,35.937368640882816],[128.4698536155014,35.93825809459295],[128.46791213465204,35.93852683162718],[128.46343228589708,35.93869340088139],[128.4622174002132,35.93996511174332],[128.45986620411722,35.94144851305683],[128.45779804729497,35.94157003213257],[128.45708875245572,35.94177065655171],[128.45415527463828,35.94314943773851],[128.4249015935927,35.9280407018473],[128.40712875882767,35.9007248337],[128.39897668798204,35.89992652506172],[128.39913478991073,35.89631882773578],[128.39806677311623,35.89270855431915],[128.38420918812452,35.865656047434726],[128.3835101740539,35.85283465134426],[128.41598215864332,35.85175705346461],[128.44472034271743,35.84792071200979],[128.45000155864278,35.84665686952372],[128.4547896233691,35.84445738323796],[128.45543278821688,35.84416186197615],[128.46035600284716,35.84160501656379],[128.46888138945934,35.83959529091963],[128.48174773788102,35.86828024778593],[128.50056642385888,35.86344065574265],[128.5094414577004,35.869567757677544],[128.51913193177057,35.86941851731278]]]]},"properties":{"name":"달성군","code":"22310"}},
{"type":"Feature","geometry":{"type":"MultiPolygon","coordinates":[[[[126.41400571402345,37.40931666743232],[126.4164352230535,37.36478783644738],[126.44170931467735,37.3850166891287],[126.41400571402345,37.40931666743232]]],[[[126.61682568480315,37.483530263964525],[126.59316687221632,37.441598590980654],[126.61091533290768,37.45429829229529],[126.61019846299178,37.43010645733451],[126.63235610965394,37.42994968451739],[126.64266358516525,37.468295600635244],[126.61682568480315,37.483530263964525]]],[[[126.4188591797302,37.421923505917846],[126.57700873183158,37.50361173717055],[126.50138927660211,37.53453300949646],[126.47575908453511,37.49971847395497],[126.35921636660571,37.47324780962146],[126.36396141057585,37.44216984309958],[126.4188591797302,37.421923505917846]]]]},"properties":{"name":"중구","code":"23010"}},
{"type":"Feature","geometry":{"type":"Polygon","coordinates":[[[126.67435276393633,37.47561062416075],[126.61682568480315,37.483530263964525],[126.64266358516525,37.468295600635244],[126.67435276393633,37.47561062416075]]]},"properties":{"name":"동구","code":"23020"}},
{"type":"Feature","geometry":{"type":"Polygon","coordinates":[[[126.67435276393633,37.47561062416075],[126.64266358516525,37.468295600635244],[126.63235610965394,37.42994968451739],[126.63371272290507,37.43069496533127],[126.70241063801694,37.439384536477],[126.68576378761973,37.47159319981693],[126.67435276393633,37.47561062416075]]]},"properties":{"name":"남구","code":"23030"}},
{"type":"Feature","geometry":{"type":"Polygon","coordinates":[[[126.63371272290507,37.43069496533127],[126.63680920545175,37.41896824513901],[126.59818947552155,37.41607234476634],[126.65444136010456,37.355907752183484],[126.58064153648424,37.33731409190335],[126.65407909810719,37.34361020209381],[126.68449974597794,37.38576261286133],[126.70241063801694,37.439384536477],[126.63371272290507,37.43069496533127]]]},"properties":{"name":"연수구","code":"23040"}},
{"type":"Feature","geometry":{"type":"Polygon","coordinates":[[[126.7677528092565,37.47174276726121],[126.75705998051967,37.46907500604256],[126.75359804575064,37.465040803329636],[126.7460720792956,37.4647321745586],[126.71087071557153,37.47992585864586],[126.70325385831768,37.46766265093205],[126.68622753658349,37.47227097008336],[126.68576378761973,37.47159319981693],[126.70241063801694,37.439384536477],[126.68449974597794,37.38576261286133],[126.7212722255972,37.38247350017368],[126.75436158800076,37.417510128972374],[126.77819728259638,37.47179467935457],[126.77459545742438,37.471420659775305],[126.77211832719374,37.472323826042626],[126.76796359081423,37.471733009242406],[126.7677528092565,37.47174276726121]]]},"properties":{"name":"남동구","code":"23050"}},
{"type":"Feature","geometry":{"type":"Polygon","coordinates":[[[126.7677528092565,37.47174276726121],[126.75915927813026,37.476920301824265],[126.75425284692794,37.48372747592446],[126.75268821675961,37.484448377859316],[126.74999425596326,37.48541269145253],[126.7492005387208,37.485127137675605],[126.74739875885457,37.48532516317028],[126.74677422460505,37.4854230390286],[126.74600334433715,37.4855825700061],[126.74577932807821,37.48573881026406],[126.74580193980569,37.485824681861814],[126.74241076206494,37.48691443856059],[126.74250863104815,37.488438378368976],[126.74180172276591,37.494481771497846],[126.74376044653663,37.50161559370545],[126.74286279409496,37.50396776284568],[126.7422902835033,37.50642209190943],[126.74179744046994,37.50804017855258],[126.74162648270563,37.50882536012728],[126.74558158540741,37.51496244327094],[126.74593255109181,37.51520749217351],[126.75810119585331,37.51579950478216],[126.76030775949903,37.524079173284655],[126.68919023450577,37.52356808362192],[126.68698219201325,37.52234463822668],[126.68615262638122,37.5217366980379],[126.68380063505367,37.51789750256465],[126.6832723404379,37.51702446104566],[126.68326353378046,37.51661796421325],[126.68325070529188,37.515776690650554],[126.68329653591297,37.51453112431456],[126.69216549251708,37.501675997347256],[126.69199062807219,37.49247163712229],[126.69750641445985,37.49038977701912],[126.69959751947795,37.48540902933723],[126.69951532145741,37.48497916136984],[126.69523084736747,37.48510860751192],[126.69489567640149,37.485399120593335],[126.69348790926934,37.48542951669102],[126.69009177072508,37.48315808265299],[126.68622753658349,37.47227097008336],[126.70325385831768,37.46766265093205],[126.71087071557153,37.47992585864586],[126.7460720792956,37.4647321745586],[126.75359804575064,37.465040803329636],[126.75705998051967,37.46907500604256],[126.7677528092565,37.47174276726121]]]},"properties":{"name":"부평구","code":"23060"}},
{"type":"Feature","geometry":{"type":"Polygon","coordinates":[[[126.76620435742983,37.55424237567195],[126.77784212058518,37.559933055910804],[126.77710164043533,37.563719456800065],[126.77594285690562,37.56520584931733],[126.77699234778481,37.56637153000603],[126.780462045195,37.56795452228161],[126.78136064288566,37.56892504183662],[126.78240829131624,37.573606207172894],[126.79369544519186,37.58159385713454],[126.78956261380581,37.584054647863404],[126.7870480367187,37.58557952634535],[126.78411326240918,37.582585246963376],[126.76766736670146,37.58823160197767],[126.75218236624895,37.57971432890787],[126.7443240498599,37.59249536885673],[126.73788915623122,37.59344888104578],[126.73779671417218,37.59342305956367],[126.73701658233266,37.5931757947814],[126.73677438905898,37.59297365777405],[126.73674645792961,37.590989742602446],[126.7366308311362,37.590721728172255],[126.73633207187194,37.59050820085397],[126.73625269611492,37.59048278893662],[126.7336915581382,37.591046764509855],[126.72990167215755,37.59221473215372],[126.72724806110341,37.591903390183376],[126.72546216994375,37.59187463209949],[126.68192195203285,37.58366465739876],[126.71201253329923,37.55260039088378],[126.68919023448248,37.52356808424476],[126.76030775950979,37.524079173876935],[126.76071368959008,37.53791414870459],[126.76232161721708,37.53950283736712],[126.76333171265601,37.5462872486786],[126.765278431175,37.55053369345125],[126.76618290318636,37.55355606373174],[126.76620435742983,37.55424237567195]]]},"properties":{"name":"계양구","code":"23070"}},
{"type":"Feature","geometry":{"type":"Polygon","coordinates":[[[126.72546216994375,37.59187463209949],[126.72428476537448,37.59329356807687],[126.7220435644327,37.59581355342234],[126.71637739244964,37.59940719278771],[126.71630419671772,37.59948725869482],[126.71616213240979,37.59990737491893],[126.71586912942817,37.60086734527068],[126.71406736789558,37.60385422639],[126.7112742185919,37.60501208530877],[126.70960283332724,37.60512958749729],[126.7084082301631,37.604910680369606],[126.70823129978818,37.60472469249736],[126.70768955280766,37.60416783704767],[126.70761427965142,37.604095571405274],[126.70692989109466,37.60359015478914],[126.70468146191645,37.60247463088759],[126.70419989054287,37.60299120251939],[126.70402747934735,37.6037183097263],[126.70400329781458,37.604655221627816],[126.70513029941216,37.606547448105246],[126.70612544115332,37.60767700484806],[126.70620931547315,37.609690911555184],[126.7061946639059,37.60981560538825],[126.7061857054364,37.60989008509166],[126.70544693890197,37.61205381660397],[126.704743987345,37.61167857117522],[126.70090545673169,37.61427127718278],[126.69446850884222,37.62033922124307],[126.67242216378915,37.63384163069467],[126.66697445579932,37.63593908646911],[126.66461479039802,37.635969825440725],[126.65742209730311,37.6379548614814],[126.65400941921322,37.63821402517488],[126.6517745487422,37.636454460044725],[126.65150541107512,37.63514669316363],[126.64964500813885,37.63186499259732],[126.6487871982084,37.630519413156684],[126.64744768110995,37.62818750897788],[126.64711015250091,37.62747838821153],[126.64464467770821,37.628516371719456],[126.6422132222049,37.628102429653744],[126.6391152683709,37.627309386201816],[126.63719126051878,37.626703159088976],[126.62574102731307,37.60259274691934],[126.57484155306976,37.588349706152044],[126.60455605547291,37.495878310815556],[126.63947314292679,37.50422209555964],[126.68576378750402,37.47159320061168],[126.690091770849,37.483158083556766],[126.69348790946654,37.48542951746061],[126.69489567675217,37.485399121165045],[126.69523084784606,37.485108608309844],[126.69951532177565,37.484979161983574],[126.69959751987967,37.48540902999554],[126.6975064145755,37.490389778086545],[126.69199062843032,37.49247163802856],[126.6921654929404,37.50167599805064],[126.68649499616856,37.51251781020427],[126.68329653612372,37.51453112495311],[126.68325070565713,37.51577669171357],[126.68326353380428,37.516617965172664],[126.68327234045879,37.5170244620702],[126.68380063551103,37.517897503593964],[126.68615262649216,37.52173669901992],[126.68698219255758,37.52234463898811],[126.68727597899147,37.52252617752097],[126.68919023448248,37.52356808424476],[126.71201253329923,37.55260039088378],[126.68192195203285,37.58366465739876],[126.72546216994375,37.59187463209949]]]},"properties":{"name":"서구","code":"23080"}},
{"type":"Feature","geometry":{"type":"MultiPolygon","coordinates":[[[[126.19521237574008,37.68481507120504],[126.15603139048946,37.67276298553638],[126.20507872475989,37.65696921596921],[126.19521237574008,37.68481507120504]]],[[[126.32963733409522,37.74633668626464],[126.26935232905691,37.710653066469824],[126.3409626661131,37.644091461532646],[126.37897725464327,37.6823274386614],[126.31939254633184,37.71258036039519],[126.32963733409522,37.74633668626464]]],[[[126.26637952601526,37.815283810889674],[126.20435623408945,37.771902710105174],[126.23167962248537,37.75134156438696],[126.3313083927112,37.789650795868184],[126.26637952601526,37.815283810889674]]],[[[126.43875719519063,37.82461629088171],[126.34950877226305,37.78971424136759],[126.35135309281027,37.71546776731471],[126.4110378906536,37.65205448447039],[126.37007105852653,37.61349814309989],[126.51292324648054,37.59937629477529],[126.51691181003508,37.57992706058604],[126.54395830328113,37.618368681046846],[126.52642102977507,37.747615759655886],[126.43875719519063,37.82461629088171]]]]},"properties":{"name":"강화군","code":"23310"}},
{"type":"Feature","geometry":{"type":"MultiPolygon","coordinates":[[[[125.98659639605526,37.04043052124317],[125.99533503760948,37.017624635143136],[126.02132373106053,37.030433451576464],[125.98659639605526,37.04043052124317]]],[[[126.29020018566924,37.267097197179034],[126.31695896969775,37.24453618885458],[126.34886965575924,37.259616030792905],[126.29020018566924,37.267097197179034]]],[[[126.10798474312033,37.27231029936698],[126.08465036845139,37.221966532729446],[126.14751209730451,37.2138147438304],[126.16578844431461,37.23256283995126],[126.10798474312033,37.27231029936698]]],[[[126.48207494899108,37.24418826266713],[126.48779557699997,37.28319487699172],[126.43396086527908,37.27425285397397],[126.4325881689016,37.23246769602114],[126.48207494899108,37.24418826266713]]],[[[126.47195082225112,37.53747764587456],[126.4292645662568,37.51629190615852],[126.46963385254406,37.51194727861255],[126.47195082225112,37.53747764587456]]],[[[126.31855013085135,37.556067645809115],[126.32671751227421,37.52187270677179],[126.38426803756978,37.53066610551109],[126.31855013085135,37.556067645809115]]],[[[125.70890116740638,37.678688543970964],[125.67809722934086,37.67932834602564],[125.68424429422743,37.65282466551407],[125.70890116740638,37.678688543970964]]],[[[124.71609218573705,37.825599051617466],[124.70338566324402,37.84968748271283],[124.66250799965785,37.821728455349884],[124.68521899220087,37.79951346940407],[124.71609218573705,37.825599051617466]]],[[[124.68721645843328,37.98049442755822],[124.61682015443425,37.97953408375894],[124.6394269221788,37.92388874867353],[124.69672889159823,37.91788501104843],[124.74542406831758,37.95745489439858],[124.68721645843328,37.98049442755822]]]]},"properties":{"name":"옹진군","code":"23320"}},
{"type":"Feature","geometry":{"type":"Polygon","coordinates":[[[127.004275822453,35.121107040216366],[126.93886573811393,35.16115859743185],[126.90715577317566,35.151446497432175],[126.90972810138011,35.14918936265806],[126.91941978864831,35.0915540944776],[126.95188207919388,35.07315661085583],[127.004275822453,35.121107040216366]]]},"properties":{"name":"동구","code":"24010"}},
{"type":"Feature","geometry":{"type":"Polygon","coordinates":[[[126.90715577317566,35.151446497432175],[126.83872487688612,35.17842558915589],[126.80253100245072,35.09348246496896],[126.88765298441467,35.11694002893794],[126.90972810138011,35.14918936265806],[126.90715577317566,35.151446497432175]]]},"properties":{"name":"서구","code":"24020"}},
{"type":"Feature","geometry":{"type":"Polygon","coordinates":[[[126.90972810138011,35.14918936265806],[126.88765298441467,35.11694002893794],[126.80253100245072,35.09348246496896],[126.77134636292975,35.07018331266589],[126.80731450013269,35.05102029910285],[126.89198856860664,35.07795308446632],[126.91941978864831,35.0915540944776],[126.90972810138011,35.14918936265806]]]},"properties":{"name":"남구","code":"24030"}},
{"type":"Feature","geometry":{"type":"Polygon","coordinates":[[[127.00871297976344,35.1337492095974],[127.02141648311681,35.173037999780064],[126.96814715635995,35.18114273135205],[126.92937210379534,35.25241483434258],[126.909419834036,35.258442816927946],[126.88953320293678,35.246668508335674],[126.87921010121094,35.24804292853611],[126.87864242755705,35.24935731825338],[126.8786565171516,35.24947197544664],[126.87958128539726,35.251521559567195],[126.87659323270783,35.25047738997008],[126.86913879331614,35.24617895224951],[126.86677774968696,35.246168323008995],[126.86391446397518,35.24580470738381],[126.86315043933153,35.24554047722969],[126.86261098802653,35.24527284375577],[126.8625449422258,35.24523868256379],[126.86144406371224,35.24410763802478],[126.86138192938097,35.24399701738655],[126.86135730368493,35.243942195497944],[126.86128770397102,35.24378663491214],[126.86123442991516,35.243620392481596],[126.86112354636381,35.24320818436171],[126.8610707178395,35.24288476627126],[126.86110756890358,35.241525888909415],[126.86023016760853,35.240542127659495],[126.86002039532639,35.240343587407686],[126.85940763309513,35.240004727896256],[126.84807441883967,35.23574093038062],[126.84727221196461,35.237228960185995],[126.84666851629957,35.237398172660384],[126.84513232939454,35.23714044188454],[126.84429921843396,35.23699247808714],[126.84080650512965,35.23439442323633],[126.84031537525787,35.23397435738432],[126.83965613683142,35.232045462232506],[126.83965158809508,35.231907293192585],[126.83725520012415,35.22996814946469],[126.83685803044686,35.22996803638998],[126.8353377033768,35.22992779597274],[126.8352957136098,35.22990041011893],[126.8348593081286,35.229105646034235],[126.83485549304957,35.22903720306639],[126.83504182804684,35.228770605368574],[126.86040300345583,35.18568282437354],[126.83872487688612,35.17842558915589],[126.90715577317566,35.151446497432175],[126.93886573811393,35.16115859743185],[127.004275822453,35.121107040216366],[127.00871297976344,35.1337492095974]]]},"properties":{"name":"북구","code":"24040"}},
{"type":"Feature","geometry":{"type":"Polygon","coordinates":[[[126.83504182804684,35.228770605368574],[126.80539043235474,35.218274978406996],[126.80439594485334,35.221315812006914],[126.79527046511353,35.21979861835596],[126.77487566159603,35.23047856161231],[126.76216432718937,35.23363893799628],[126.76030969804242,35.23397312179905],[126.75917007370944,35.2335839677678],[126.75705492000435,35.23373055252133],[126.75570809280875,35.234093998909756],[126.755259107804,35.234361236363554],[126.75448884113877,35.235348184806405],[126.75384981087271,35.237086744362735],[126.75522130234847,35.24113331154234],[126.76384864983537,35.25402871506687],[126.76338400824784,35.25651922312092],[126.7602893652093,35.25870397614199],[126.75790439463222,35.258366832635936],[126.75505546808495,35.256460088618915],[126.75053688175129,35.25641616151317],[126.74839321470964,35.253332361544715],[126.74187319447813,35.25099532981596],[126.73724023267005,35.25288538723379],[126.73724696366652,35.2526229687669],[126.73718466488042,35.25208512630784],[126.73715427500318,35.25198267163428],[126.73709590187418,35.25187382435612],[126.73625248133509,35.25069080037488],[126.72995537631505,35.243597114694886],[126.73041164931047,35.24066146859753],[126.72909043133298,35.23730101568567],[126.72791660100431,35.2363916681063],[126.72790496876429,35.2363827754591],[126.72698737351617,35.236512659354524],[126.72567688843944,35.234960225437405],[126.72412551802499,35.23016662798711],[126.71874850332924,35.222592787529564],[126.71866507515726,35.222348524241276],[126.71847734498284,35.22179869075121],[126.72072176948025,35.218830047488765],[126.72021677027556,35.21602232719652],[126.71853674481981,35.213188203164],[126.71773631721749,35.21241581623049],[126.71769487091083,35.21238966287815],[126.70255613450513,35.20756445017809],[126.69665894719887,35.20977704326478],[126.69151960464244,35.21310867649527],[126.69149216179808,35.21314987412495],[126.69068932784296,35.214380829497934],[126.69063947296432,35.21449660487634],[126.6904285388988,35.214999399629846],[126.6870534254048,35.21519405374471],[126.67758378797494,35.202540591926194],[126.6777123530234,35.19361806172967],[126.67726202126153,35.19149741795181],[126.67711746756605,35.19104678752457],[126.67635428609742,35.190809260477],[126.67597292788213,35.19071810991531],[126.67443340882456,35.19118026557516],[126.67328612731129,35.19307393295405],[126.67206101833223,35.19425713771624],[126.66975953519214,35.19436718317435],[126.66928242986208,35.19393915345533],[126.66838545039305,35.1928559200265],[126.66811251176969,35.19264194240017],[126.66416959474108,35.192368794831566],[126.65907088598966,35.19226266475539],[126.65696898480296,35.19342450788197],[126.65667034972287,35.19377658404627],[126.65624556716996,35.19409859489294],[126.65451125050731,35.1933614430694],[126.65351153109698,35.19276241807458],[126.65320393155032,35.192518026999096],[126.6532540822508,35.192448733553086],[126.65519808816407,35.1148558709104],[126.73265603903714,35.112855427498914],[126.77134636292975,35.07018331266589],[126.80253100245072,35.09348246496896],[126.83872487688612,35.17842558915589],[126.86040300345583,35.18568282437354],[126.83504182804684,35.228770605368574]]]},"properties":{"name":"광산구","code":"24050"}},
{"type":"Feature","geometry":{"type":"Polygon","coordinates":[[[127.51451283094147,36.422473522254876],[127.50155457674992,36.40865381424605],[127.4924294239792,36.43937135943361],[127.4553192578605,36.400032130338126],[127.46462138166024,36.351002488366035],[127.41498863247341,36.34093150683745],[127.45818663404016,36.29372093173323],[127.42738588791426,36.29103116673599],[127.42233664368378,36.20806400244594],[127.44369439439083,36.1947533449731],[127.49257720170571,36.23795395040168],[127.50055860816124,36.33929422627432],[127.55368651186272,36.39496060173973],[127.51451283094147,36.422473522254876]]]},"properties":{"name":"동구","code":"25010"}},
{"type":"Feature","geometry":{"type":"Polygon","coordinates":[[[127.42233664368378,36.20806400244594],[127.42738588791426,36.29103116673599],[127.45818663404016,36.29372093173323],[127.41498863247341,36.34093150683745],[127.40390661331092,36.349628689247915],[127.37246025172355,36.272178516939064],[127.42233664368378,36.20806400244594]]]},"properties":{"name":"중구","code":"25020"}},
{"type":"Feature","geometry":{"type":"Polygon","coordinates":[[[127.39308076846278,36.37134160731826],[127.29193521791002,36.26424188093304],[127.2813882062912,36.24557084390801],[127.33169767707291,36.184055517464124],[127.37246025172355,36.272178516939064],[127.40390661331092,36.349628689247915],[127.39308076846278,36.37134160731826]]]},"properties":{"name":"서구","code":"25030"}},
{"type":"Feature","geometry":{"type":"Polygon","coordinates":[[[127.40208536865157,36.45604053933652],[127.39612055427725,36.49172147062538],[127.360151255551,36.48852714699282],[127.33757265669547,36.42834878933278],[127.28212371202417,36.414612029510145],[127.25976633325983,36.32724814880049],[127.24665299613605,36.290959629369205],[127.29193521791002,36.26424188093304],[127.39308076846278,36.37134160731826],[127.42026242585925,36.41268410916387],[127.40208536865157,36.45604053933652]]]},"properties":{"name":"유성구","code":"25040"}},
{"type":"Feature","geometry":{"type":"Polygon","coordinates":[[[127.4924294239792,36.43937135943361],[127.48045281579715,36.477178811320144],[127.45133058282602,36.449253151037766],[127.40208536865157,36.45604053933652],[127.42026242585925,36.41268410916387],[127.39308076846278,36.37134160731826],[127.40390661331092,36.349628689247915],[127.41498863247341,36.34093150683745],[127.46462138166024,36.351002488366035],[127.4553192578605,36.400032130338126],[127.4924294239792,36.43937135943361]]]},"properties":{"name":"대덕구","code":"25050"}},
{"type":"Feature","geometry":{"type":"Polygon","coordinates":[[[129.34811952268035,35.54924634795897],[129.34843983323123,35.595281104204915],[129.29044785248772,35.59325255331615],[129.29453891598834,35.576131155631536],[129.25272877791812,35.59025593785605],[129.26563609127084,35.556905695803955],[129.34811952268035,35.54924634795897]]]},"properties":{"name":"중구","code":"26010"}},
{"type":"Feature","geometry":{"type":"Polygon","coordinates":[[[129.34811952268035,35.54924634795897],[129.26563609127084,35.556905695803955],[129.23653927026027,35.53617209658511],[129.33115649035048,35.485551012651555],[129.3686870765854,35.4542350077898],[129.39109613727317,35.47829065705248],[129.36320437096097,35.5041767343836],[129.38740437628968,35.50187817675729],[129.37664952408326,35.537993611443234],[129.34811952268035,35.54924634795897]]]},"properties":{"name":"남구","code":"26020"}},
{"type":"Feature","geometry":{"type":"Polygon","coordinates":[[[129.38762906505076,35.52739434671986],[129.406169374625,35.47204599014606],[129.4312888625598,35.47823194731254],[129.45290870737622,35.571602097493574],[129.4133154213192,35.558802169980154],[129.40837627559915,35.51604457034303],[129.38762906505076,35.52739434671986]]]},"properties":{"name":"동구","code":"26030"}},
{"type":"Feature","geometry":{"type":"Polygon","coordinates":[[[129.44978703980394,35.651069276649714],[129.35355872577395,35.67938023028171],[129.29642290786649,35.64351244155218],[129.29044785248772,35.59325255331615],[129.34843983323123,35.595281104204915],[129.34811952268035,35.54924634795897],[129.37664952408326,35.537993611443234],[129.38762906505076,35.52739434671986],[129.40837627559915,35.51604457034303],[129.4133154213192,35.558802169980154],[129.45290870737622,35.571602097493574],[129.44978703980394,35.651069276649714]]]},"properties":{"name":"북구","code":"26040"}},
{"type":"Feature","geometry":{"type":"Polygon","coordinates":[[[129.29642290786649,35.64351244155218],[129.25550370543715,35.660455676372976],[129.25685043705957,35.700703365838336],[129.14613113993607,35.72491979030361],[129.07722107459787,35.69293562190192],[129.08085479919868,35.64325313474673],[129.04690108035405,35.65051760682825],[129.00273979074169,35.62025845564048],[129.01919584393573,35.58426363588862],[128.97119034737432,35.56029998383248],[128.99458594512777,35.528130796042035],[129.05582321213848,35.53226752700897],[129.14315226333832,35.44565411158643],[129.19697791901183,35.43888844042445],[129.2011698914996,35.38778167625433],[129.26552213236982,35.38714429032406],[129.30482876423042,35.32988602267439],[129.36174662542027,35.358779319742276],[129.37373693551373,35.44707058806515],[129.33115649035048,35.485551012651555],[129.23653927026027,35.53617209658511],[129.26563609127084,35.556905695803955],[129.25272877791812,35.59025593785605],[129.29453891598834,35.576131155631536],[129.29044785248772,35.59325255331615],[129.29642290786649,35.64351244155218]]]},"properties":{"name":"울주군","code":"26310"}},
{"type":"Feature","geometry":{"type":"Polygon","coordinates":[[[127.28529006759217,36.69067145243485],[127.15964389553366,36.73284394495652],[127.1277299100989,36.70863665754717],[127.16144490448121,36.69021863045527],[127.15042976746176,36.619749552513646],[127.20775132483307,36.57795949419198],[127.16998970319673,36.50903791393799],[127.19893451127095,36.4398838170172],[127.28212371202417,36.414612029510145],[127.33757265669547,36.42834878933278],[127.360151255551,36.48852714699282],[127.39612055427725,36.49172147062538],[127.37712515500328,36.567873340544196],[127.36507831136703,36.564248466850216],[127.36248814807264,36.564446871210066],[127.36230548266425,36.564375059890594],[127.36189070179002,36.56415451292639],[127.36147682378883,36.56384270766512],[127.36048424327592,36.56227690467542],[127.36008636512027,36.562208479106125],[127.35764505666063,36.56181133789757],[127.35665771549606,36.56169488265831],[127.35625988587982,36.561684532190924],[127.35311936709978,36.56222768788028],[127.35100137828228,36.562211666173525],[127.34712792997946,36.56445339635735],[127.34444211432049,36.564358558116105],[127.34262470705421,36.56414847278331],[127.33808518566265,36.562343274158216],[127.3370167805685,36.56283938796708],[127.3351545515931,36.5680961355615],[127.33576446621315,36.571063990103795],[127.32658586834262,36.576524321421516],[127.32545492695941,36.57771237573971],[127.32206277974612,36.58149430437877],[127.32144027362644,36.58377798218586],[127.32076445850659,36.583764070100315],[127.31897440333263,36.58371789272471],[127.31320590375992,36.582872098861756],[127.30576774502484,36.58299570364235],[127.30387043867594,36.58339668932915],[127.30341546190935,36.583658983612004],[127.29982091924566,36.58595324770594],[127.29956170957672,36.586327012101876],[127.29945904866747,36.586575595085314],[127.29944904746856,36.58688266392583],[127.29959739709992,36.587302733969636],[127.29984573859308,36.58767275887634],[127.29986471465584,36.5876966102779],[127.30216721986156,36.58879230871083],[127.30376455328448,36.59004744083057],[127.30436121730413,36.590654868581744],[127.30458340195214,36.5909824698512],[127.30484332280562,36.59138980556197],[127.30493741896953,36.59170516307724],[127.30500046037135,36.59228799985278],[127.30499064759812,36.59254767626842],[127.30479829109761,36.59314977295014],[127.30467852976471,36.59359344448578],[127.30460244059049,36.59395966090535],[127.30459115831225,36.594346600895534],[127.30463540677253,36.59536229949492],[127.30470358399548,36.595812396392176],[127.30480256904815,36.59623888373607],[127.3049473826369,36.59664143084626],[127.30512342364426,36.59686767145392],[127.30543640361704,36.59738778097306],[127.30612524737012,36.598714321355565],[127.30655037327651,36.59983729783576],[127.30653405448143,36.601384197657026],[127.29175946239766,36.625622983208906],[127.29070017292375,36.63106791766365],[127.29182915596807,36.63367355176581],[127.2922614149157,36.63518905887883],[127.29215894539455,36.635640196430295],[127.27939744894566,36.63351802331403],[127.27565045646033,36.639803673468904],[127.30762518152785,36.68202247198122],[127.28529006759217,36.69067145243485]]]},"properties":{"name":"세종시","code":"29010"}},
{"type":"Feature","geometry":{"type":"Polygon","coordinates":[[[127.03969892207215,37.32094619219226],[127.03947533057108,37.32271877684948],[127.0370474257791,37.326244793004136],[127.03806057665881,37.32833495030419],[127.03150613564617,37.336801832015105],[127.03338888723381,37.344552110500615],[127.0181905489801,37.35095164062729],[126.97130647849485,37.331764242364756],[126.96621784933218,37.3077961223378],[126.96323818690794,37.30352134833576],[126.96203417541675,37.30240972289961],[126.9616865270779,37.30236652781516],[126.96080547085221,37.302333396821105],[126.96962957436257,37.2866274765659],[126.97466779319672,37.28555025501892],[126.97536871351548,37.28560445628176],[126.97608966689852,37.28584041347261],[126.97839822255706,37.28664055050298],[126.9783589143924,37.286696200313294],[126.97826671984441,37.28683279612179],[126.97783812907136,37.287513793207104],[126.97733752307646,37.288359435656304],[126.98469842070953,37.29102846435496],[127.00947978017405,37.285512104108086],[127.03408289402789,37.293362341329676],[127.03523146291195,37.29418855357202],[127.03334408863287,37.298041835629824],[127.0327121884657,37.30050743649409],[127.03278114637108,37.301183189880255],[127.03316073213088,37.30401140165204],[127.03332395047413,37.30477315083051],[127.03332268014952,37.30496958360953],[127.03239057084824,37.309640978832256],[127.0329664608032,37.31169089911414],[127.0341320314791,37.313215854437075],[127.0346404471831,37.313723349218954],[127.03710371249657,37.31527923008833],[127.03789611174565,37.31572498926014],[127.03840741506569,37.31635847850825],[127.03885135584295,37.320484599376854],[127.03919770482702,37.320721188842874],[127.03935379979802,37.320806465629786],[127.03969892207215,37.32094619219226]]]},"properties":{"name":"수원시장안구","code":"31011"}},
{"type":"Feature","geometry":{"type":"Polygon","coordinates":[[[127.04011131130243,37.24454687501245],[127.03912184338101,37.24666351545227],[127.03915719226663,37.247032209283056],[127.04217135381305,37.2509812157354],[127.03667635582387,37.25652098104945],[127.03047786380002,37.25819011551831],[127.03181393316663,37.261659760232305],[127.00982945681754,37.26784602141011],[127.00116674609242,37.263796549664185],[126.98692744232486,37.282740091837965],[126.9783982240221,37.28664055149515],[126.97608966851412,37.28584041403855],[126.97536871498934,37.285604457262565],[126.97466779442131,37.28555025588243],[126.96962957422284,37.28662747733003],[126.96799924840482,37.29425362339183],[126.96182017640105,37.301534610899864],[126.96080547128207,37.30233339788889],[126.94238693727938,37.30033960731581],[126.94105469049546,37.30161349396214],[126.9371672981626,37.30208425961846],[126.93658330476008,37.30283630952108],[126.93433511300557,37.303338783212936],[126.9329332958805,37.30304238972492],[126.93260634467833,37.302310342131186],[126.9324619658429,37.301401904333815],[126.93238103385806,37.300864328250846],[126.93409707536902,37.299019624131816],[126.93543605324646,37.29803600373229],[126.93935723440855,37.296614779952],[126.93961023563402,37.29539711673245],[126.93713312766971,37.29337100509567],[126.93416333557782,37.292398492039425],[126.93345108200032,37.29199627903923],[126.93303700805389,37.2915756565373],[126.93291075376172,37.291292605825916],[126.9320182578663,37.28820436944167],[126.93129856020029,37.28695995428786],[126.93048615377052,37.2863290266861],[126.92914208462867,37.28597398963085],[126.92801868136597,37.28195019091921],[126.9276143651164,37.279202359893496],[126.92728730771556,37.27880530981056],[126.92853826015569,37.27650392669738],[126.92706083918357,37.271335950901644],[126.9307925383131,37.26094465250384],[126.95008268184564,37.25571045191509],[126.95617513872753,37.24676108174677],[126.95797515630068,37.242932315798114],[126.9579592321495,37.24124736784823],[126.95749207978558,37.24026956879487],[126.95752597350227,37.240125405066024],[126.95753761757436,37.24008486315117],[126.95756537313709,37.24001308056718],[126.95756548531247,37.2400127911424],[126.95765570948224,37.239900194354995],[126.95776282791958,37.239805625742264],[126.96046271914146,37.23841448664479],[126.9609136230991,37.238198392893715],[126.9641284266516,37.237190846279404],[126.96787955123557,37.234817589245],[126.97047632635747,37.22935972915918],[126.97142810936651,37.229013036056685],[126.97289662257866,37.22872787789901],[126.97771349212466,37.2296840456836],[126.97895280865862,37.23036457428605],[126.97905978689738,37.23061688610689],[126.98070454773105,37.2322300471319],[126.98106506785764,37.23252745352317],[126.98232724399074,37.23224383595677],[126.98509945615255,37.231789228023985],[126.98662599951878,37.23364557245791],[126.98742616029936,37.23336634760869],[126.98734176549823,37.23373560208958],[126.9873361334467,37.23385248320945],[126.98734736653316,37.233969619991484],[126.98738116131956,37.23404170698216],[126.98746002500691,37.23414984081549],[126.98751636465643,37.234185888010714],[126.98767412109105,37.23423997883632],[126.98953345158732,37.23355540623342],[126.98946629490415,37.23168571697838],[126.9970034144117,37.229253968977126],[126.99876649035204,37.225751109485984],[127.00332672918654,37.23019509466286],[127.00844212525229,37.22701915442313],[127.0207190784162,37.2255217915111],[127.02118063398274,37.22528181426378],[127.02118085539458,37.225281398679485],[127.0214765087471,37.22472389328757],[127.02147856211943,37.22472002012723],[127.02172641864023,37.22460284234534],[127.02187112579567,37.224544249666955],[127.02328961847371,37.230745971882136],[127.02608993938664,37.23087396906961],[127.02990951334412,37.232070786136134],[127.03012397545217,37.23301682683213],[127.03044531979161,37.23349429973839],[127.03463304786563,37.23649366363655],[127.03667977301133,37.2388894224453],[127.03657329757002,37.24062887430015],[127.04011131130243,37.24454687501245]]]},"properties":{"name":"수원시권선구","code":"31012"}},
{"type":"Feature","geometry":{"type":"Polygon","coordinates":[[[126.97839822255706,37.28664055050298],[127.00116674471866,37.2637965488813],[127.03667635453093,37.256520980158136],[127.03814354511091,37.259966907216445],[127.03833403473496,37.25992350700823],[127.03837093928284,37.26000954487802],[127.04056098905937,37.265157988156666],[127.03317705926946,37.26699578090932],[127.04563795423876,37.2741730073218],[127.04292216168382,37.28597762958266],[127.03867300178891,37.28353372970816],[127.0425025193166,37.288411101223275],[127.04115205340167,37.290936790552266],[127.03408289402789,37.293362341329676],[127.00947978017405,37.285512104108086],[126.98469842070953,37.29102846435496],[126.97733752307646,37.288359435656304],[126.97783812907136,37.287513793207104],[126.97826671984441,37.28683279612179],[126.9783589143924,37.286696200313294],[126.97839822255706,37.28664055050298]]]},"properties":{"name":"수원시팔달구","code":"31013"}},
{"type":"Feature","geometry":{"type":"Polygon","coordinates":[[[127.04011131130243,37.24454687501245],[127.04037244847025,37.24356563198387],[127.04056041738578,37.243694536664336],[127.04071092017745,37.24393128853788],[127.04088358312673,37.244268091407534],[127.04001224851473,37.2465389054159],[127.04022906533895,37.246937813730995],[127.04067157832368,37.24743479685792],[127.0411008926015,37.2474494322234],[127.04253032580958,37.247024051947996],[127.04189015168943,37.24483850000068],[127.03921763126361,37.23755285080199],[127.03917279710971,37.23724235172296],[127.03921649513865,37.23716272121567],[127.04141738884915,37.235487192915066],[127.04290002071299,37.234784035696066],[127.04371199700289,37.23458438456284],[127.04398326354604,37.234479830232395],[127.04407040167764,37.23442995276772],[127.04430961250821,37.2342927465302],[127.04433215378234,37.23427977166343],[127.04438354496841,37.234244279821034],[127.04442789158027,37.23421300762371],[127.04476406655921,37.23396932533504],[127.0449462300025,37.233832138361905],[127.04504232333188,37.23373568082057],[127.04504249087124,37.23373551036112],[127.04505284091677,37.23368398647399],[127.04499415180659,37.23323255278945],[127.04589960190494,37.2327823424489],[127.05127268468915,37.23432408345775],[127.05152817874452,37.23432511234068],[127.05313128477127,37.23367804693877],[127.05358607278744,37.23339811811852],[127.05377532912489,37.23233001426211],[127.05250934904056,37.23154103907232],[127.05245409020088,37.23138576950082],[127.05265562544895,37.231280648858835],[127.0526966510749,37.23127641400281],[127.05438233090169,37.231997622527985],[127.05596015359431,37.23276363831506],[127.05831622669733,37.2341842107166],[127.060021078487,37.236303075970824],[127.06225073444715,37.23816005764394],[127.06247433889219,37.238345782585355],[127.06514673536147,37.24012674778919],[127.0655907276186,37.240181697131504],[127.06575255025638,37.240193429951404],[127.0659431019086,37.24020374278475],[127.06625105728051,37.24017063240544],[127.0664686305911,37.24008773609341],[127.06691705490017,37.24018519571414],[127.0654727095323,37.24369045967255],[127.06789619814259,37.244683646162215],[127.06888391295094,37.245421092909744],[127.06919324014328,37.24571459998019],[127.06923822974754,37.245804678494984],[127.06925819106203,37.245874497266946],[127.06929492482237,37.24598485415333],[127.06955671989093,37.2461066223349],[127.06970417546665,37.24616820457651],[127.06981516571149,37.24620671372443],[127.07003041349623,37.246266004990325],[127.07070982440642,37.24644356497041],[127.07267139214943,37.24690643641265],[127.0733083231072,37.24703670282111],[127.07613701030591,37.24742775140197],[127.08006000756109,37.24740184228939],[127.08101063766041,37.24822762995394],[127.08104801332806,37.2482709626533],[127.08105431622887,37.24837769813832],[127.08115489374214,37.248418724717425],[127.0814135799517,37.24856355349833],[127.08168618658122,37.24871767154716],[127.08171827736575,37.24875229047557],[127.08172656480515,37.248762137534676],[127.08231663259849,37.24967093744382],[127.08250449533108,37.250115974982755],[127.08266251662579,37.251634960666244],[127.08175082155493,37.25269965181369],[127.0822028669036,37.253968959005434],[127.082631714146,37.254446216800446],[127.08326400991795,37.25477663214872],[127.08363458859765,37.254953885025955],[127.08468548168521,37.25649014267803],[127.08448884290205,37.25706609680459],[127.08368473644161,37.25879298823265],[127.08239377981893,37.25857566015845],[127.08096030427974,37.25849327909168],[127.08094765123487,37.258520602471584],[127.08077754026635,37.259903244630266],[127.0813217271542,37.26083263349314],[127.08205949703485,37.262073872687964],[127.08208223946913,37.262086248140065],[127.08291504226284,37.26224420485166],[127.08414478439069,37.26248438140469],[127.08448922577658,37.26255425015325],[127.08528055888932,37.26359213425475],[127.08620935653798,37.26484918110089],[127.08551075303608,37.268797419249836],[127.08501496163612,37.26967881016719],[127.08487587021108,37.26991232993832],[127.07569517736796,37.26127666867799],[127.0750360001417,37.26194779407383],[127.07428110405871,37.26365459395317],[127.07479041913157,37.26609693222893],[127.06472476912765,37.2704144622715],[127.08931212301208,37.28687105901127],[127.08798927703191,37.29093624977221],[127.08828470672846,37.293174527823794],[127.08920376801748,37.29338532801584],[127.08894714912658,37.29625866216096],[127.08903931242858,37.29717398097399],[127.08924798731837,37.29764434107441],[127.08962892864405,37.29825180473913],[127.0872449992651,37.29811631278314],[127.08650257051886,37.29829170092434],[127.08340146205589,37.29778058404465],[127.08280939806774,37.297667238028914],[127.07897445566468,37.29328155823151],[127.0621876426122,37.29628587766189],[127.06025105174096,37.296626847649925],[127.0601103017745,37.29943597128511],[127.06099926871595,37.30219464646868],[127.06083485466809,37.30356485908762],[127.05816573487594,37.304790717002525],[127.06056566692803,37.31096341266174],[127.05769047788532,37.31554555486802],[127.03982032397295,37.32099545297027],[127.0396989225153,37.320946192365454],[127.03935380126917,37.32080646640292],[127.03919770625453,37.320721189719706],[127.03885135743333,37.32048460029746],[127.03880646786496,37.317318047108415],[127.03840741638311,37.3163584793565],[127.03789611282959,37.31572499025713],[127.03710371388621,37.31527923100729],[127.03464044818709,37.313723349759684],[127.03296646198878,37.31169089968993],[127.03239057196512,37.3096409798171],[127.03332268151831,37.30496958430663],[127.03332395189719,37.30477315165723],[127.03316073314906,37.30401140237153],[127.03278114736155,37.301183190618126],[127.03271218838876,37.30050743718108],[127.0333440886098,37.298041836339046],[127.03523146433517,37.29418855416632],[127.03408289517189,37.29336234235158],[127.03582018180752,37.293609491433116],[127.0389264889959,37.29263325647254],[127.04115205326471,37.29093679133939],[127.04250252097277,37.288411102092155],[127.03867300315298,37.283533730755536],[127.04292216278543,37.28597763050925],[127.04563795568937,37.27417300789143],[127.03317706073254,37.26699578173884],[127.04056098947233,37.26515798871529],[127.03837094091762,37.26000954589211],[127.03833403602573,37.25992350754565],[127.03814354642499,37.25996690790536],[127.03667635582387,37.25652098104945],[127.04217135381305,37.2509812157354],[127.03915719226663,37.247032209283056],[127.03912184338101,37.24666351545227],[127.04011131130243,37.24454687501245]]]},"properties":{"name":"수원시영통구","code":"31014"}},
{"type":"Feature","geometry":{"type":"Polygon","coordinates":[[[127.17562566982981,37.47196126788857],[127.14352658918455,37.4739304181604],[127.12420688080829,37.466520485914515],[127.09522278273491,37.456394227058304],[127.04736923910885,37.43070182006726],[127.04207674764108,37.41553876464106],[127.0432451715937,37.40388506543028],[127.11920569396665,37.415661360854344],[127.17562566982981,37.47196126788857]]]},"properties":{"name":"성남시수정구","code":"31021"}},
{"type":"Feature","geometry":{"type":"Polygon","coordinates":[[[127.17420940797693,37.40575118991996],[127.17875434335936,37.47480790086082],[127.17562566982981,37.47196126788857],[127.11920569396665,37.415661360854344],[127.17420940797693,37.40575118991996]]]},"properties":{"name":"성남시중원구","code":"31022"}},
{"type":"Feature","geometry":{"type":"Polygon","coordinates":[[[127.17420940797693,37.40575118991996],[127.11920569396665,37.415661360854344],[127.0432451715937,37.40388506543028],[127.02791637107644,37.37196025103475],[127.13787182573765,37.339722491286295],[127.17420940797693,37.40575118991996]]]},"properties":{"name":"성남시분당구","code":"31023"}},
{"type":"Feature","geometry":{"type":"Polygon","coordinates":[[[127.14617767978552,37.75549786966897],[127.14431223883467,37.75599108741227],[127.14313415625583,37.75708267048086],[127.13965190095676,37.764015168455835],[127.12580520506772,37.7636452966112],[127.12579803923087,37.77270680835158],[127.10574295040914,37.780340405281734],[127.00204594357633,37.762618536603476],[127.01541538638106,37.70145528326448],[127.05179813595967,37.68581484612482],[127.08110478593213,37.69613745758589],[127.08023289178907,37.69951330436017],[127.08025008365149,37.69952568133246],[127.08397557483455,37.70188299000131],[127.0871253365697,37.70194815065911],[127.09503880473423,37.70273358737359],[127.10107338143649,37.7048338200889],[127.10224648428996,37.70576898298077],[127.10315739574939,37.706539924740056],[127.10390955574691,37.70720985141535],[127.10391428594157,37.7072135888948],[127.10588875020612,37.70760011099551],[127.10588902817038,37.7076001083193],[127.10664047638015,37.707586505499755],[127.10718976811854,37.7075781228794],[127.10894716267713,37.70862391668039],[127.10902698309451,37.71335447330673],[127.11156164890745,37.717239809171375],[127.12578399031985,37.72746879242355],[127.12369352666322,37.7389545721767],[127.12863805252988,37.74808143725716],[127.13203170319771,37.74891955931883],[127.134798329681,37.7494660489957],[127.13634192622298,37.74952031702194],[127.13634219975455,37.74952032417516],[127.13691939274004,37.74879607458595],[127.13739627561286,37.748197802531315],[127.1374976835939,37.74810111125747],[127.13836825581814,37.747415994066664],[127.14177751429555,37.74772304604422],[127.14267386183991,37.74793259553545],[127.14652465928583,37.749854539194125],[127.14725628245056,37.75198694707593],[127.14661489279706,37.753744320194684],[127.14617767978552,37.75549786966897]]]},"properties":{"name":"의정부시","code":"31030"}},
{"type":"Feature","geometry":{"type":"Polygon","coordinates":[[[126.94815539543096,37.43863037512576],[126.94567627248503,37.43730530002872],[126.94509063737182,37.43708822147991],[126.94022016129315,37.435712371688936],[126.93857452563437,37.436420428996726],[126.93786405761941,37.44019753435152],[126.93055407030073,37.445468480484294],[126.93035671266796,37.44733422201457],[126.9283986946123,37.45021248551224],[126.92835700537177,37.44989868905197],[126.92827965967287,37.44935268412788],[126.92325327626001,37.445772746560635],[126.92289722941949,37.44517334944581],[126.92276280850797,37.44404108346272],[126.91866309968634,37.43998262049969],[126.91538923781914,37.43966802756834],[126.91389137399337,37.43930708224575],[126.91318980977204,37.43909539143343],[126.91230851396136,37.438579460327254],[126.91143164698528,37.437623168815605],[126.91120280821761,37.43720121480523],[126.91120000003848,37.437187408036735],[126.91121640639797,37.437046359549825],[126.91133327597645,37.43617134240415],[126.91002834744329,37.434324121607006],[126.9099039952498,37.43422744595118],[126.90967840090616,37.43405973822928],[126.90939564129862,37.433860449230096],[126.90663449142926,37.43359694319965],[126.90582547215939,37.43399615266489],[126.90522457656687,37.433997069611145],[126.90298757631854,37.434067619565134],[126.90186087013409,37.43639752412499],[126.89914461673072,37.438668193010756],[126.8989779133202,37.438701825990606],[126.89962893143033,37.43792246880347],[126.89968861463645,37.437786521642614],[126.8996096004317,37.43499501270413],[126.89813719936122,37.4312686325738],[126.89432831324793,37.429089494977774],[126.89457774694482,37.42741476870401],[126.89676481258371,37.42757243979219],[126.89643361684531,37.42518419130561],[126.89403432931236,37.422318506474106],[126.8889937657747,37.41890349245299],[126.88898913476766,37.41142339911429],[126.88761661881345,37.41083396614576],[126.88718794771036,37.410967227781065],[126.88671311816114,37.411124165112746],[126.88564695297006,37.41168456339198],[126.88461206249127,37.411642152670865],[126.88428386230233,37.41158946087521],[126.88093457316674,37.41085036346958],[126.87990907773644,37.410140324711854],[126.87916649526328,37.40899584026814],[126.87607146937924,37.41067832905584],[126.87221392444202,37.41179481547295],[126.87116120404819,37.412710553065175],[126.87084227831268,37.41171502682118],[126.87024226407284,37.408137904839855],[126.87041273921915,37.40703576783244],[126.87763296533849,37.405055405793554],[126.8813023559872,37.377444716919676],[126.89062820066084,37.37543073367418],[126.89637796548861,37.359485306745604],[126.91844589611124,37.37694453997627],[126.93280106504565,37.377601950890295],[126.93570211450393,37.37589167897413],[126.9370737316451,37.37619468317528],[126.93993423688757,37.3759228783503],[126.94058482065441,37.37648693639603],[126.94095874699816,37.37712397138364],[126.940475378932,37.378631256305674],[126.94170939988872,37.37865643886802],[126.93927265121788,37.38025177840235],[126.93907991254665,37.380548395208706],[126.93902070773548,37.380836032885185],[126.93900748687273,37.38096679034836],[126.93900737200255,37.381105391916506],[126.9413009720459,37.38613509349066],[126.94133773981281,37.39182190796097],[126.92778129275527,37.401091696990676],[126.92824072400224,37.40492010925049],[126.92737061684792,37.4082828775564],[126.92529906414119,37.41055080456348],[126.92565714494825,37.411821948346756],[126.9264682626851,37.412532562698274],[126.92878142467274,37.412595177166644],[126.9297637190854,37.415041674812215],[126.93569224683733,37.41460828469473],[126.93825010998444,37.414443958493486],[126.9418294393168,37.419124790327324],[126.94659692293313,37.42111305286195],[126.94730311620046,37.42138600828673],[126.9478290615739,37.42116343776082],[126.94858823684554,37.42203319211441],[126.94868184062484,37.422428822574126],[126.94865109902545,37.42350975896283],[126.94769461629151,37.4250926828592],[126.94764438936043,37.426188415037714],[126.94804088673318,37.42793833822594],[126.94881285383568,37.429211702533884],[126.94903204718588,37.431699767030686],[126.94840448484186,37.4374150788955],[126.94815539543096,37.43863037512576]]]},"properties":{"name":"안양시만안구","code":"31041"}},
{"type":"Feature","geometry":{"type":"Polygon","coordinates":[[[126.98237142848294,37.400685108789745],[126.96380330603212,37.44078692512825],[126.96298353056957,37.44029960819442],[126.96294292877586,37.44028045718358],[126.95899886191663,37.4391269410094],[126.956368198082,37.43875401098213],[126.94928410919229,37.438250273627574],[126.94815539425234,37.4386303752199],[126.94840448348464,37.43741507896591],[126.9490320459358,37.43169976635164],[126.94881285380818,37.429211702666855],[126.94804088542834,37.427938338249966],[126.94764438938395,37.42618841513922],[126.94769461506013,37.42509268220224],[126.9486510979094,37.42350975838565],[126.94868184064927,37.422428822400136],[126.94858823688578,37.42203319203996],[126.9478290604536,37.42116343686407],[126.94730311513493,37.42138600820182],[126.94659692150015,37.42111305306843],[126.94182943812942,37.419124790457445],[126.94044605845504,37.41760593308234],[126.93949161142666,37.41617815432264],[126.93825010875209,37.41444395844468],[126.93569224685955,37.41460828452248],[126.92976371803269,37.41504167494376],[126.92878142479596,37.412595176485226],[126.92743936498462,37.41202711323035],[126.927109034002,37.41219905971946],[126.92646826157586,37.41253256257512],[126.92565714383575,37.41182194778786],[126.92529906292512,37.410550803548986],[126.92737061554618,37.408282876778316],[126.9282407228426,37.40492010836834],[126.92778129151584,37.40109169616271],[126.94133773970479,37.39182190779515],[126.94130097100418,37.3861350935361],[126.93944331524506,37.38232362991997],[126.93902360967724,37.381278000911074],[126.93900737169078,37.381105392007626],[126.93900748586704,37.38096678926458],[126.93902070752864,37.38083603295656],[126.93904049386789,37.38068437158235],[126.93907991099744,37.38054839527107],[126.93927264988339,37.38025177851944],[126.94170939862492,37.3786564389749],[126.94501718195173,37.376646032588475],[126.9451521147201,37.37672950561477],[126.94650182297661,37.37576097480008],[126.94793205473381,37.369311361889594],[126.96206055899614,37.361491561876626],[126.98237142848294,37.400685108789745]]]},"properties":{"name":"안양시동안구","code":"31042"}},
{"type":"Feature","geometry":{"type":"Polygon","coordinates":[[[126.82211888561298,37.54067728557008],[126.79442374305681,37.535832649634],[126.79436487222789,37.536023901551765],[126.79396340205331,37.53736032118304],[126.79380273656527,37.539994486943954],[126.79301738528633,37.541594047506436],[126.79056480958154,37.54392242040057],[126.77529327762646,37.54897123013918],[126.77392688258101,37.54890186694989],[126.7735758106272,37.54887162925048],[126.77339375859853,37.548851573438874],[126.77258034361493,37.54875285453929],[126.77155173719255,37.54831753307177],[126.76746505579482,37.55195073963283],[126.76737004111179,37.55313158095761],[126.76620435742983,37.55424237567195],[126.76618290318636,37.55355606373174],[126.765278431175,37.55053369345125],[126.76333171265601,37.5462872486786],[126.76232161721708,37.53950283736712],[126.76071368959008,37.53791414870459],[126.76030775950979,37.524079173876935],[126.76060629155909,37.51971007236001],[126.75810119739509,37.515799504759975],[126.74593255157403,37.51520749191411],[126.74558158641808,37.51496244342509],[126.74162648271933,37.508825359870166],[126.74179744040264,37.50804017821573],[126.74229028366426,37.506422091618035],[126.74286279443956,37.503967763734984],[126.7437604480437,37.50161559337076],[126.74180172317892,37.49448177238934],[126.7425086312138,37.48843837826863],[126.74241076203249,37.48691443860158],[126.74580194018571,37.48582468152958],[126.74600334424764,37.48558257056253],[126.74677422486478,37.48542303912778],[126.7473987592018,37.48532516313447],[126.74920053858948,37.485127137444856],[126.74999425607614,37.485412691213654],[126.75268821730452,37.484448377824734],[126.75425284729147,37.48372747580334],[126.75915927834066,37.476920301771706],[126.76515977382175,37.47518225367461],[126.76708113372943,37.473649873316354],[126.76760569607718,37.47281776622307],[126.76772043998055,37.4720442690039],[126.76775345837503,37.47176249261023],[126.76775280940038,37.47174276711934],[126.76796359100602,37.47173300984901],[126.77211832830037,37.4723238266126],[126.77459545753122,37.4714206607229],[126.77606147466099,37.471665880024254],[126.78430394734022,37.47239283219957],[126.78920666117162,37.4656442278785],[126.79882896038136,37.46457992709294],[126.80100134091589,37.463790741699604],[126.80086806144892,37.4629075328563],[126.80310929455382,37.461731403011065],[126.80318852492081,37.461695495304795],[126.80340341060062,37.46164180455478],[126.80379924210551,37.46155235795279],[126.80405934316894,37.461507733581186],[126.80678185064771,37.462097911514725],[126.80889545658785,37.46212840579944],[126.81324083972986,37.460144190967384],[126.82318676249821,37.45838349293864],[126.82610122731384,37.45947922591797],[126.8266692706978,37.46140396987093],[126.82670296749393,37.46151794929023],[126.82678528929631,37.461735996472946],[126.82748268577994,37.46285466952504],[126.8277974006439,37.463241997316],[126.83104261735181,37.46585151078842],[126.83252691231645,37.46573804420954],[126.83299573047721,37.46586485346275],[126.83305167515726,37.47724609202561],[126.83207896931147,37.477567839303255],[126.831748094785,37.47765099515922],[126.8308014268702,37.47742382285023],[126.83045751617978,37.47733913520318],[126.82962156732732,37.47689529696528],[126.82920434457367,37.4761952955676],[126.82787204397955,37.475989206195926],[126.81942337104313,37.476327599338745],[126.81832133659623,37.47529875295106],[126.81766855189414,37.473238400176406],[126.8146560489532,37.474760190571374],[126.8147297971682,37.47505730580812],[126.8149648707539,37.47586011824494],[126.8164114187513,37.4775367482477],[126.81899730246482,37.47916199569073],[126.82326789207937,37.487907643842945],[126.82091210348338,37.49071710740066],[126.81457485845853,37.493192934849425],[126.81438948581945,37.49355713013953],[126.81301232084788,37.49640025944332],[126.81324736452453,37.49673344556678],[126.81364538733634,37.497044355726814],[126.81410529084549,37.49784990856397],[126.81577225840365,37.49764419625156],[126.81609666625901,37.4976438594166],[126.81622203409628,37.49767924896254],[126.81651458107154,37.49777769133381],[126.81891244854734,37.49874886844047],[126.81963994119019,37.499210470591336],[126.82156436043651,37.50215642273751],[126.8225503991556,37.50568489155373],[126.82234749133093,37.50632398822782],[126.82222393535346,37.5072887973474],[126.82221511245574,37.50765396803279],[126.82221519928083,37.5076543706832],[126.82222289407576,37.50768732474905],[126.82311491606404,37.50793334005319],[126.82418922380724,37.508219906607955],[126.82627359402501,37.50876811109593],[126.82646025421474,37.50875009788251],[126.82688122184909,37.508515615643475],[126.82699050942098,37.50852643963278],[126.8269537946068,37.51039259057846],[126.8241877541951,37.51052493397963],[126.82425573652655,37.514467566321315],[126.82821380069792,37.529028938475236],[126.82211888561298,37.54067728557008]]]},"properties":{"name":"부천시","code":"31050"}},
{"type":"Feature","geometry":{"type":"Polygon","coordinates":[[[126.87455644404149,37.48536674953535],[126.83305167525448,37.477246092146046],[126.83226243272074,37.47631084017704],[126.83299573043226,37.46586485354717],[126.8325269118908,37.465738044511866],[126.83104261692822,37.46585151061014],[126.82779740037712,37.463241997262735],[126.82748268563489,37.4628546695649],[126.82735577117232,37.46267484955742],[126.8267852878423,37.46173599680813],[126.82670296588388,37.46151794941767],[126.82666927060743,37.46140397021828],[126.82610122716453,37.459479225204305],[126.8463731818965,37.41234460668312],[126.85738400646106,37.40228465664879],[126.87691791730964,37.40192879965541],[126.87041273931864,37.40703576688514],[126.8702422624962,37.40813790428148],[126.87084227678059,37.41171502607645],[126.87116120295586,37.41271055251469],[126.87221392450117,37.4117948144682],[126.87607146789301,37.41067832796901],[126.87916649497508,37.40899584015414],[126.8799090766851,37.41014032373827],[126.88093457177534,37.41085036278117],[126.88428386062373,37.411589461025095],[126.88461206197788,37.41164215202492],[126.88761661746817,37.41083396629302],[126.88898913326953,37.41142339919123],[126.88899376442663,37.418903491702395],[126.89643361574736,37.42518419030816],[126.89676481091335,37.42757243873372],[126.89457774570504,37.427414767775346],[126.89432831274888,37.42908949499124],[126.89897791293275,37.438701825428986],[126.87455644404149,37.48536674953535]]]},"properties":{"name":"광명시","code":"31060"}},
{"type":"Feature","geometry":{"type":"Polygon","coordinates":[[[127.1229413627285,37.14449320131156],[127.10303835870867,37.14386329026064],[127.03570053068775,37.13648843280332],[126.99754024098004,37.125326534264374],[126.99620503341602,37.069685990578925],[126.90450010646508,37.073367852899324],[126.85113771184774,37.01839256713101],[126.79763313923537,37.01413102856634],[126.78917338103793,36.99495312709681],[126.90970527831124,36.90160184566533],[127.07408241260157,36.93862499381743],[127.07504314683568,36.939987308045275],[127.07832179034887,36.94250515004525],[127.08566242062123,36.94753245769955],[127.08621204847665,36.947737902127294],[127.08804529321434,36.94677579961283],[127.0891383197947,36.94616479362562],[127.08983206348688,36.94570134845804],[127.09191453907468,36.94344763982178],[127.09289255881093,36.94282035879668],[127.09383886978641,36.94237809552435],[127.09504202457714,36.94218231033142],[127.09576394260802,36.94237432202869],[127.09602069919426,36.94278045127405],[127.09622903290798,36.943443997921165],[127.09700264326086,36.947994128809675],[127.09854709570229,36.94907586669048],[127.10291922602322,36.952744972810684],[127.10299579489137,36.953080281156076],[127.10299942453918,36.95316023875758],[127.10291887902694,36.95327829660919],[127.10210579640716,36.95383541503062],[127.10074733078548,36.954430137195544],[127.09843636555912,36.954462754936884],[127.0964148263548,36.9556915447083],[127.09650568803644,36.9593397164119],[127.09718404458714,36.960123112556055],[127.10250500803704,36.96476096051275],[127.10454693300973,36.96576335214981],[127.10483108337537,36.965700579723915],[127.1050519548884,36.9656674528214],[127.10558969121718,36.96563939528315],[127.10650418861455,36.96590411631778],[127.11085322059067,36.96922434401787],[127.1115436724789,36.971280734608655],[127.1143989399082,36.97147315177042],[127.11790795501655,36.97100853304216],[127.11837825714302,36.9709176748546],[127.11865030772145,36.97085066497601],[127.11937483727479,36.97063002902086],[127.12021399974613,36.97034704744633],[127.14114013693482,36.97900166791596],[127.1378310986747,36.99393635655943],[127.15410497992457,36.99783622960905],[127.15234540213821,37.028375831381965],[127.10555731399599,37.03518409589823],[127.12373017664927,37.09031198203963],[127.1229413627285,37.14449320131156]]]},"properties":{"name":"평택시","code":"31070"}},
{"type":"Feature","geometry":{"type":"Polygon","coordinates":[[[127.0912339145632,37.97162792412116],[127.09022595851334,37.97152261940597],[127.08938396700135,37.971685417723045],[127.08084201960672,37.97638530844093],[127.07680187046576,37.97668526835044],[127.073421513642,37.97666035448586],[127.06894773929929,37.975789105757755],[127.06833274577987,37.9753480037215],[127.06613602756622,37.97523210990713],[127.06414763065538,37.979170228249615],[127.05616946969292,37.980012063834906],[127.05569154527464,37.98017445138712],[127.0532985508685,37.980717185141685],[127.05317635009567,37.98054495746531],[127.05215122750667,37.97949132524129],[127.0506941040876,37.9791495921385],[127.04945327333505,37.97886180861328],[127.04954237526343,37.9758616908684],[127.04733334270507,37.97421387791054],[127.04610396750876,37.9738810072344],[127.0449653843698,37.973088618437934],[127.04466912750925,37.97249412224315],[127.04182847437269,37.960062332701476],[127.02883205380824,37.95587674967591],[127.0277731184887,37.95378683199061],[127.02893196837505,37.94917381582574],[127.02776954807241,37.94375048188512],[127.0260622512831,37.9412642741748],[127.02503811677298,37.940408606250564],[127.02353630792769,37.939823290691244],[127.02245787876444,37.939727484644465],[127.02242144033158,37.93972439133414],[127.01958847815357,37.93825634286527],[127.01685799964409,37.93670712781639],[127.01597043092062,37.93529277896083],[127.01420660766661,37.9314279822077],[127.01425206010069,37.93119373553056],[127.01427479121854,37.93108562197341],[127.01441126059997,37.930914429468686],[127.01410405510406,37.93036489332763],[127.01367173989561,37.92984239909223],[127.01209059533836,37.929112795422476],[127.00972464882969,37.928230068888574],[127.06049724473436,37.869267257568524],[127.10885873782642,37.8603831962707],[127.15499692897666,37.8955919121686],[127.0912339145632,37.97162792412116]]]},"properties":{"name":"동두천시","code":"31080"}},
{"type":"Feature","geometry":{"type":"Polygon","coordinates":[[[126.88130235574992,37.37744471625931],[126.84147099513488,37.3627945332408],[126.81680239989183,37.29804341567166],[126.84327813004414,37.26766950875502],[126.84391413061941,37.26748499244238],[126.86313504683513,37.274098256963484],[126.92728730643596,37.27880530902375],[126.9276143647399,37.27920235884083],[126.92801867983671,37.28195019109157],[126.9291420834163,37.28597398955123],[126.93129855870167,37.28695995344723],[126.93201825648309,37.288204368780306],[126.93291075251247,37.29129260477259],[126.933037007613,37.2915756555354],[126.93345108079039,37.291996279207915],[126.93416333557039,37.29239849229221],[126.93713312666463,37.29337100512541],[126.93961023450699,37.295397116711456],[126.93935723311937,37.29661478025328],[126.93543605220057,37.29803600375918],[126.93409707431535,37.299019623432436],[126.93238103375937,37.30086432862201],[126.93246196530535,37.3014019035744],[126.93260634311329,37.30231034202088],[126.93293329466994,37.30304238966208],[126.93024821151037,37.30724431154296],[126.87428643854447,37.32108154745697],[126.89637796540524,37.3594853059989],[126.88130235574992,37.37744471625931]]]},"properties":{"name":"안산시상록구","code":"31091"}},
{"type":"Feature","geometry":{"type":"MultiPolygon","coordinates":[[[[126.61440381161745,37.31445240560486],[126.57170828531646,37.297739978042166],[126.56167340901635,37.277338883466065],[126.53280590006597,37.288948049726784],[126.56268770585504,37.19297588489275],[126.6221338988612,37.23618973534993],[126.62604860832266,37.20239870177689],[126.62922423773033,37.218263142937204],[126.64504939575657,37.19224520680484],[126.65277973187095,37.19975222914499],[126.64082640086056,37.27399683172977],[126.6242870269491,37.264040376654656],[126.57804814154929,37.292818813726406],[126.61617514156245,37.31377289069976],[126.61440381161745,37.31445240560486]]],[[[126.84147099513488,37.3627945332408],[126.71753916716814,37.30828408014206],[126.81680239989183,37.29804341567166],[126.84147099513488,37.3627945332408]]]]},"properties":{"name":"안산시단원구","code":"31092"}},
{"type":"Feature","geometry":{"type":"Polygon","coordinates":[[[126.9921976450405,37.67962695974978],[126.95507158472115,37.69310003981786],[126.90775235027625,37.67023230628983],[126.92909641940221,37.748485008202884],[126.83675961669414,37.72745672564102],[126.8538390537567,37.687963361170624],[126.79094005210523,37.62562300428209],[126.75951924716875,37.629694100285725],[126.80258140126219,37.60503274958829],[126.85363177699416,37.57179056678837],[126.88205583154172,37.590792433369934],[126.90481016432571,37.649128043724616],[126.94751096467553,37.65918537633999],[126.95841841842733,37.629469751140356],[126.97536907543345,37.631698170595676],[126.98420224929413,37.636340308512715],[126.9921976450405,37.67962695974978]]]},"properties":{"name":"고양시덕양구","code":"31101"}},
{"type":"Feature","geometry":{"type":"Polygon","coordinates":[[[126.83675961669414,37.72745672564102],[126.79606076675805,37.73585665257509],[126.77341802035664,37.70387136736389],[126.73247007043427,37.64751844511563],[126.75951924716875,37.629694100285725],[126.79094005210523,37.62562300428209],[126.8538390537567,37.687963361170624],[126.83675961669414,37.72745672564102]]]},"properties":{"name":"고양시일산동구","code":"31103"}},
{"type":"Feature","geometry":{"type":"Polygon","coordinates":[[[126.77341802035664,37.70387136736389],[126.6739512015525,37.70029932369466],[126.73247007043427,37.64751844511563],[126.77341802035664,37.70387136736389]]]},"properties":{"name":"고양시일산서구","code":"31104"}},
{"type":"Feature","geometry":{"type":"Polygon","coordinates":[[[127.04736923910885,37.43070182006726],[127.03314058887757,37.465017388744734],[126.98863550906393,37.45816584549993],[126.96380330603212,37.44078692512825],[126.98237142848294,37.400685108789745],[127.04207674764108,37.41553876464106],[127.04736923910885,37.43070182006726]]]},"properties":{"name":"과천시","code":"31110"}},
{"type":"Feature","geometry":{"type":"Polygon","coordinates":[[[127.17059803334575,37.58102924025373],[127.16556777781753,37.58418415907571],[127.16495075394128,37.58418501510862],[127.16359240705877,37.58429951065516],[127.16237029347265,37.584584987776715],[127.16229060568106,37.58462958664173],[127.16125678953334,37.58537035677521],[127.16078822877779,37.58597915898546],[127.16063598976648,37.586258669700186],[127.16048988594275,37.58677242789226],[127.16067317763275,37.587772273632034],[127.1609858269744,37.58838001612052],[127.16112150411884,37.5885433606222],[127.16148117530251,37.58887291457871],[127.162012583156,37.58935619224083],[127.1626190413268,37.58968873042359],[127.16377441401015,37.589907893063526],[127.16496283507153,37.58971253212511],[127.16613505258928,37.58986858088994],[127.16786874465384,37.590478819752924],[127.16808840148732,37.590606053722084],[127.16846963095837,37.59083386034517],[127.16888469480003,37.591635152792826],[127.16895298910903,37.5917927279628],[127.16886398648622,37.59249562130983],[127.16827162429023,37.593433473199966],[127.16777121540606,37.593962182076346],[127.1676956871669,37.59404217413806],[127.16664966620772,37.59482327672439],[127.16497528201114,37.59540223178585],[127.16479229153019,37.59546160770385],[127.16380391278398,37.59575523184246],[127.15931395225208,37.59563518223025],[127.15612212710131,37.5962881136742],[127.15365595022766,37.59743106176865],[127.15060289313524,37.59994419408148],[127.14809595677843,37.606033464600834],[127.14552818003764,37.61344720051267],[127.14559761511656,37.61412285072585],[127.14568584594723,37.61426999520465],[127.14648390384353,37.615684966980474],[127.14629401401325,37.61705018446405],[127.14595084165394,37.61814529089347],[127.14348639022401,37.62065751479134],[127.1433321840049,37.620962321278036],[127.1429849979718,37.62200964030014],[127.1428960273628,37.62246127224168],[127.14282652151637,37.62322039498524],[127.14290226989368,37.62426220476506],[127.1431449745778,37.62521089686378],[127.14370222874429,37.6269325738367],[127.14472775106961,37.63005772828381],[127.14486979818805,37.630287305959804],[127.14537096318043,37.63049898830449],[127.14581652462357,37.63069609636887],[127.14638067979325,37.63098259642749],[127.14665000932034,37.63112303924485],[127.14703869236543,37.631464929789175],[127.14806319174063,37.632530002738086],[127.14882293749857,37.63357778528683],[127.14915647935132,37.63463065517406],[127.14940129327259,37.639377916847494],[127.14651519846846,37.64336748173749],[127.14041927159367,37.64608112182849],[127.13158986683945,37.64190710515854],[127.11125728360498,37.64237533356503],[127.10555591395581,37.62037072483441],[127.10088786747095,37.573763493919046],[127.11522556154925,37.55676018797063],[127.16864750782337,37.578997477585695],[127.17059803334575,37.58102924025373]]]},"properties":{"name":"구리시","code":"31120"}},
{"type":"Feature","geometry":{"type":"Polygon","coordinates":[[[127.37150603315419,37.64762957998557],[127.33395134671653,37.752716724447936],[127.26691394724544,37.779871280087065],[127.265736278836,37.78052643870201],[127.2654858505344,37.77914377793279],[127.26227609298242,37.77666429120393],[127.25994271837264,37.76829805093863],[127.22512289092126,37.75345998951226],[127.21286816918014,37.761537105080826],[127.21324899039652,37.76773500125482],[127.2116419821859,37.76936860789184],[127.21026886258606,37.769443114329256],[127.2102685971205,37.76944312467906],[127.20792469805981,37.76733901624889],[127.20818047034936,37.76544655818516],[127.20770147920669,37.76460950724543],[127.20720012962231,37.76388960924685],[127.2051442078575,37.76324450032668],[127.20363882057968,37.764715651362344],[127.20210826635908,37.76529487812308],[127.2017451789244,37.76522341847959],[127.19873231743284,37.76321035618535],[127.19685579227432,37.761699872714765],[127.19668544787905,37.76165510761942],[127.18532122208246,37.76450238299984],[127.182823922193,37.76439813427518],[127.18046491358297,37.76320141217672],[127.17904068227251,37.76271909433262],[127.16594453185762,37.74734071864715],[127.15797196816273,37.74921655481353],[127.14677446795051,37.756024117986215],[127.14617207081992,37.75552032067657],[127.1461776813291,37.75549786935479],[127.14661489279683,37.753744320947085],[127.14725628292958,37.7519869470587],[127.14652465933105,37.74985453901716],[127.14267386303715,37.74793259622194],[127.14177751444102,37.74772304668615],[127.13836825630733,37.74741599377048],[127.13749768470517,37.74810111115245],[127.13739627727774,37.74819780324043],[127.13634220011197,37.74952032385745],[127.13634192785852,37.749520318066324],[127.13479832985018,37.74946604953913],[127.13203170446253,37.74891956000037],[127.12863805407758,37.748081437878],[127.12836323278083,37.74728014770735],[127.12863699474309,37.74622264131848],[127.12369352809394,37.73895457309651],[127.12578399176236,37.72746879249837],[127.11156165029519,37.7172398090851],[127.10902698457116,37.71335447336865],[127.10931070983281,37.70981678896186],[127.10894716369444,37.70862391684643],[127.10844685376979,37.70819697133669],[127.10718976841123,37.70757812284675],[127.1066404762739,37.70758650527389],[127.10588902961197,37.70760010807748],[127.10588875054404,37.70760011099558],[127.10391428731567,37.707213589672946],[127.10390955572888,37.70720985106303],[127.10315739614528,37.70653992550348],[127.10224648583383,37.705768982662754],[127.10107338158944,37.704833820083074],[127.09815280829078,37.70360134773658],[127.09503880514443,37.70273358732376],[127.08712533781107,37.701948150350816],[127.0839755750993,37.70188299080217],[127.08025008406861,37.6995256810389],[127.08023289326711,37.69951330412408],[127.08517719558533,37.69038984885033],[127.09599596018137,37.689071047239835],[127.09456997096662,37.644570601051335],[127.14041927207806,37.646081121934536],[127.14651519860662,37.6433674817879],[127.14808067239225,37.64142844784531],[127.14940129471455,37.63937791786032],[127.14915648056395,37.634630655743464],[127.1488229374562,37.63357778535694],[127.14806319285437,37.632530002914635],[127.14703869336293,37.631464930663405],[127.14665001083296,37.63112304025528],[127.14638068082795,37.63098259739689],[127.14581652448311,37.63069609728458],[127.1448697985784,37.630287306500385],[127.14472775159422,37.63005772921472],[127.14370222904792,37.626932573762616],[127.14314497484034,37.62521089658625],[127.14290227034535,37.62426220566142],[127.14282652189988,37.623220394638544],[127.14289602855384,37.62246127218702],[127.1429849978432,37.622009640119124],[127.1433321840011,37.62096232138964],[127.14348639182589,37.620657514436],[127.14595084283172,37.61814529081848],[127.14629401397407,37.61705018433084],[127.14648390385821,37.61568496785793],[127.14568584743553,37.61426999613933],[127.1455976150997,37.61412285171675],[127.14552818103618,37.61344720065193],[127.1506028941576,37.59994419382378],[127.15365595169204,37.59743106232291],[127.15612212727787,37.59628811449403],[127.16325504545004,37.59590014336323],[127.16380391332045,37.59575523186317],[127.16479229292733,37.59546160772261],[127.16497528194478,37.59540223252575],[127.16664966786583,37.594823276759705],[127.16769568821351,37.59404217387148],[127.1677712167935,37.59396218277193],[127.1682716241732,37.593433473154555],[127.16886398639276,37.5924956209397],[127.16895298898076,37.59179272895604],[127.16888469513697,37.59163515289922],[127.16846963125073,37.590833860275396],[127.16808840265627,37.59060605429206],[127.1678687463246,37.59047882065528],[127.16613505398527,37.58986858163574],[127.1649628351684,37.589712531993186],[127.16377441508395,37.589907892883325],[127.162619041199,37.589688730070954],[127.16201258433595,37.589356193292375],[127.16148117669323,37.58887291525061],[127.161121504341,37.58854336115607],[127.16098582693246,37.58838001683848],[127.160673177687,37.587772274603786],[127.16048988609991,37.586772428849336],[127.16063599128788,37.58625867056964],[127.16078823006598,37.585979160062855],[127.16125679063465,37.58537035686006],[127.16237029460288,37.584584988310546],[127.16359240866595,37.58429951040429],[127.16495075440373,37.58418501607536],[127.16556777778705,37.58418415872864],[127.17059803327822,37.58102924102268],[127.18333267501835,37.59171739187941],[127.2021610295578,37.58911458138001],[127.23223033750811,37.559873522613316],[127.23459048815528,37.555621566880504],[127.23781907039834,37.54661550610827],[127.23781930737982,37.54661511548157],[127.23794393085244,37.54644086586304],[127.2381337302063,37.54624282826694],[127.2408759724077,37.543895574202416],[127.2421679211586,37.542918464009794],[127.24680964940896,37.541557996403704],[127.25132149270897,37.53952581505725],[127.25628893723652,37.53710223217069],[127.25913468107125,37.53560999213516],[127.2628499709058,37.53317055890562],[127.26364040892625,37.532683965210154],[127.2643476675565,37.532320025341825],[127.26487281178936,37.53205756680933],[127.28127869508695,37.52511217197668],[127.2846301316808,37.52106237931998],[127.28734454655891,37.50673032880967],[127.30676118091395,37.51951020762776],[127.37150603315419,37.64762957998557]]]},"properties":{"name":"남양주시","code":"31130"}},
{"type":"Feature","geometry":{"type":"Polygon","coordinates":[[[127.10303835870867,37.14386329026064],[127.0644357635038,37.19905046135929],[127.02771269254593,37.20055241419369],[126.9949139516743,37.17565019815318],[127.03570053068775,37.13648843280332],[127.10303835870867,37.14386329026064]]]},"properties":{"name":"오산시","code":"31140"}},
{"type":"Feature","geometry":{"type":"Polygon","coordinates":[[[126.75436158800076,37.417510128972374],[126.79156678621409,37.39311429129735],[126.74392880907338,37.39836100407928],[126.69129973518204,37.33577290653396],[126.61440381161745,37.31445240560486],[126.61617514156245,37.31377289069976],[126.67124324909918,37.329037682840436],[126.71753916716814,37.30828408014206],[126.84147099513488,37.3627945332408],[126.88130235574992,37.37744471625931],[126.87691791730964,37.40192879965541],[126.85738400646106,37.40228465664879],[126.8463731818965,37.41234460668312],[126.82610122716453,37.459479225204305],[126.82318676250254,37.458383492946766],[126.81324083979962,37.46014419082185],[126.80889545662902,37.462128405764645],[126.80405934326213,37.4615077335335],[126.8037992422364,37.46155235800831],[126.80340341073256,37.461641804853244],[126.80318852480451,37.461695495340365],[126.78920666083725,37.46564422773408],[126.78430394628133,37.472392831478594],[126.77819728259638,37.47179467935457],[126.75436158800076,37.417510128972374]]]},"properties":{"name":"시흥시","code":"31150"}},
{"type":"Feature","geometry":{"type":"Polygon","coordinates":[[[126.94170939862492,37.3786564389749],[126.94047537890206,37.37863125632419],[126.94095874565501,37.377123971632734],[126.94058481909518,37.376486935743614],[126.93993423535075,37.37592287735469],[126.93570211286801,37.37589167825878],[126.93280106358483,37.377601950063955],[126.91844589621122,37.37694453902186],[126.89637796540524,37.3594853059989],[126.87428643854447,37.32108154745697],[126.93024821151037,37.30724431154296],[126.96206055899614,37.361491561876626],[126.94793205473381,37.369311361889594],[126.94650182297661,37.37576097480008],[126.9451521147201,37.37672950561477],[126.94501718195173,37.376646032588475],[126.94170939862492,37.3786564389749]]]},"properties":{"name":"군포시","code":"31160"}},
{"type":"Feature","geometry":{"type":"Polygon","coordinates":[[[127.0432451715937,37.40388506543028],[127.04207674764108,37.41553876464106],[126.98237142848294,37.400685108789745],[126.96206055899614,37.361491561876626],[126.93024821151037,37.30724431154296],[126.93293329466994,37.30304238966208],[126.93433511168406,37.30333878354307],[126.93658330341091,37.3028363088344],[126.93716729674176,37.30208425953354],[126.94105468910904,37.30161349309311],[126.94238693582578,37.30033960629331],[126.96080547085221,37.302333396821105],[126.9616865270779,37.30236652781516],[126.96203417541675,37.30240972289961],[126.96323818690794,37.30352134833576],[126.96621784933218,37.3077961223378],[126.97130647849485,37.331764242364756],[127.0181905489801,37.35095164062729],[127.02791637107644,37.37196025103475],[127.0432451715937,37.40388506543028]]]},"properties":{"name":"의왕시","code":"31170"}},
{"type":"Feature","geometry":{"type":"Polygon","coordinates":[[[127.28570106176159,37.514398367242855],[127.2812786938469,37.52511217121844],[127.26487281044457,37.532057566683605],[127.26434766767268,37.532320025292066],[127.2636404085044,37.532683965435695],[127.262849970931,37.533170558976266],[127.25913468117297,37.53560999246034],[127.2562889367593,37.53710223240931],[127.2513214927621,37.539525815032896],[127.2468096492241,37.54155799581724],[127.24216791978297,37.54291846412756],[127.24087597107793,37.54389557416184],[127.23813372871545,37.54624282812121],[127.2379439308771,37.54644086607012],[127.23781930596657,37.54661511559655],[127.23781907026715,37.54661550536083],[127.23767775611682,37.5468843917126],[127.23750411480317,37.54721500486014],[127.23644114044036,37.54979442120766],[127.23459048818232,37.555621566724064],[127.23223033621744,37.55987352269243],[127.20216102787909,37.58911458043852],[127.17059803334575,37.58102924025373],[127.16864750782337,37.578997477585695],[127.18353917115842,37.545170394594436],[127.14509193596389,37.51683494815689],[127.14352658918455,37.4739304181604],[127.17562566982981,37.47196126788857],[127.17875434335936,37.47480790086082],[127.24460006245884,37.476649622809354],[127.25462071892169,37.506311592781394],[127.26829988519953,37.50636255342612],[127.28570106176159,37.514398367242855]]]},"properties":{"name":"하남시","code":"31180"}},
{"type":"Feature","geometry":{"type":"Polygon","coordinates":[[[127.33868902942945,37.2705481426108],[127.27599419833751,37.273492026248064],[127.28111532617487,37.345787315761555],[127.14226174235502,37.336618302661016],[127.13752921675469,37.32420037617359],[127.17712794450344,37.282257784034705],[127.15069057471385,37.220009646604495],[127.16065790397454,37.17987552066842],[127.1229413627285,37.14449320131156],[127.12373017664927,37.09031198203963],[127.185945609199,37.08364780735853],[127.26419207361941,37.15572583267066],[127.30784387259723,37.10574782228774],[127.41531839357903,37.08894196093009],[127.42744967205434,37.146799761790724],[127.41082925572923,37.18325992998363],[127.33030564680297,37.22040890975863],[127.33868902942945,37.2705481426108]]]},"properties":{"name":"용인시처인구","code":"31191"}},
{"type":"Feature","geometry":{"type":"Polygon","coordinates":[[[127.15069057471385,37.220009646604495],[127.17712794450344,37.282257784034705],[127.13752921675469,37.32420037617359],[127.09868719072688,37.32187644610515],[127.09911569274365,37.31377843339213],[127.09331712196001,37.31162403283122],[127.09248732607756,37.30157477344339],[127.0900663134503,37.298559054693506],[127.089645020268,37.29825810208224],[127.08962892751451,37.29825180415003],[127.06472476651957,37.27041446146986],[127.07479041880609,37.26609693232566],[127.07428110381815,37.263654594227134],[127.07503599984639,37.26194779389954],[127.07569517725418,37.26127666893305],[127.0774238086662,37.26321429503187],[127.07732238458563,37.26568705187427],[127.08487587015365,37.269912330161],[127.08501496176294,37.26967881013173],[127.08551075275925,37.26879741911084],[127.08620935497225,37.264849181417766],[127.08528055875573,37.26359213431256],[127.08448922561071,37.26255425007009],[127.08414478447901,37.26248438136205],[127.08291504200338,37.2622442051599],[127.0820822389884,37.26208624803203],[127.08205949705015,37.26207387270491],[127.08132172703306,37.26083263348849],[127.08077754031996,37.25990324448802],[127.08094765095673,37.25852060257553],[127.08096030421007,37.25849327914091],[127.08239377976871,37.25857566027464],[127.08368473646168,37.25879298858413],[127.0844888428976,37.257066096806504],[127.08468548168705,37.256490142941416],[127.08363458813525,37.25495388419882],[127.08326400985291,37.25477663215482],[127.08263171375543,37.25444621692688],[127.08220286663402,37.253968959362055],[127.08175082122754,37.25269965186993],[127.08266251641234,37.25163496083205],[127.08172656471267,37.24876213773171],[127.08168618630054,37.248717671520836],[127.08115489362561,37.24841872488005],[127.08105431614169,37.248377697966525],[127.0800600073285,37.24740184252994],[127.07613700991743,37.24742775175199],[127.07330832275278,37.24703670200929],[127.07267139073362,37.246906435392766],[127.07070982418038,37.246443564247066],[127.07003041305634,37.24626600430846],[127.06981516521311,37.24620671364446],[127.06970417538582,37.24616820465123],[127.06955671941151,37.246106622407275],[127.06929492486898,37.245984853310375],[127.0692581899643,37.2458744966663],[127.06923822868144,37.2458046783346],[127.06919324001674,37.24571460015331],[127.06888391167335,37.24542109218961],[127.06789619816747,37.24468364623378],[127.06547270798512,37.24369045950948],[127.06691705450571,37.24018519499458],[127.06888632689378,37.22986508298083],[127.08823399108616,37.216601978530356],[127.15069057471385,37.220009646604495]]]},"properties":{"name":"용인시기흥구","code":"31192"}},
{"type":"Feature","geometry":{"type":"Polygon","coordinates":[[[127.13787182573765,37.339722491286295],[127.02791637107644,37.37196025103475],[127.0181905489801,37.35095164062729],[127.03338888723381,37.344552110500615],[127.03150613564617,37.336801832015105],[127.03806057665881,37.32833495030419],[127.0370474257791,37.326244793004136],[127.03947533057108,37.32271877684948],[127.03969892207215,37.32094619219226],[127.03982032399256,37.32099545282001],[127.042335314272,37.319017706492765],[127.04982169221395,37.31585453705835],[127.05769047789792,37.31554555478462],[127.06056566654567,37.310963413027565],[127.05816573349678,37.3047907159747],[127.0608348542274,37.303564859260455],[127.0609992670719,37.30219464570309],[127.06011030029234,37.29943597054739],[127.0602510516036,37.29662684796296],[127.06029735430505,37.296618695648235],[127.06218764154178,37.29628587793715],[127.07897445430807,37.29328155769079],[127.07962060379867,37.295064237133474],[127.08280939800295,37.297667238380974],[127.08340146045849,37.297780584385144],[127.08650257000119,37.29829170088045],[127.08724499913332,37.29811631269658],[127.08962892751451,37.29825180415003],[127.089645020268,37.29825810208224],[127.0900663134503,37.298559054693506],[127.09248732607756,37.30157477344339],[127.09331712196001,37.31162403283122],[127.09911569274365,37.31377843339213],[127.09868719072688,37.32187644610515],[127.13752921675469,37.32420037617359],[127.14226174235502,37.336618302661016],[127.13787182573765,37.339722491286295]]]},"properties":{"name":"용인시수지구","code":"31193"}},
{"type":"Feature","geometry":{"type":"Polygon","coordinates":[[[126.97250283334604,37.94208451053178],[126.97469920289478,37.942969358051705],[126.97630113344395,37.94454774556015],[126.97728397860017,37.95156252925559],[126.98506453302289,37.95572307589483],[126.9860424670406,37.956065562200024],[126.98658669363468,37.955971033766495],[126.98694812467312,37.95605750999238],[126.98823685694563,37.956370451292315],[126.98850991667021,37.95646311588109],[126.98884140572716,37.95696795109635],[126.98906871342031,37.95751191029064],[126.98821967869533,37.961899057655366],[126.99092072116909,37.967677933780884],[127.00172073484626,37.96828541025766],[127.0171071350482,37.986962811717696],[126.98938158246214,38.01059073870552],[126.9381816167814,37.98087342784956],[126.93248964236005,37.98177705954411],[126.92679684167028,37.98335639667889],[126.92624459238432,37.98354411241809],[126.92480929203802,37.98407106275546],[126.92405862287549,37.98435239345821],[126.92336336735282,37.984701605135584],[126.92110315381096,37.98552555202376],[126.91369238803186,37.98769767611576],[126.9097167286728,37.98829543867515],[126.90401695981804,37.99439037728988],[126.89832438347315,37.99467916701706],[126.89711404054958,37.994960483854165],[126.89682783846858,37.99495094091347],[126.89562400382958,37.99490312252802],[126.89294856267342,37.9932849331885],[126.89275667222385,37.99277123036041],[126.89273258747161,37.992706738478944],[126.89242625307304,37.99188408326418],[126.89217761375284,37.984676747121966],[126.89551470088415,37.96974331470803],[126.89516738487013,37.96927339346279],[126.89180638716161,37.96738089316758],[126.88698421275755,37.9662366252794],[126.88129297850067,37.96699560713485],[126.87559883245603,37.96939033935872],[126.87383124184981,37.97024346641841],[126.87359806214616,37.970382576992165],[126.87340509661051,37.97049779384098],[126.87245519091049,37.971093618834],[126.87006638720806,37.97384302067157],[126.86756520208355,37.975795769862174],[126.85280328902442,37.98600295622299],[126.85090221884641,37.98648703558321],[126.84908830166421,37.98661645848242],[126.84711267836349,37.98607894943762],[126.82073720612067,37.95745925305562],[126.8188718650566,37.95851918608981],[126.81686801767462,37.96097614736876],[126.81681702552257,37.96160418415873],[126.81690281606356,37.96206238574392],[126.81753810588833,37.96220415085796],[126.81849142246831,37.96359137039272],[126.81876147872372,37.96410278682638],[126.81731524473857,37.96572190937347],[126.81630155166047,37.966852114667596],[126.81268512795785,37.96929772021053],[126.8091940706622,37.96899870515806],[126.80706476195292,37.97146486557574],[126.80665465622818,37.97269112901748],[126.81073775490009,37.97420546518615],[126.80937514097025,37.975049837401],[126.80836819392886,37.97479986578661],[126.80624788062518,37.98024217090173],[126.80274118511274,37.982657528264056],[126.80075398827414,37.99174896473127],[126.79639386471253,37.99369503605828],[126.78356883470433,37.98172771541322],[126.77245758235742,37.983876978846105],[126.77314660187598,37.978422383937335],[126.75171102335295,37.98062267142882],[126.73687780263684,37.96603553697515],[126.70248604562123,37.9743187848938],[126.67099026882097,37.9551777225564],[126.69212941051143,37.86850642255105],[126.65932324281292,37.8403032276007],[126.66262250511144,37.7806998422412],[126.6739512015525,37.70029932369466],[126.77341802035664,37.70387136736389],[126.79606076675805,37.73585665257509],[126.83675961669414,37.72745672564102],[126.92909641940221,37.748485008202884],[126.90195444066754,37.82483740603004],[126.93667406932818,37.841330680243026],[126.97250283334604,37.94208451053178]]]},"properties":{"name":"파주시","code":"31200"}},
{"type":"Feature","geometry":{"type":"Polygon","coordinates":[[[127.62831455887928,37.15528638525322],[127.5956803206541,37.18988258486584],[127.57082670685104,37.17017717850317],[127.51714469456748,37.182432509972784],[127.54591973970626,37.311140176667955],[127.44249693331497,37.35836106020152],[127.33868902942945,37.2705481426108],[127.33030564680297,37.22040890975863],[127.41082925572923,37.18325992998363],[127.42744967205434,37.146799761790724],[127.51543618745741,37.10290335223666],[127.4869921959272,37.054438348864146],[127.55683436403744,37.041246883018985],[127.57797674741158,37.07534104161891],[127.60471836797207,37.068779418468424],[127.62831455887928,37.15528638525322]]]},"properties":{"name":"이천시","code":"31210"}},
{"type":"Feature","geometry":{"type":"Polygon","coordinates":[[[127.42744967205434,37.146799761790724],[127.41531839357903,37.08894196093009],[127.30784387259723,37.10574782228774],[127.26419207361941,37.15572583267066],[127.185945609199,37.08364780735853],[127.12373017664927,37.09031198203963],[127.10555731399599,37.03518409589823],[127.15234540213821,37.028375831381965],[127.15410497992457,36.99783622960905],[127.1378310986747,36.99393635655943],[127.14114013693482,36.97900166791596],[127.12021399974613,36.97034704744633],[127.12073970133004,36.968985889839686],[127.12086288060624,36.96876950711958],[127.12117667460397,36.96834569231627],[127.12135623699254,36.968273397887366],[127.121625667437,36.968228083112884],[127.12195131813876,36.96822775022949],[127.12220966913668,36.96826354038001],[127.12244562408381,36.968353408396275],[127.12272647836565,36.96841620677815],[127.12299606031978,36.96845196149305],[127.12351264215799,36.968460446162084],[127.12380457224305,36.96843311485149],[127.12432102349268,36.96836049372091],[127.12966292986525,36.96641753725346],[127.14425894177694,36.971140548487355],[127.14889368913971,36.96954898766648],[127.15236345173912,36.96936443791235],[127.15620529094186,36.97000824695455],[127.15918128518932,36.96975513237857],[127.15805581424372,36.968825407573405],[127.15567472492754,36.966868848717354],[127.1544236575156,36.96622589240538],[127.15447901925043,36.96582948145104],[127.15528497636357,36.96455791727203],[127.15536336980978,36.96445869664808],[127.1554024791201,36.9644272181542],[127.15584733804229,36.96429586990821],[127.15843857363437,36.963814899181344],[127.15887661618592,36.963868384479206],[127.16344472784911,36.962735899054486],[127.16553074167946,36.96166079366999],[127.1682384597084,36.96237785183898],[127.17112589741,36.9631306557623],[127.17191248245203,36.963255685992856],[127.1777274419429,36.96269753461128],[127.1781983790681,36.96251661903855],[127.17875576740038,36.96076769187215],[127.1789557070001,36.959830270010436],[127.17904325968343,36.95870342432349],[127.17907453359166,36.95781167108109],[127.17925363909816,36.95757712292077],[127.17953385956767,36.95736945446679],[127.18049809332514,36.95667420583538],[127.18830792790584,36.95452658940479],[127.18858775956018,36.95417472648593],[127.189282344505,36.95355188510458],[127.19075051697261,36.95248627750181],[127.1954531529023,36.951947047211284],[127.1988225289592,36.95229292460434],[127.20129149709089,36.95200044453815],[127.20214401532247,36.951710661288516],[127.20357802954045,36.95054583517611],[127.20427224437107,36.94984180850997],[127.20686695602713,36.94613390241826],[127.20626332501763,36.942909070555864],[127.21155931495372,36.93780899864622],[127.21154805994266,36.93761784604245],[127.21155830711609,36.9373761923756],[127.21149985730317,36.936529276657645],[127.21139631198615,36.93561035431317],[127.20972717726715,36.93272982289218],[127.20985782137382,36.931233794451465],[127.21045076044732,36.93053896656823],[127.21714883417889,36.92964387876494],[127.21948547655273,36.93036048149446],[127.22003591809623,36.930467586107454],[127.22032781584835,36.930449048512614],[127.22838039819716,36.92451381291683],[127.22864918454339,36.924414174980846],[127.23388823944832,36.92359307130885],[127.23634650737624,36.92372339859306],[127.23731426041513,36.920910096641926],[127.23766107965658,36.92055798411702],[127.23940842433049,36.91946418361462],[127.23998004160704,36.919228756171066],[127.24404861051853,36.917598613591366],[127.24531747569185,36.917821239285985],[127.24814749162597,36.918527249201546],[127.24893471404287,36.919039230746485],[127.24894611198373,36.919093272594544],[127.24901577501619,36.91981399519186],[127.2489080633216,36.921210901972415],[127.24926802065679,36.9213813634177],[127.24956016181125,36.92148889374893],[127.2531319622342,36.9224363724554],[127.25431756229253,36.92124456717999],[127.25507748499227,36.92026977567061],[127.25566887254993,36.91924127468928],[127.25622711680653,36.918375036230294],[127.25860908848203,36.915873899653285],[127.27083198949384,36.91328773807375],[127.27345133824647,36.91145256281925],[127.27921324678289,36.900545093751646],[127.28103689409399,36.8991261091776],[127.28314837741569,36.896598083564],[127.28454607099182,36.89532422795165],[127.28525112762945,36.894853979103765],[127.2855869246919,36.89464592701706],[127.28585558508071,36.894483089084986],[127.28614672638696,36.89433821738111],[127.28750214550465,36.89378529364907],[127.28782886864117,36.89377887947625],[127.288029389186,36.89377501763133],[127.28901727403395,36.8939438375008],[127.29029766514996,36.89432820118068],[127.29032157600173,36.89769821362423],[127.2973690677927,36.90396145316626],[127.3033647714632,36.9163903665386],[127.29563385402479,36.93128665193675],[127.37565790321244,36.94865962289391],[127.39310712503614,36.99743255892017],[127.44708882749545,37.010885490360586],[127.4869921959272,37.054438348864146],[127.51543618745741,37.10290335223666],[127.42744967205434,37.146799761790724]]]},"properties":{"name":"안성시","code":"31220"}},
{"type":"Feature","geometry":{"type":"Polygon","coordinates":[[[126.66262250511144,37.7806998422412],[126.59377256419792,37.76115639368754],[126.52278317183797,37.790098159061586],[126.55642476485743,37.60573844814159],[126.62574102708598,37.602592747226794],[126.63719125931452,37.6267031590073],[126.6391152682969,37.6273093864752],[126.64221322227944,37.62810242904097],[126.64464467740586,37.62851637154228],[126.64711015252023,37.62747838748832],[126.64744767973353,37.628187507980535],[126.64878719787924,37.630519412320055],[126.64964500780097,37.63186499272005],[126.65150541084131,37.63514669260144],[126.65177454857118,37.63645446018803],[126.6540094175943,37.63821402504023],[126.65554497972047,37.63793838855513],[126.65742209740245,37.637954860817736],[126.69446850885251,37.62033922049515],[126.70090545662073,37.614271276588084],[126.70474398613915,37.61167857032141],[126.70544693878747,37.612053816859515],[126.70618570550502,37.609890085191765],[126.7061946636872,37.60981560566246],[126.70620931516795,37.609690910908995],[126.70612543992748,37.607677004944726],[126.70513029931942,37.606547448083674],[126.7040032978215,37.60465522149513],[126.70468146190316,37.60247463119927],[126.7069298909495,37.60359015480859],[126.70761427931915,37.60409557164703],[126.70768955275832,37.604167837211236],[126.70823129818787,37.60472469233628],[126.7084082299084,37.60491067955212],[126.70960283184536,37.60512958753948],[126.71019766944241,37.60514541890882],[126.7112742183171,37.60501208555445],[126.71406736771735,37.60385422671378],[126.71586912951621,37.60086734562706],[126.71616213227583,37.599907375137384],[126.71630419646556,37.59948725794868],[126.71637739210726,37.599407193047924],[126.72546216894096,37.59187463237035],[126.72724806003407,37.59190339004188],[126.72990167071102,37.59221473233371],[126.73110735556516,37.591829231221375],[126.73369155820393,37.59104676392336],[126.73625269502081,37.59048278786467],[126.73633207145127,37.59050820077662],[126.73663082954022,37.59072172836632],[126.73674645670496,37.59098974185446],[126.73677438739936,37.59297365672221],[126.73701658180707,37.5931757951197],[126.73779671409783,37.59342305969363],[126.73788915498545,37.593448880411216],[126.74164644042395,37.59207196152102],[126.74432404874351,37.59249536877054],[126.75218236634876,37.57971432832334],[126.7936954447703,37.58159385726774],[126.7937317691296,37.583038595929175],[126.79344108035994,37.58451960555157],[126.80094007508913,37.58816612344872],[126.797082229066,37.597738926962585],[126.80258140126219,37.60503274958829],[126.75951924716875,37.629694100285725],[126.73247007043427,37.64751844511563],[126.6739512015525,37.70029932369466],[126.66262250511144,37.7806998422412]]]},"properties":{"name":"김포시","code":"31230"}},
{"type":"Feature","geometry":{"type":"Polygon","coordinates":[[[126.84327813004414,37.26766950875502],[126.80475546597536,37.293703701046425],[126.78297159055391,37.2297483997701],[126.67961722652016,37.25719778121095],[126.66169604667472,37.292546935433904],[126.64869737643463,37.29294994417716],[126.63209685742719,37.28863415270961],[126.62933323755524,37.284906803492945],[126.63316360273264,37.28888879809146],[126.64796285855144,37.29256557956898],[126.66136886785388,37.29138109885552],[126.64644807286118,37.2785469529625],[126.63273284490603,37.286979892898486],[126.65383111839319,37.26942956361418],[126.64783810157557,37.24402077938308],[126.66086832509717,37.22091996441498],[126.64960854767926,37.183537945215726],[126.66991732440741,37.189235320294486],[126.64982123254413,37.154639581710164],[126.69121587904814,37.15719430084232],[126.67415285859535,37.11716011590086],[126.79763313923537,37.01413102856634],[126.85113771184774,37.01839256713101],[126.90450010646508,37.073367852899324],[126.99620503341602,37.069685990578925],[126.99754024098004,37.125326534264374],[127.03570053068775,37.13648843280332],[126.9949139516743,37.17565019815318],[127.02771269254593,37.20055241419369],[127.0644357635038,37.19905046135929],[127.10303835870867,37.14386329026064],[127.1229413627285,37.14449320131156],[127.16065790397454,37.17987552066842],[127.15069057471385,37.220009646604495],[127.08823399108616,37.216601978530356],[127.06888632689378,37.22986508298083],[127.06691705450571,37.24018519499458],[127.06646863017436,37.24008773541777],[127.06625105683936,37.2401706327209],[127.06594310042377,37.240203743088465],[127.06575255027273,37.24019343016467],[127.06559072661291,37.240181696248605],[127.06514673532679,37.24012674710968],[127.06247433882454,37.2383457817147],[127.06225073425448,37.238160056683896],[127.06002107746117,37.23630307535276],[127.05831622559434,37.234184210118485],[127.05596015320413,37.232763638390374],[127.05438233065452,37.23199762243393],[127.0526966509362,37.23127641399542],[127.05265562557997,37.231280648856874],[127.05245408906583,37.23138576950375],[127.05250934773318,37.23154103898922],[127.05377532861135,37.23233001415736],[127.05358607149766,37.233398118028454],[127.05152817722814,37.23432511166082],[127.04589960140733,37.23278234171302],[127.04499415040175,37.23323255261083],[127.04505284070402,37.23368398633161],[127.04504249094019,37.23373551023832],[127.04504232306739,37.23373568085934],[127.04494622987569,37.2338321382093],[127.04476406629904,37.23396932520834],[127.04442789153727,37.23421300763251],[127.04438354483842,37.234244279647314],[127.04433215378286,37.23427977193562],[127.04430961086153,37.23429274647475],[127.04407040168607,37.23442995264293],[127.04398326196021,37.234479830492305],[127.04371199683426,37.23458438458613],[127.04290002057294,37.23478403572916],[127.0414173873103,37.23548719304661],[127.03921649495794,37.23716272123276],[127.03917279701527,37.23724235204407],[127.03921763106578,37.23755285110509],[127.04189015027004,37.244838499284114],[127.04253032417263,37.247024052237634],[127.0411008925881,37.247449432433044],[127.04067157677505,37.24743479674469],[127.04022906542029,37.2469378137491],[127.04001224693613,37.24653890552438],[127.04088358170621,37.244268091244635],[127.04071091870067,37.24393128857459],[127.04011131132296,37.24454687507169],[127.03657329611131,37.24062887426998],[127.03626851902257,37.23956573828147],[127.03647132375703,37.23897958843621],[127.03667977298731,37.23888942241017],[127.03463304774311,37.23649366386072],[127.03044531990581,37.23349429960346],[127.02990951339841,37.23207078625889],[127.02608993949639,37.230873969297335],[127.02328961836308,37.230745972135395],[127.02187112567665,37.22454424986119],[127.0217264186292,37.224602842518],[127.02147856200139,37.224720020338204],[127.02147650854667,37.22472389347091],[127.0211808553694,37.22528139900526],[127.02118063406122,37.2252818145574],[127.02071907832159,37.2255217914977],[127.0084421251486,37.22701915377148],[127.00332672925188,37.23019509392653],[127.00111792693343,37.22651926896735],[126.99876648884005,37.225751108904944],[126.99700341333259,37.229253968184],[126.98946629343814,37.231685715937026],[126.98953345036318,37.23355540539998],[126.98767411997197,37.23423997777093],[126.98751636354541,37.234185887385486],[126.98746002350266,37.23414984005212],[126.98738116009652,37.23404170598586],[126.9873473666125,37.23396961916368],[126.98733613208682,37.23385248259195],[126.98734176434002,37.233735601115576],[126.98742615909345,37.23336634652619],[126.98662599847515,37.23364557147382],[126.98509945505559,37.2317892274393],[126.98232724266678,37.23224383524431],[126.9810650664781,37.23252745257278],[126.9807045464724,37.23223004621373],[126.97905978582088,37.2306168854386],[126.97895280869837,37.230364573305785],[126.97771349077293,37.22968404486356],[126.97289662115762,37.22872787724235],[126.97142810943086,37.22901303535205],[126.97047632600005,37.22935972925811],[126.97040765393082,37.22940105594636],[126.96958865843875,37.230123228498115],[126.96787955088114,37.234817589232144],[126.96412842511523,37.23719084618901],[126.9609136215777,37.23819839317746],[126.96046271911393,37.23841448648641],[126.95776282778098,37.2398056258712],[126.95765570797802,37.239900194690705],[126.95756548527899,37.2400127912014],[126.95008268077123,37.25571045215851],[126.93079253717313,37.260944651635874],[126.92706083901012,37.27133594995206],[126.92728730643596,37.27880530902375],[126.86313504683513,37.274098256963484],[126.84391413061941,37.26748499244238],[126.84327813004414,37.26766950875502]],[[126.77089097519695,37.06438743816133],[126.68404696100608,37.11461018893399],[126.80059037878064,37.196174948998255],[126.78174275679466,37.152253872487904],[126.8165959357959,37.14335389630623],[126.76040940956676,37.11792680080822],[126.77089097519695,37.06438743816133]]]},"properties":{"name":"화성시","code":"31240"}},
{"type":"Feature","geometry":{"type":"Polygon","coordinates":[[[127.40027223595862,37.421422628313266],[127.39929306646935,37.421629479412196],[127.39901136106448,37.42176557797285],[127.3983502200623,37.42278593390522],[127.39815395469793,37.42412908861746],[127.3956790600438,37.4261375977661],[127.38930066751784,37.429258148299915],[127.38514345125303,37.43378574245071],[127.38434625060371,37.43477042085917],[127.38390241119941,37.436366632799164],[127.3825248345833,37.44323672304882],[127.37238576655805,37.444971865232525],[127.38884909047937,37.475354828088136],[127.38552035077453,37.4982540895586],[127.37260957219353,37.519970120158035],[127.3696781710636,37.52424098741463],[127.36396251534808,37.53066469340223],[127.36328606707055,37.53115331178242],[127.36023853837388,37.532640220850936],[127.35522547729634,37.53480870559454],[127.34960726753528,37.535861534756],[127.3254610910113,37.535488750115384],[127.3005043329797,37.50772291607404],[127.28914201302756,37.50587705806237],[127.28734454547879,37.50673032823575],[127.28708940611448,37.50720283235136],[127.28570106176159,37.514398367242855],[127.26829988519953,37.50636255342612],[127.25462071892169,37.506311592781394],[127.24460006245884,37.476649622809354],[127.17875434335936,37.47480790086082],[127.17420940797693,37.40575118991996],[127.13787182573765,37.339722491286295],[127.14226174235502,37.336618302661016],[127.28111532617487,37.345787315761555],[127.27599419833751,37.273492026248064],[127.33868902942945,37.2705481426108],[127.44249693331497,37.35836106020152],[127.40027223595862,37.421422628313266]]]},"properties":{"name":"광주시","code":"31250"}},
{"type":"Feature","geometry":{"type":"Polygon","coordinates":[[[127.00972464882969,37.928230068888574],[127.00111501059428,37.933503727940895],[127.00134742906175,37.93524395905343],[127.00135136439341,37.935422820810466],[127.00136213547268,37.936061739699085],[127.00090328593262,37.936317030145794],[126.99921673491038,37.93584474589921],[126.99648009207758,37.933581599831555],[126.9941685874275,37.933960847613356],[126.98738245843995,37.936454286189594],[126.98672743752891,37.937460436646525],[126.98631758586933,37.93821548171017],[126.98612072279458,37.938545500305814],[126.98489848787344,37.93872113708315],[126.98408083603591,37.93874988414292],[126.98321457392613,37.938647614970684],[126.97994816555959,37.93736231956762],[126.97833165852813,37.937821958563525],[126.97551235988233,37.93888412946583],[126.97250283334604,37.94208451053178],[126.93667406932818,37.841330680243026],[126.90195444066754,37.82483740603004],[126.92909641940221,37.748485008202884],[126.90775235027625,37.67023230628983],[126.95507158472115,37.69310003981786],[126.9921976450405,37.67962695974978],[127.00866351651996,37.684449524658596],[127.01541538638106,37.70145528326448],[127.00204594357633,37.762618536603476],[127.10574295040914,37.780340405281734],[127.10885873782642,37.8603831962707],[127.06049724473436,37.869267257568524],[127.00972464882969,37.928230068888574]]]},"properties":{"name":"양주시","code":"31260"}},
{"type":"Feature","geometry":{"type":"Polygon","coordinates":[[[127.43053201980797,38.11536578294662],[127.33695838499253,38.08976854596995],[127.27581333943427,38.124175765545736],[127.29773961163866,38.17627773908943],[127.2220416785189,38.13743217328706],[127.18054874368214,38.18613071899618],[127.17248487913554,38.169905376089275],[127.1770216235515,38.15247171854219],[127.17672891673796,38.1491465203447],[127.17289173479804,38.14118400332073],[127.17336236006275,38.140912006187264],[127.17399434353608,38.14051309914115],[127.1740720728266,38.14030117870504],[127.17432117688735,38.139571994572535],[127.1744193652929,38.13919255296087],[127.174559720015,38.13859573475034],[127.17459844906485,38.138419174227884],[127.17524933598173,38.128474879422406],[127.17393951308858,38.124028689464446],[127.17130207249505,38.12182699494297],[127.18880404753008,38.06453942736211],[127.14890734304174,38.05780110622058],[127.1479769536673,38.058127388883435],[127.14760095846181,38.058437951777144],[127.1463462075339,38.060719333522215],[127.14749070108766,38.06949970044179],[127.14445121161873,38.07245687167005],[127.14337548322838,38.07305145144732],[127.14247764931757,38.07301638692547],[127.13846883760603,38.07013972634377],[127.13829089499225,38.06965322495034],[127.13810062513855,38.06910630617814],[127.13819463556797,38.06645026166728],[127.12827798090946,38.06027555709407],[127.12658670369123,38.05954868344364],[127.12519216554153,38.06008433661194],[127.12380373043362,38.06112391048076],[127.12028782004057,38.06165017760145],[127.11819527786065,38.06137131582615],[127.11572145048815,38.06029297496851],[127.11189157202993,38.051124933871264],[127.11807338457653,38.043564741662905],[127.11463756463917,38.03979375086475],[127.13747673342878,38.03808812957564],[127.14733348819756,37.99683650295715],[127.1441885144369,37.992161475100076],[127.14056918895125,37.99220381991333],[127.13491661744084,37.98952223792041],[127.13159583336932,37.9874469314989],[127.13174486560791,37.98612155924848],[127.13073869635876,37.984545255757475],[127.1298029207797,37.98394157888224],[127.1238174743114,37.980504549177404],[127.12027228819518,37.97893978019867],[127.1121459814601,37.988759275913935],[127.11143667958724,37.988879246589576],[127.10079752151688,37.98923840433618],[127.10055950167363,37.98801910929592],[127.09983778724552,37.987286305744504],[127.0969454952843,37.98530701590908],[127.09077050294798,37.984632709700875],[127.08979615798992,37.98328550066098],[127.09275808775705,37.974530202583175],[127.0912339145632,37.97162792412116],[127.15499692897666,37.8955919121686],[127.10885873782642,37.8603831962707],[127.10574295040914,37.780340405281734],[127.12579803923087,37.77270680835158],[127.12580520506772,37.7636452966112],[127.13965190095676,37.764015168455835],[127.14313415625583,37.75708267048086],[127.14431223883467,37.75599108741227],[127.14617767978552,37.75549786966897],[127.14617206930173,37.755520321010174],[127.14677446748318,37.756024118104705],[127.14830687252436,37.756112315706],[127.15797196788536,37.74921655510161],[127.16594453164126,37.74734071892927],[127.17904068211091,37.76271909451808],[127.1828239211087,37.764398133734645],[127.18532122207239,37.76450238223421],[127.19668544672972,37.76165510670035],[127.19685579109391,37.76169987207729],[127.19873231618841,37.76321035547114],[127.20174517770853,37.765223417809494],[127.20210826489654,37.765294877308015],[127.20363881911602,37.76471565054466],[127.20514420784859,37.7632444994924],[127.20720012961081,37.763889608216296],[127.20770147927561,37.764609506627004],[127.20818046897342,37.765446557321965],[127.20792469678884,37.767339015475756],[127.21026859565353,37.76944312381919],[127.21026886138557,37.769443113656656],[127.21164198220235,37.76936860735425],[127.21324898901237,37.767735000190996],[127.21286816799905,37.76153710400604],[127.22512288949237,37.75345998887888],[127.2599427183774,37.76829805014401],[127.2622760930546,37.77666429047104],[127.2654858504568,37.77914377721458],[127.26573627748941,37.78052643808338],[127.2669139460931,37.77987127905337],[127.26831141577533,37.78153903068294],[127.26778678853744,37.78230119925273],[127.26803795283006,37.784364687089116],[127.2687122917293,37.785501612484175],[127.27087019563946,37.786808594367244],[127.27304904569942,37.789963367078876],[127.27100721677819,37.794615603536876],[127.27850547924751,37.80468836037661],[127.27443080765731,37.82988153950529],[127.28787225364377,37.86916821690424],[127.29088327177092,37.8726826255275],[127.29162443450741,37.87421678504508],[127.29224157083786,37.874872569443035],[127.29535738717152,37.86981683130865],[127.29599942743643,37.868812238239755],[127.312629778331,37.865778321646964],[127.32288723185225,37.87136759427869],[127.3237767365768,37.872693447054225],[127.32509806238872,37.877145478655365],[127.32242702728112,37.88729636957067],[127.32848074798798,37.89401497586937],[127.32642793341861,37.90237253346917],[127.3295745838331,37.909318628483305],[127.32662387266893,37.91156757762223],[127.32990537688738,37.916318387269826],[127.3285121531294,37.92111816277837],[127.33002258263882,37.92351988215979],[127.3299481531476,37.92483661819037],[127.33023460421855,37.925566544407616],[127.33065896155634,37.92577935618444],[127.33133327031129,37.92607629719894],[127.33269964609096,37.92589152700117],[127.3368138527613,37.92328048914108],[127.33832166093269,37.9230910384052],[127.33953283338529,37.92354255882766],[127.34213391574363,37.924862516710014],[127.34305234312315,37.92536172098435],[127.34335151912607,37.92568203986057],[127.34384872049512,37.926059705656684],[127.34396188349677,37.92612224197786],[127.34491338774694,37.92641400153428],[127.34534841521739,37.926398694916934],[127.34983679128932,37.921457503032094],[127.35015220455311,37.9213140970276],[127.3512779167912,37.921079514712176],[127.35654014161226,37.92111386923597],[127.35647163669509,37.92162899301914],[127.36578061792798,37.927443867779935],[127.365906470152,37.928891305976634],[127.36632806884847,37.929041658348886],[127.36803497280441,37.92957074456193],[127.36951022113118,37.93016485394416],[127.37193838497171,37.93303388963841],[127.37315970681722,37.9350054921112],[127.37505543486655,37.93678742510043],[127.37535861116868,37.936991505134],[127.37786802413609,37.938638967562824],[127.37889305421679,37.938592588933446],[127.37933286426552,37.93876002983192],[127.38457812470703,37.94326726672305],[127.38485855249594,37.98233312013322],[127.41283733686348,37.99782159855615],[127.42466728983914,38.033451587148846],[127.44623929848704,38.05121365244343],[127.43053201980797,38.11536578294662]]]},"properties":{"name":"포천시","code":"31270"}},
{"type":"Feature","geometry":{"type":"Polygon","coordinates":[[[127.759598886928,37.367059697781684],[127.75675803668311,37.36701284779993],[127.75675800850188,37.36701286318464],[127.75485866247884,37.36812213336812],[127.75226134347976,37.36946036943449],[127.75085519036553,37.36943342517443],[127.74816452875669,37.369262097324714],[127.74573394822107,37.368889737220485],[127.74198225094781,37.37032285411806],[127.74106510310325,37.3716170118733],[127.7361058229135,37.37348171017779],[127.73260700473847,37.375400073641906],[127.73158783507705,37.375791124448405],[127.72986574036759,37.3762405067038],[127.72842884014898,37.375185342000165],[127.72710248523119,37.37348706763091],[127.72584189652311,37.37229177166057],[127.72415182774648,37.37155668442387],[127.7181040945029,37.37141060337815],[127.71642091461754,37.370130365916324],[127.71636357359203,37.37006173302151],[127.70920148986553,37.371346893768006],[127.7070635854152,37.370421087494506],[127.70219618764601,37.37295757933579],[127.70383011274606,37.39120889474405],[127.71411125882634,37.40489916571377],[127.71146043456257,37.406259659710585],[127.70890672747106,37.40981420812746],[127.70808936222149,37.41030647014554],[127.7076504812919,37.41029198142933],[127.70601263420158,37.40976177659169],[127.70550387614982,37.40951730302639],[127.69788488106441,37.40556300527759],[127.69307555077413,37.40186794494102],[127.68398243728863,37.39822343629665],[127.68791023775705,37.41180295499747],[127.68558281127511,37.41346012046971],[127.68487039683828,37.41381576324725],[127.68308308992165,37.414350621102145],[127.68081014109859,37.413481680108674],[127.67374193592661,37.41197526050162],[127.66878165308536,37.41217751050152],[127.66106961546416,37.415816383441154],[127.65828783329448,37.41684009551865],[127.65761855582711,37.41646321836665],[127.65428847369002,37.413005112176606],[127.65235131657393,37.407943796763355],[127.65170789390072,37.40752924659065],[127.64786952293642,37.40530683316405],[127.64585451516479,37.40476873670925],[127.63534817027883,37.41346330618542],[127.61993687938138,37.4097513832374],[127.59039439113967,37.42226319623697],[127.58902196363296,37.422201571163136],[127.58727405171034,37.4211219902008],[127.58711582683449,37.42002921426426],[127.58768531769884,37.41963558482955],[127.58836362881293,37.41736351312881],[127.5863879045543,37.41461702855936],[127.58547454591832,37.41416457435565],[127.58447841310614,37.413879143786076],[127.58416008969988,37.41422335347704],[127.5837801560973,37.41500715824716],[127.58379014250617,37.416107814652904],[127.58301971657514,37.41693571429608],[127.57185017124282,37.41173299669889],[127.55630950864602,37.41672906164327],[127.55456820785108,37.416017510878305],[127.5515682013489,37.41429130410723],[127.55121599486992,37.413921055046025],[127.55095756334872,37.41299391009307],[127.55010091453748,37.41142227308972],[127.54696933399705,37.41049376152791],[127.54601597813077,37.41027051658832],[127.54329764584526,37.409873309874946],[127.54298666106895,37.410107192744604],[127.5428705843625,37.41032300911801],[127.54226879181655,37.411118627172264],[127.5415499243291,37.41141337731666],[127.53662072104373,37.41170438773144],[127.53647709586629,37.412571907680224],[127.5360917493664,37.41436234661446],[127.53452911144305,37.41885050543774],[127.53137883466223,37.42587150507769],[127.52786298442116,37.43068934169026],[127.5191251735132,37.43646984837052],[127.51151367301983,37.43812412024628],[127.50927370492268,37.43906713493785],[127.50756963318389,37.43996085249693],[127.50684514329144,37.440425854263054],[127.50394988685396,37.437133731242106],[127.5036935369045,37.436955735738835],[127.49968452006563,37.43589034178908],[127.49793573504253,37.433213053364945],[127.4978068999877,37.43308708272238],[127.4974666674648,37.432782793603884],[127.49692425698652,37.432298186043944],[127.49652659112095,37.43223113240704],[127.49443248446792,37.432596678781096],[127.49343958190696,37.43305748655314],[127.49114631651459,37.43348146009004],[127.48955057046894,37.433638953562664],[127.48805370364036,37.433551558484965],[127.48770126185947,37.43348521796201],[127.48717901733659,37.433276295426694],[127.48704560645018,37.43322271295502],[127.47981227197229,37.42402160124573],[127.4794754596551,37.4237650794906],[127.47394572527548,37.4223925356351],[127.47333939514887,37.42230914552435],[127.47322499491958,37.422293664633166],[127.47322470446372,37.422293664567384],[127.47254288471765,37.42241117052172],[127.4720863619567,37.4225815908997],[127.4694756617765,37.423904734253114],[127.46876346916358,37.42597200764908],[127.46794170528158,37.42642052152421],[127.4228073366301,37.439447146431306],[127.4199720453824,37.437541623489786],[127.41634013468106,37.433698205637036],[127.41499501945306,37.43208308677212],[127.40976207414482,37.43139924882663],[127.40849827692077,37.43092641732133],[127.4072327764007,37.43014949680951],[127.40401972348238,37.42671551901656],[127.40263014753515,37.42520220352686],[127.40173015632612,37.42352194301926],[127.40165548422158,37.423091604505686],[127.40152645115585,37.422408376857966],[127.40126187639338,37.42181420380785],[127.40027223595862,37.421422628313266],[127.44249693331497,37.35836106020152],[127.54591973970626,37.311140176667955],[127.51714469456748,37.182432509972784],[127.57082670685104,37.17017717850317],[127.5956803206541,37.18988258486584],[127.62831455887928,37.15528638525322],[127.67021249592186,37.13610801031908],[127.69548408584701,37.14042214084194],[127.69453452382629,37.14125890209164],[127.69408341093923,37.14559579940869],[127.69472770474536,37.14997838852381],[127.69520758601492,37.15123928140305],[127.69584059490549,37.15179815321864],[127.69623769878118,37.15211991933047],[127.69713071243122,37.152374576316056],[127.69846244146704,37.15259622828093],[127.70060415616265,37.15375693217785],[127.70157813750049,37.154662073654585],[127.70252465471128,37.15556370320877],[127.70427262356988,37.15764769503805],[127.7048548466974,37.16752011289116],[127.71690409469386,37.1834297199164],[127.71763698865279,37.18383128787295],[127.71850244719252,37.18382608305607],[127.72151948170197,37.18306219314544],[127.72279843250108,37.18156918018756],[127.72570826626372,37.18220292467591],[127.72640685214714,37.18254047548611],[127.72830059310843,37.18772949791021],[127.72796890121205,37.188630595247226],[127.72946256587332,37.19233731512744],[127.73003760552818,37.192955768169114],[127.73250060398189,37.19580022867446],[127.73260522858249,37.19613916119886],[127.73265027622335,37.19628586753494],[127.73270638395309,37.196482621000804],[127.73314458723468,37.201659674743695],[127.73443502513615,37.203153598617135],[127.73557773367672,37.20552775885987],[127.73548005649396,37.20667209682233],[127.73513912751193,37.207054611968346],[127.73525627907323,37.20806669083645],[127.73673995456303,37.21019347603663],[127.73804220711827,37.21095999599277],[127.74045177105052,37.211991302092635],[127.74350813313079,37.21457558593181],[127.74412984248258,37.21486086381558],[127.7446427935792,37.21439362069276],[127.7447389063581,37.213747372128445],[127.74475104828973,37.21364588273325],[127.74988254973889,37.297159471423775],[127.76831984983082,37.30669322198981],[127.75899426243382,37.33123218692453],[127.76273121689829,37.334349336381244],[127.75788404004285,37.34640767279999],[127.76075790650354,37.352635174077804],[127.75935421847231,37.359728008487814],[127.76121649651317,37.36359778081621],[127.759598886928,37.367059697781684]]]},"properties":{"name":"여주시","code":"31280"}},
{"type":"Feature","geometry":{"type":"Polygon","coordinates":[[[127.09512660006018,38.2813835755292],[127.09417594273967,38.28178843622531],[127.09330762322183,38.28211047822452],[127.09221080753944,38.28220530330291],[127.09211898565037,38.280164732365655],[127.07576990709781,38.27802890559297],[127.06620726312406,38.263652560779654],[127.02044994908918,38.24582792349486],[127.00471247548768,38.2215103841483],[126.98174452119817,38.227345028384406],[126.96640600863289,38.13739051944074],[126.9047031626029,38.13789270871592],[126.86099022213388,38.10689130379856],[126.8554091413742,38.032088228616296],[126.78677962377566,37.99373504701755],[126.7868015710818,37.9880177227762],[126.79639386599523,37.99369503695297],[126.80075398947395,37.99174896534289],[126.81073775590758,37.97420546576926],[126.80915706080214,37.97316429659291],[126.80665465765166,37.97269112886815],[126.80706476187908,37.971464865273234],[126.80919407231042,37.96899870617533],[126.81268512921679,37.96929772100808],[126.81630155200763,37.96685211559975],[126.81731524633854,37.965721909359694],[126.8187614791233,37.96410278762154],[126.81849142298216,37.96359137097026],[126.81753810751701,37.96220415194014],[126.81690281639919,37.96206238635476],[126.81681702703982,37.96160418430378],[126.81686801806447,37.96097614717193],[126.8188718649461,37.95851918613653],[126.82073720600533,37.95745925290778],[126.84711267842307,37.98607894936912],[126.8490883022199,37.98661645827232],[126.85090221888134,37.986487035658925],[126.85280329003935,37.986002957028454],[126.86756520208849,37.97579577084604],[126.87006638756998,37.97384302152091],[126.87245519218884,37.97109361952011],[126.87340509698771,37.97049779368173],[126.87359806338047,37.97038257789192],[126.87383124192459,37.970243466123776],[126.8755988324741,37.96939033919932],[126.88129297982415,37.966995607742774],[126.886984214153,37.966236626330364],[126.89180638759103,37.96738089421613],[126.89516738650431,37.969273393491264],[126.89551470218021,37.969743315294544],[126.89217761430177,37.98467674717391],[126.89242625456205,37.99188408301998],[126.89273258897113,37.99270673925488],[126.89275667232323,37.99277123099094],[126.89294856381323,37.99328493388776],[126.89562400424715,37.99490312260656],[126.89682783856328,37.99495094184762],[126.89711404155322,37.994960484757776],[126.89832438491516,37.994679167761824],[126.90401696143206,37.99439037822733],[126.90971307989653,37.99122259010187],[126.90971581530884,37.989028284519875],[126.90971672868852,37.98829543851926],[126.91369238964504,37.987697677155154],[126.92110315486039,37.98552555207364],[126.92336336763584,37.98470160492732],[126.92405862393052,37.984352394493854],[126.9248092923944,37.98407106240496],[126.92624459228254,37.983544112354934],[126.92679684158766,37.983356396581485],[126.93248964395836,37.981777059211005],[126.93818161708786,37.98087342878645],[126.98938158247078,38.010590739549436],[127.01710713652338,37.98696281146832],[127.00172073472207,37.96828541004835],[126.99092072120524,37.96767793370078],[126.98821967888357,37.96189905728634],[126.98906871396335,37.95751191037204],[126.98884140735629,37.95696795101524],[126.9885099167843,37.95646311594478],[126.98823685706176,37.95637045138153],[126.98694812460575,37.95605750993733],[126.98658669415306,37.95597103371577],[126.98604246747418,37.956065561878724],[126.98506453448576,37.95572307606036],[126.97728397859763,37.95156252914714],[126.97630113376158,37.944547745598356],[126.9746992031307,37.9429693581714],[126.97250283335752,37.94208451110815],[126.97551236042952,37.938884129259485],[126.97833165851965,37.93782195834944],[126.97994816551392,37.93736231927151],[126.98321457384603,37.93864761466913],[126.98408083634165,37.938749884130885],[126.9848984879914,37.93872113674462],[126.98612072301592,37.93854549996598],[126.98738245839914,37.9364542863107],[126.99416858763222,37.933960847579726],[126.99648009217702,37.93358159959327],[126.99921673515266,37.93584474590006],[127.00090328612761,37.936317029911436],[127.00136213535365,37.936061739720415],[127.00135136490546,37.93542282068748],[127.0013474292738,37.93524395892301],[127.00111501083492,37.93350372785372],[127.00414698038574,37.932552838523605],[127.00861360006446,37.929060278716335],[127.00972464911797,37.928230068983765],[127.01209059577229,37.929112795509475],[127.01367174010566,37.92984239926279],[127.01410405530835,37.930364894035066],[127.01441126064348,37.9309144296148],[127.01427479146886,37.93108562193641],[127.01425206151674,37.931193735483426],[127.01420660783965,37.9314279829335],[127.01597043091868,37.93529277908915],[127.01655078411862,37.93640085495518],[127.0168580000699,37.93670712847369],[127.01958847805913,37.938256342863816],[127.02242144081222,37.939724391429216],[127.02245787870267,37.93972748457715],[127.02353630782068,37.93982329040195],[127.02503811685311,37.940408606408255],[127.02606225130894,37.94126427430851],[127.0277695480375,37.94375048248419],[127.02893196840878,37.94917381594275],[127.02883205421095,37.95587674945555],[127.04182847444395,37.960062332692765],[127.04543020527436,37.970061339664106],[127.04463468114099,37.97197159212503],[127.04496538475027,37.97308861858973],[127.04733334378224,37.974213877595005],[127.04954237635168,37.975861690557295],[127.04945327461758,37.97886180872891],[127.05069410545426,37.97914959268308],[127.05215122774466,37.97949132597608],[127.05317635013785,37.9805449580286],[127.05329855214406,37.98071718586456],[127.06414763218686,37.97917022895484],[127.0661360278801,37.97523211061313],[127.06833274563932,37.97534800475148],[127.0689477392463,37.97578910569753],[127.07342151506315,37.97666035447587],[127.07680187046256,37.97668526929907],[127.0808420207391,37.97638530836996],[127.08938396725402,37.97168541768062],[127.09022595903338,37.97152261926677],[127.09123391587767,37.97162792488425],[127.09275808897729,37.97453020330456],[127.08979615914194,37.98328550127654],[127.09077050298086,37.984632710397015],[127.09694549526962,37.985307016562814],[127.09983778863919,37.98728630652538],[127.10055950298269,37.988019109893415],[127.10082223417557,37.988553781942514],[127.10083126848643,37.98881256827526],[127.10079752283865,37.9892384050587],[127.1114366807451,37.98887924720053],[127.1121459815237,37.98875927651423],[127.1174039843086,37.98521907297168],[127.12027228966778,37.978939781213676],[127.12381747564652,37.9805045499129],[127.12980292244278,37.98394157943739],[127.13073869763309,37.984545256447824],[127.13491661882487,37.98952223848783],[127.14418851473432,37.992161474780424],[127.14733348842587,37.99683650290133],[127.14665252611069,38.01447535280163],[127.13747673502702,38.03808813044734],[127.11189157349557,38.05112493392345],[127.11572145183725,38.06029297499738],[127.11819527912911,38.06137131573679],[127.12028782115273,38.06165017824826],[127.12380373170623,38.06112391065981],[127.12519216592715,38.060084336310226],[127.1265867037538,38.05954868340317],[127.12827798108829,38.0602755567424],[127.13819463665246,38.06645026232086],[127.1381006255978,38.069106306747074],[127.13829089523783,38.06965322549927],[127.13846883758299,38.070139726504586],[127.14173306451553,38.072823104329096],[127.14247765068205,38.07301638749802],[127.14337548350485,38.07305145138197],[127.14445121306673,38.072456871783395],[127.14749070139712,38.06949970045838],[127.14634620763077,38.060719333526734],[127.14760095840123,38.05843795234536],[127.14797695358058,38.05812738863215],[127.14890734298004,38.057801106092604],[127.18880404789336,38.064539427022275],[127.17130207288331,38.12182699508118],[127.17393951309803,38.12402868910168],[127.1752493359829,38.12847487916083],[127.17487091832778,38.131626783954346],[127.17459844904388,38.13841917393896],[127.17455972004618,38.13859573476698],[127.17441936532805,38.139192552829655],[127.17432117687581,38.13957199467178],[127.17407207301014,38.14030117879074],[127.17399434348235,38.14051309920507],[127.17336236009615,38.140912005948664],[127.17289173534068,38.14118400334582],[127.17672891700386,38.149146520209705],[127.17702162358475,38.1524717183335],[127.17685508416987,38.15307091926897],[127.17548628520478,38.15468532703464],[127.17248487905893,38.16990537577204],[127.17458211002396,38.18038255379618],[127.17958479993247,38.185252878218705],[127.18054874375443,38.186130719557724],[127.171166328591,38.213492639012635],[127.1647007810369,38.215661086623655],[127.16101614694676,38.218263508745245],[127.1597137259322,38.21954632204809],[127.159677993415,38.219819175177605],[127.16027152825836,38.219903048981365],[127.16055278356089,38.22022115968683],[127.161798846903,38.222750765948085],[127.16184200355386,38.223631435015726],[127.16105085053412,38.22447737177305],[127.16020122819043,38.225404021462],[127.16013248058574,38.22570846900445],[127.16006870810456,38.22600416316836],[127.16013085509043,38.22633866759678],[127.16076426867076,38.22835274035878],[127.16291125756948,38.232440935947565],[127.16248093077634,38.23334013293709],[127.16210145703351,38.23395026368688],[127.16149246355907,38.23476686219358],[127.1623757054595,38.23636440427372],[127.16273269482669,38.237003757490314],[127.16335089077542,38.238333449874666],[127.16329360204567,38.23848137344664],[127.16300489145874,38.23856902947628],[127.16184405293005,38.238896371848554],[127.15901772811822,38.23921266772978],[127.15842287705225,38.23918834740695],[127.15803981739857,38.239056141541916],[127.15788978697714,38.238977243805884],[127.15778615738466,38.23892275286443],[127.1532437906763,38.24186661040507],[127.14892257260871,38.24234375687885],[127.14734021670984,38.241652169371314],[127.14765627061867,38.24119961342803],[127.14729340515953,38.24006124842883],[127.14668037968742,38.239588864464764],[127.146340825831,38.2393307564164],[127.14206987716874,38.23735475889173],[127.13935109709128,38.237242199635425],[127.13572589673439,38.2364842887677],[127.1350947650724,38.23412539142556],[127.1345258924858,38.23365043457059],[127.13115662693791,38.23275353441904],[127.13058115303348,38.232751275754396],[127.13004680093354,38.233107297146205],[127.12955121943983,38.23354664121361],[127.12670142955733,38.23409028222872],[127.12572264152112,38.23392065736208],[127.12534487174598,38.23361089134867],[127.12478584474358,38.2334018435305],[127.12304884099056,38.232803881292305],[127.12083024254572,38.23388663431694],[127.11679951960078,38.23699683129659],[127.11356975704942,38.236818060526346],[127.11072945808382,38.270975264190895],[127.10140474284253,38.27367876750036],[127.10364071818515,38.28058945429986],[127.09503732124837,38.28108076569408],[127.09512660006018,38.2813835755292]]]},"properties":{"name":"연천군","code":"31350"}},
{"type":"Feature","geometry":{"type":"Polygon","coordinates":[[[127.559402449621,37.62849660332715],[127.55648063468406,37.62998130699052],[127.55483650410781,37.63068474671393],[127.5482575532708,37.63320799641525],[127.54717004199226,37.637357196421],[127.5379368975214,37.641478391006586],[127.5352446559015,37.64715598565179],[127.5356550766604,37.650694640861595],[127.54385442959956,37.65173022883696],[127.55281588523754,37.66152834645853],[127.55063947659255,37.687042186120024],[127.56181149080089,37.71962510453763],[127.55934749473262,37.72492791835586],[127.55943630687729,37.725781157351555],[127.55976897650866,37.727836008100766],[127.55991207701088,37.72857664255559],[127.54017196892524,37.71945791999629],[127.52962300323996,37.72642300702894],[127.5272048675817,37.72685951510513],[127.5247048456156,37.72646830189621],[127.52150808314936,37.724039447139845],[127.51342508704673,37.71759159546997],[127.51180037088466,37.71571506630716],[127.50797746782128,37.719225637026106],[127.50706717122382,37.72059387722686],[127.50614812606449,37.72415265332274],[127.50711198163394,37.73135925348475],[127.51121495797355,37.73643451209351],[127.53407555436459,37.74860216266016],[127.5376196395107,37.75114607538727],[127.54208577152387,37.75466456971943],[127.54488008673586,37.760074591423695],[127.54092422897133,37.77087514043733],[127.52081449704423,37.79254312243839],[127.52304977212827,37.796169688910915],[127.53308723164794,37.80691897280933],[127.53735445995409,37.810540567783974],[127.53662814576701,37.81412060366374],[127.53494038355504,37.81771062338967],[127.53202919864522,37.82028160168658],[127.52824087057921,37.821492346441026],[127.52780176003287,37.821632823492635],[127.52563890989816,37.82287253352171],[127.52459197194221,37.82500143167778],[127.52480260131034,37.829671865615616],[127.52561877321827,37.832924000534746],[127.52731687383023,37.836457968941914],[127.52944297691558,37.839723076978515],[127.53244267254466,37.8421522614142],[127.53629893238596,37.84456208936168],[127.53669822012245,37.84481159169214],[127.53703115159738,37.84501955210713],[127.54045866632632,37.84655239931632],[127.54582515747737,37.84679237803881],[127.54965192527521,37.84653784616056],[127.55008811005713,37.851931005259516],[127.56683763251998,37.85922283425703],[127.57788654176748,37.8740143660947],[127.60584941237329,37.87649219687047],[127.61714123274388,37.906361892292466],[127.61658383826509,37.91190492317899],[127.61389562615423,37.9196091527882],[127.61213841134537,37.92092433638884],[127.61204541858166,37.924055519065405],[127.6165839651329,37.92826564605545],[127.61597044243983,37.93090911372134],[127.61206564059854,37.94059996288568],[127.60252068222808,37.946333327297204],[127.60041756821347,37.956536807938164],[127.59478549842314,37.9572263878542],[127.59344354513786,37.95753635885922],[127.5922579716194,37.958082304777285],[127.59132089145164,37.95877732984904],[127.58826042179203,37.960325324939525],[127.58574075111883,37.961522284756555],[127.58472254642086,37.96175228125216],[127.58169544695097,37.9616551972256],[127.57934163772777,37.961142838589836],[127.57133061736586,37.96399952716422],[127.5598400548221,37.96288258734461],[127.55838458940389,37.963144553554066],[127.55631866581837,37.96460647953869],[127.54737625497864,37.96645831019138],[127.545225248864,37.96773180137827],[127.54716574514731,37.978281269220346],[127.53987715445993,38.00056775508817],[127.53692210128318,38.00065925435179],[127.53109477081212,38.00238846115411],[127.50890413449774,38.0013110623057],[127.50392252643668,37.997953291313564],[127.49739961071818,38.0037142608175],[127.47155598277743,38.00645256615891],[127.46965817979539,38.008841708043114],[127.46296029765041,38.011716730421355],[127.45752906908687,38.01699030795999],[127.4568565422978,38.01845566266871],[127.45620303668453,38.02732379847532],[127.45187325199694,38.034604771310136],[127.45203569495986,38.03539213868919],[127.45102192820922,38.0380851167529],[127.45176063201504,38.041572880591964],[127.45269741676611,38.043975255123456],[127.45290597318393,38.04718618296357],[127.45237059052201,38.0480977567847],[127.44835812699475,38.05051184040021],[127.4462392984771,38.051213652363145],[127.43518434908209,38.037983064419805],[127.4246672912595,38.033451587830825],[127.41283733802929,37.99782159843801],[127.38485855361267,37.98233312070273],[127.38457812598396,37.94326726751893],[127.37933286535237,37.93876002991295],[127.37889305588332,37.9385925885741],[127.37786802543178,37.93863896835438],[127.37535861243326,37.93699150587628],[127.37505543608967,37.93678742604334],[127.37315970796688,37.93500549180333],[127.37193838654741,37.933033890349364],[127.36951022264235,37.93016485464628],[127.3680349741596,37.929570745489215],[127.3663280693807,37.92904165899975],[127.36590647149264,37.92889130571745],[127.36578061947311,37.92744386870042],[127.35654014327714,37.9211138701708],[127.35127791784514,37.92107951441935],[127.35015220606509,37.92131409770796],[127.3498367926741,37.92145750395962],[127.34534841676151,37.926398695658136],[127.34491338912925,37.926414002093075],[127.34396188504873,37.926122242678595],[127.34384872169177,37.926059706231094],[127.34335152018676,37.92568204061963],[127.34305234475984,37.925361721542615],[127.34213391698017,37.92486251732674],[127.33953283450286,37.92354255946626],[127.33832166235575,37.92309103906535],[127.33681385381747,37.92328048989403],[127.3326996476719,37.925891527623754],[127.33133327200007,37.926076297793536],[127.33065896280795,37.92577935696854],[127.3302346053262,37.92556654498203],[127.32994815477976,37.924836618743534],[127.3300225838542,37.92351988273612],[127.32851215476522,37.92111816362466],[127.32990537822718,37.91631838780673],[127.32662387406621,37.91156757823583],[127.32957458541998,37.90931862924942],[127.32642793509393,37.90237253434988],[127.32848074944495,37.894014976950416],[127.32242702850013,37.887296370216625],[127.32509806343892,37.877145479720895],[127.3237767382108,37.872693447736864],[127.32288723287233,37.87136759535651],[127.32249128627794,37.87128775223058],[127.31977146532009,37.87168562900779],[127.31917185460692,37.87143765181823],[127.31262977936466,37.86577832253302],[127.29224157218347,37.874872570313094],[127.29162443610355,37.87421678606345],[127.29088327295584,37.87268262626791],[127.28787225491243,37.869168217839345],[127.27443080927891,37.829881540148996],[127.27850548056745,37.80468836120189],[127.27100721797686,37.79461560439018],[127.273049047214,37.78996336761239],[127.27087019732386,37.78680859519773],[127.26871229294926,37.78550161320726],[127.26803795421408,37.78436468783191],[127.26778678842912,37.78230120020912],[127.26831141710767,37.78153903126104],[127.26691394724544,37.779871280087065],[127.33395134671653,37.752716724447936],[127.37150603315419,37.64762957998557],[127.42814614049333,37.670792459849686],[127.49708756066487,37.57114667091171],[127.559918025638,37.58348507226],[127.570474056318,37.61336196279232],[127.55970025048681,37.622866610441434],[127.55960184643881,37.624566070127415],[127.559402449621,37.62849660332715]]]},"properties":{"name":"가평군","code":"31370"}},
{"type":"Feature","geometry":{"type":"Polygon","coordinates":[[[127.37150603315419,37.64762957998557],[127.30676118091395,37.51951020762776],[127.32546109094693,37.535488751193405],[127.34960726758497,37.535861535350925],[127.35522547736771,37.534808706423625],[127.36023853948912,37.53264022147],[127.3632860682344,37.5311533124156],[127.36396251524738,37.53066469409469],[127.36404130107562,37.530583363021655],[127.36967817221698,37.52424098833468],[127.37260957231388,37.519970120872735],[127.38552035178192,37.49825409042468],[127.38884909181981,37.4753548291059],[127.37238576762627,37.44497186618241],[127.3825248361025,37.44323672370594],[127.38434625161925,37.4347704216126],[127.38930066904679,37.42925814893847],[127.39567906135362,37.42613759883042],[127.39742335179149,37.42480223041367],[127.39815395571354,37.424129089320594],[127.39844525795006,37.42366860068216],[127.39835022146157,37.42278593489477],[127.39929306772514,37.42162948039721],[127.40027223710412,37.421422629250635],[127.40126187628731,37.4218142039273],[127.40152645109391,37.422408376966885],[127.40165548546871,37.42309160456025],[127.4017301575654,37.42352194318736],[127.40263014754848,37.425202203474754],[127.40401972490866,37.4267155197191],[127.40723277641284,37.43014949683311],[127.40849827798715,37.43092641726388],[127.40976207554439,37.4313992489129],[127.41499502084484,37.43208308692963],[127.41634013468152,37.433698206230154],[127.41997204530655,37.43754162424041],[127.42280733664718,37.439447147027074],[127.46794170677282,37.42642052138624],[127.46876346916996,37.425972008231625],[127.46868497925561,37.42529272013326],[127.46947566176776,37.42390473414026],[127.47208636333276,37.42258159159965],[127.47254288590855,37.4224111705086],[127.47322470435442,37.42229366465433],[127.47322499614246,37.422293664720414],[127.47333939640264,37.42230914560808],[127.47394572665732,37.42239253562114],[127.47947546097845,37.423765079637654],[127.47981227318196,37.424021601325855],[127.48704560647342,37.433222712821916],[127.48717901836419,37.43327629613347],[127.48770126175894,37.433485218642254],[127.48805370501246,37.43355155857911],[127.48955057174614,37.433638953590766],[127.49114631783262,37.43348146012252],[127.49343958179878,37.43305748662689],[127.49443248450324,37.432596679442],[127.49652659116182,37.43223113242446],[127.49692425842593,37.432298186108056],[127.49746666894175,37.43278279363807],[127.4978068999844,37.433087083372705],[127.49793573496419,37.433213053443986],[127.49968452005683,37.43589034189189],[127.50369353684496,37.436955736371566],[127.5039498868165,37.437133732297355],[127.50684514316893,37.44042585404372],[127.50756963458159,37.43996085310843],[127.50927370489403,37.439067134982565],[127.51151367425516,37.43812412033402],[127.51912517345818,37.43646984893899],[127.5278629843574,37.430689342282506],[127.53137883461153,37.42587150519196],[127.53452911264492,37.418850505392314],[127.5360917506687,37.41436234670631],[127.53647709594361,37.41257190781647],[127.53662072103478,37.4117043874399],[127.54154992456188,37.411413377142104],[127.54226879172282,37.411118627269836],[127.54287058488225,37.41032300908244],[127.54298666093415,37.410107192417016],[127.54329764612774,37.40987330981481],[127.54601597828203,37.4102705167078],[127.54696933404458,37.410493761591084],[127.55010091445801,37.411422273043804],[127.55095756345574,37.41299391002155],[127.55121599515233,37.413921054871444],[127.55156820135346,37.41429130424348],[127.55456820777587,37.416017510610565],[127.55630950877844,37.41672906158052],[127.57185017128448,37.41173299637914],[127.58447841304658,37.413879143770096],[127.58547454592012,37.41416457399105],[127.58638790453634,37.41461702827751],[127.58802094809705,37.41657432443413],[127.58836362887934,37.41736351326502],[127.58727405172318,37.4211219898309],[127.58902196392073,37.42220157089954],[127.5903943916845,37.42226319680766],[127.61993687933602,37.409751383839364],[127.63534817031888,37.413463306351574],[127.64585451619564,37.40476873739529],[127.64786952393104,37.405306833934624],[127.65170789492947,37.40752924728366],[127.65235131807715,37.40794379743287],[127.65428847482987,37.41300511318899],[127.65761855750682,37.41646321943199],[127.65828783495438,37.41684009658753],[127.66106961680457,37.41581638424634],[127.668781654375,37.412177511287325],[127.67374193754068,37.41197526031246],[127.6808101424909,37.413481680863384],[127.6827382123127,37.41428885031268],[127.68308309137866,37.41435062211552],[127.6834499032762,37.4142837715968],[127.68487039804066,37.41381576393795],[127.68558281273015,37.41346012112391],[127.68791023915904,37.411802955629724],[127.68398243895723,37.39822343733961],[127.69307555188229,37.401867945928444],[127.69788488212735,37.405563006228064],[127.7009093335579,37.40714914864884],[127.70550387719601,37.409517303853605],[127.70601263562513,37.40976177739974],[127.7076504828171,37.41029198227592],[127.7080893634221,37.410306470931076],[127.70890672874759,37.40981420882746],[127.71146043460226,37.406259659691855],[127.71411125886284,37.40489916573554],[127.71492737099668,37.400022797055236],[127.70383011418853,37.39120889452571],[127.70219618901719,37.372957579397514],[127.70706358541293,37.370421087468806],[127.70920149122496,37.37134689437105],[127.71371009391802,37.37070419755113],[127.71599753450771,37.370149298036914],[127.71636357500249,37.37006173371855],[127.71642091456314,37.37013036655708],[127.71810409456629,37.37141060353982],[127.72415182918999,37.371556685073216],[127.72584189778445,37.372291772245106],[127.72710248637212,37.37348706777115],[127.72842884121704,37.37518534210355],[127.72986574167237,37.37624050666938],[127.73158783637757,37.3757911244624],[127.73260700577156,37.375400074215385],[127.73610582402168,37.37348171006802],[127.74106510442327,37.371617012483085],[127.74198225236093,37.370322854184536],[127.74573394823064,37.36888973777396],[127.74816452877957,37.36926209790282],[127.75085519170352,37.3694334252163],[127.75226134496505,37.3694603693308],[127.75485866242224,37.368122133251866],[127.7567580098885,37.36701286326596],[127.75675803672031,37.36701284835335],[127.75959888692468,37.367059697767424],[127.75949244889597,37.36719499486738],[127.75948248921682,37.36729107325516],[127.75983227258111,37.36797584279162],[127.76000641759606,37.36820812884146],[127.762872593035,37.36997735796418],[127.77045852713566,37.36967009192744],[127.77893629861398,37.37077131982235],[127.77743389211966,37.37646873442464],[127.7768656852138,37.37710231023543],[127.77665988873666,37.37733172838884],[127.77579240575173,37.37895553608982],[127.77590369000757,37.3798611553167],[127.77665843441274,37.3833258979673],[127.79457162629116,37.424345518763225],[127.79777341597193,37.42685493235438],[127.80231230458543,37.427293343749845],[127.80400590072952,37.428849286876385],[127.80335472176421,37.43433030622822],[127.80199552463378,37.43716522517302],[127.80089695635671,37.4384199652657],[127.79993144779986,37.43870217815967],[127.79936144169025,37.43929187013723],[127.79838844661181,37.44259094900758],[127.79938192864488,37.4517702033869],[127.79626622939257,37.46304395275324],[127.79647036773403,37.46372152793375],[127.79684099103434,37.463650964787504],[127.79761504384463,37.46401439855923],[127.79942723885405,37.4655644150334],[127.80071372036447,37.46786098854592],[127.8008287890128,37.46854419402408],[127.80097392721186,37.470037422308245],[127.79978713171512,37.47238314780068],[127.78958012776421,37.474797085446816],[127.78484589844712,37.47869020835549],[127.78216669584499,37.48168022829497],[127.7818957565172,37.48213414348087],[127.78018809336487,37.48865116459116],[127.77991963089038,37.48858662140578],[127.77956577613493,37.4884169193928],[127.77877057863448,37.48811483944924],[127.77802315483363,37.48801679412286],[127.7760662437665,37.488544581123485],[127.77468903750514,37.491746345751295],[127.76630709743519,37.49293546250561],[127.76530080406805,37.49307301993415],[127.76430380045987,37.49224986724578],[127.7635100412932,37.49216526081333],[127.76003488043618,37.49289072873014],[127.75942149222162,37.495415335767404],[127.75947610172697,37.49686133645726],[127.75959989936938,37.49811810945018],[127.75989241810653,37.5003530193473],[127.7600267712105,37.501658178261394],[127.76001135766562,37.50245765168667],[127.75990472449381,37.50326630361554],[127.76543748221442,37.502763545544745],[127.77179045149917,37.505185336706504],[127.78549607508859,37.51331081208976],[127.79634376963921,37.52858205412176],[127.79901166436004,37.52877468485645],[127.80163869850671,37.529142366008486],[127.80233803411689,37.52927566442647],[127.80647298433074,37.53117146868269],[127.80636412758405,37.531898276657394],[127.80623197011698,37.53491977199781],[127.80958058379697,37.53786222284185],[127.84202294365771,37.53890089486306],[127.84304363209877,37.54191828154316],[127.84393145771313,37.542585298597295],[127.8452326258074,37.543324532698904],[127.84594600951779,37.54409305340754],[127.84602630791964,37.54446974531477],[127.84592456720442,37.54464567406245],[127.8449717619901,37.5456937763989],[127.84513801998396,37.54772506055596],[127.84541859064349,37.548135761213054],[127.84556081649394,37.548273421726485],[127.84620841318355,37.5484224945528],[127.84761835306738,37.54952326558254],[127.84811314078996,37.55033387931032],[127.8480761713624,37.55230202190986],[127.84800410262524,37.552446710704075],[127.84626966787617,37.55321452874302],[127.84475599341965,37.55358349112916],[127.84038871190607,37.55679078137481],[127.83951121313153,37.55921694696447],[127.83636267915807,37.56040853638112],[127.81413011920841,37.56415202428304],[127.80961339338391,37.57344720056925],[127.80487217925953,37.57505737356369],[127.80434738271063,37.57793980504032],[127.804247002063,37.579134264133515],[127.80407731501916,37.579309979628825],[127.79997628413447,37.582774687996235],[127.7940802248266,37.58525462827824],[127.79290245907016,37.58528955999624],[127.79264416361907,37.58505337770962],[127.78786132375946,37.57890922565011],[127.78443814194755,37.5781185740604],[127.75410574465069,37.5920648723118],[127.74470426110231,37.587877506523874],[127.7231253970627,37.59062617289379],[127.72126926310655,37.590334555430054],[127.71879478207703,37.58931745269571],[127.71159421989843,37.58748922865777],[127.70871329898203,37.58649434035996],[127.70789503403958,37.5863531112046],[127.70726461779948,37.586772175021025],[127.70634880334094,37.58840474156391],[127.69819834313083,37.590888552186264],[127.69618922591776,37.60079419395653],[127.66752103210487,37.617250836362],[127.66472715291427,37.62024313487639],[127.6644038038994,37.62293348307674],[127.66414146067228,37.62342682902927],[127.66384545793309,37.623796480671416],[127.65564541336265,37.62229537420202],[127.65515419901531,37.62226571396788],[127.65421783766219,37.62227484473105],[127.65339405850656,37.62230614749264],[127.65153164492008,37.62293864628502],[127.64731374930683,37.62933331953652],[127.64698792926255,37.632736800493824],[127.63943278354567,37.63264274332516],[127.62731650561733,37.64273310335747],[127.60621612420509,37.65079357926192],[127.60219333799871,37.65152954934395],[127.59882410194577,37.646884728906194],[127.58486111429676,37.64230252705033],[127.58325585087107,37.64013405448644],[127.58324448024575,37.638358928113604],[127.58330189072541,37.637434596036314],[127.58347347589637,37.63630584983315],[127.58348630135407,37.635590365216295],[127.58287323181617,37.634719450147884],[127.58065486781848,37.63339833437984],[127.57934949305307,37.63297818073992],[127.57871110809779,37.63283096229853],[127.57141714911032,37.63200064106576],[127.56468087064479,37.63315721943121],[127.559402449621,37.62849660332715],[127.55960184643881,37.624566070127415],[127.55970025048681,37.622866610441434],[127.570474056318,37.61336196279232],[127.559918025638,37.58348507226],[127.49708756066487,37.57114667091171],[127.42814614049333,37.670792459849686],[127.37150603315419,37.64762957998557]]]},"properties":{"name":"양평군","code":"31380"}},
{"type":"Feature","geometry":{"type":"Polygon","coordinates":[[[127.90267220787821,38.05059747013721],[127.85515985214334,38.05230904592205],[127.85810009264854,38.01882318890492],[127.78820556277222,37.99429384503327],[127.7472477313417,38.03945789642894],[127.65412265179798,38.02382640008338],[127.65199396270464,38.05450573619952],[127.57157382744289,38.08483872985996],[127.57864334973836,38.039767056413375],[127.54476050315482,38.01952743849946],[127.54243869515865,38.0092041473957],[127.54067126291565,38.00234900306162],[127.54031461237514,38.001161718153824],[127.53987715324809,38.00056775416811],[127.54522524724098,37.967731801738175],[127.5473762533305,37.966458309489845],[127.5563186645971,37.964606478845866],[127.55838458805592,37.963144552892146],[127.55984005357362,37.96288258735863],[127.5618912119971,37.96276978893686],[127.57133061712503,37.96399952645864],[127.5793416372367,37.961142837879166],[127.5816954470721,37.961655196201185],[127.5847225449348,37.9617522815333],[127.58574075104123,37.96152228399545],[127.58826042180549,37.960325324135226],[127.59132089122365,37.958777328873296],[127.59225797060921,37.95808230503615],[127.59344354520827,37.957536359157714],[127.59478549676805,37.95722638800094],[127.6004175665249,37.95653680713003],[127.60252068095548,37.94633332655209],[127.61206564065832,37.940599962730005],[127.61658396476396,37.92826564606656],[127.61204541853323,37.92405551939129],[127.61207052040542,37.92279409901305],[127.61213840992771,37.92092433646959],[127.61389562565122,37.91960915300626],[127.61658383802097,37.911904923387134],[127.61714123251292,37.906361892370334],[127.60584941185074,37.87649219720471],[127.57788654153215,37.874014366169845],[127.56683763225146,37.85922283446509],[127.55008810999628,37.851931005567785],[127.54965192482133,37.846537846380095],[127.5458251571373,37.84679237741859],[127.54045866615978,37.84655239929895],[127.53703115107204,37.845019551524786],[127.53669821888053,37.84481159196381],[127.53629893210704,37.84456208873877],[127.53244267248579,37.842152261368625],[127.52944297584564,37.839723077027365],[127.52731687343393,37.83645796883569],[127.525618773339,37.832923999944285],[127.52480260122815,37.82967186546618],[127.52459197171028,37.82500143171762],[127.52563890998589,37.822872533814966],[127.52780175987985,37.82163282385021],[127.52824087003103,37.82149234641757],[127.53202919867039,37.820281600964115],[127.53494038329318,37.81771062343482],[127.53662814566378,37.81412060364987],[127.53735445951443,37.81054056721569],[127.53308723035882,37.80691897283011],[127.52304977220932,37.7961696892209],[127.5208144965828,37.79254312243776],[127.54092422770741,37.77087514077858],[127.54488008625877,37.760074590892415],[127.54208577099844,37.75466456985006],[127.53761963959721,37.75114607552122],[127.53407555439006,37.74860216266209],[127.5112149575279,37.736434511407175],[127.50711198144329,37.73135925335115],[127.5061481260035,37.72415265330972],[127.5070671698808,37.72059387742693],[127.5079774674267,37.71922563641633],[127.51180036943413,37.715715065748554],[127.51342508565388,37.717591595359394],[127.52150808187798,37.7240394460937],[127.5247048444317,37.726468300886154],[127.5272048662826,37.7268595144032],[127.54017196855243,37.71945791914102],[127.55991207696314,37.72857664248361],[127.56225851982647,37.72795876801582],[127.56228913526276,37.72795271202011],[127.56426463954962,37.72783575213099],[127.56754803593874,37.732685734892065],[127.57357083967445,37.732687349526756],[127.5934847724111,37.7212246539337],[127.61265801296969,37.67564491822155],[127.74299480968449,37.74163779986061],[127.83232121445343,37.74133852362322],[127.85644650441438,37.769361042308105],[127.81547972418095,37.84098978092666],[127.86930567477026,37.83655639532211],[127.89066711122364,37.86312335627435],[127.93278683519351,37.826356824720826],[127.99511006335426,37.94120017810631],[127.98186535087709,37.98446472142392],[128.02960826033467,38.01465092832609],[127.99332547664449,38.00162463653788],[127.95542737672343,38.038681717829704],[127.93446614373566,38.01381788002766],[127.90267220787821,38.05059747013721]]]},"properties":{"name":"춘천시","code":"32010"}},
{"type":"Feature","geometry":{"type":"Polygon","coordinates":[[[128.10857184830098,37.298780169172225],[128.03367509063,37.33248143769972],[128.09742969541557,37.40636205584567],[128.08423594872434,37.426727345652566],[127.94930219504963,37.45444193937671],[127.92914764865684,37.506906857460976],[127.87698724228075,37.4669208263273],[127.86716244249685,37.39905043010033],[127.8205802407675,37.4462820075424],[127.81343657992547,37.44526925291663],[127.81050470553127,37.441385565698994],[127.80258052915647,37.43954240248912],[127.8004664010179,37.43864051982676],[127.80089695643167,37.43841996551656],[127.8019955246964,37.43716522537901],[127.80335472174072,37.43433030643443],[127.80386886815178,37.43195412430552],[127.80400590073906,37.42884928678235],[127.80231230471746,37.42729334392662],[127.79777341609508,37.42685493251974],[127.79457162631353,37.424345518848746],[127.77665843431946,37.38332589810942],[127.77590369010123,37.37986115529819],[127.77579240577613,37.378955536435],[127.77665988880088,37.377331728461925],[127.77686568527945,37.377102310096376],[127.77743389198899,37.37646873430014],[127.77893629868134,37.3707713198523],[127.7704585272325,37.36967009217915],[127.76287259312421,37.369977358252875],[127.760006417384,37.36820812908242],[127.75983227254814,37.367975842833246],[127.75948248919038,37.3672910735943],[127.75949244893762,37.367194994802325],[127.759598886928,37.367059697781684],[127.76121649651317,37.36359778081621],[127.75935421847231,37.359728008487814],[127.76075790650354,37.352635174077804],[127.75788404004285,37.34640767279999],[127.76273121689829,37.334349336381244],[127.75899426243382,37.33123218692453],[127.76831984983082,37.30669322198981],[127.74988254973889,37.297159471423775],[127.74475104828973,37.21364588273325],[127.74413475566432,37.21123111867772],[127.74425811811165,37.20754685509417],[127.75599702582775,37.17085273930701],[127.789523644669,37.14340827550981],[127.79290896508279,37.145327162355166],[127.80164719741353,37.14426328166423],[127.80693914655686,37.147064276801366],[127.81159562594169,37.14651219883899],[127.81527405748987,37.14666918054195],[127.81685063292959,37.1470032683137],[127.81739180024103,37.1472169182883],[127.82251543462866,37.15057981939593],[127.82537028144438,37.152262670895546],[127.84739138452876,37.15293593737398],[127.85322521923652,37.16028171254124],[127.85435108653914,37.16038426946322],[127.85491840531331,37.1602456001801],[127.85508996452434,37.16014073860438],[127.85517186605679,37.16007286009779],[127.85528623460091,37.1599509562197],[127.85588319765121,37.15647686379765],[127.86129919642485,37.15534830451988],[127.86169429397704,37.15560167145003],[127.86180102085721,37.15583093592227],[127.86181841628103,37.15593780678071],[127.86182489269981,37.15601265307225],[127.861855847359,37.156447460299354],[127.86185391583888,37.15652518793399],[127.86164688133029,37.15765775625484],[127.86156349552162,37.157998216951356],[127.86143846354445,37.15838937571491],[127.86137690124325,37.1586074838729],[127.861372512014,37.15874773202072],[127.86137186752549,37.15921852261322],[127.86138054457734,37.15930095749058],[127.8613950155047,37.15936787038095],[127.86179873430166,37.160658187726234],[127.861964955226,37.161045547596764],[127.86203660000199,37.16109711495877],[127.86272455294589,37.16157726574428],[127.86362795947997,37.16213073598754],[127.86418771632954,37.16238120192705],[127.87054273343934,37.16412020924045],[127.87118933703947,37.164238789329104],[127.87197750063928,37.16433802621445],[127.87205003774916,37.16434397138224],[127.87246618617374,37.16427699443979],[127.87425299743775,37.163810247351215],[127.88015676408047,37.16224951909563],[127.88343594362085,37.161849831018],[127.88378028769857,37.161782790670955],[127.88656996964563,37.161074113865865],[127.88665917387736,37.16100051816163],[127.88687935238025,37.16078516958411],[127.88856830569651,37.15969497199717],[127.89145939172218,37.158133956381285],[127.89163104397129,37.158041717363844],[127.89375581815095,37.15710895089336],[127.89509556495615,37.1561936176349],[127.89599740564903,37.15522693735698],[127.89708809488691,37.15345298575916],[127.89777452247537,37.152181293268214],[127.89888563185187,37.14981570647742],[127.89889425094245,37.14980453779343],[127.89939467435737,37.15009189369429],[127.8999403540811,37.15045745828503],[127.90163979933511,37.151802295459454],[127.90189111916042,37.15220077433106],[127.90408401133682,37.16022007780927],[127.90617904358272,37.16172964663179],[127.90711331283386,37.164283661753664],[127.90718791263437,37.1646975608626],[127.90715309532177,37.165229140168975],[127.90863336215526,37.167124322221866],[127.91504522146096,37.16888160969025],[127.91722520492395,37.16765375958468],[127.92080040112582,37.16586768578936],[127.92464122659285,37.16452993844148],[127.9263269907377,37.16552734834759],[127.92648058890846,37.16661215654624],[127.92730067954817,37.16978240347572],[127.93362553263374,37.17580286187197],[127.93625929672862,37.188766867089875],[127.92172424658871,37.22538230707287],[127.97191483441271,37.25637836112646],[128.01825682658577,37.2457138569341],[128.0410735314004,37.18899052238753],[128.1253222389012,37.23453731728112],[128.16448012345597,37.21345670960783],[128.20779919305193,37.248823011106325],[128.19736472413175,37.296841346268145],[128.14256027309835,37.27104215281619],[128.10857184830098,37.298780169172225]]]},"properties":{"name":"원주시","code":"32020"}},
{"type":"Feature","geometry":{"type":"Polygon","coordinates":[[[128.97337881255135,37.53373577721183],[128.9735638728046,37.53379710197401],[128.9739101770023,37.53391185525835],[128.97582107039796,37.534254054321885],[128.9764136932227,37.5342461099058],[128.97879049513747,37.533716768210695],[128.9797804655212,37.53320077288862],[128.98069362434347,37.53308243338854],[128.9813572159043,37.53316505084459],[128.98673815834624,37.53412165400128],[128.98959360027285,37.53684315280264],[128.99105627258223,37.538418933307625],[128.99256219976093,37.53963756687873],[128.99260946756962,37.53967365054316],[128.99458991391887,37.54109229017256],[128.99557734326842,37.54163611013284],[128.99767159414603,37.54253225191485],[128.99855978576065,37.542813665577576],[129.0026515753151,37.5428200952861],[129.00340546487163,37.54166154710484],[129.00444905114975,37.541685229114336],[129.00833537490996,37.54116458424581],[129.01055511427703,37.53985549829044],[129.01242509070923,37.53947880448704],[129.01855762777882,37.53827824468742],[129.01876056904678,37.538305175438744],[129.0197566404975,37.538626810486775],[129.02116360733268,37.53946278179171],[129.0213148824954,37.539566324483964],[129.02224325638662,37.54036514128179],[129.0254009119888,37.544923376100236],[129.02576616290875,37.54543425761097],[129.02586073728685,37.54551906123488],[129.02688949559223,37.5459853374175],[129.02843638176677,37.546561788479075],[129.03269451861198,37.547596634251185],[129.03398333815124,37.54727350747613],[129.03572729342096,37.54779973728594],[129.0362465322159,37.54807990148884],[129.0370304661297,37.54866742021907],[129.03762080389913,37.549169310658975],[129.03802946233674,37.54971206044827],[129.03806941006746,37.54972487704166],[129.03866388793546,37.54975487820862],[129.03912146922355,37.549549078092554],[129.04032187004546,37.54730411212759],[129.04707303975883,37.54662771672165],[129.04783972275604,37.550289242073994],[129.04891360994282,37.55194534676778],[129.04984639531338,37.55423165908727],[129.04822209820645,37.55829531881613],[129.0510275005961,37.5764036254189],[129.05220206789954,37.57780598548512],[129.0551150046121,37.58099045420373],[129.0579195090317,37.587552348873054],[129.0585165537938,37.5880756847617],[129.05960591191936,37.588530188531145],[129.05963998016418,37.58994672338778],[129.05865162009945,37.591645425544186],[129.05501464899044,37.59470321543919],[129.0556723795935,37.597110225291566],[129.07487543621792,37.60486225857104],[129.05702351526332,37.672907356112084],[128.8100024870858,37.91753429546379],[128.64293829516558,37.89488588942287],[128.5880173815736,37.86203321638971],[128.58273576063567,37.82138508181786],[128.5841345768146,37.8201633571288],[128.58549638136984,37.81854094896226],[128.5896044246752,37.81671599885517],[128.5919185463428,37.81603783879886],[128.5979486794986,37.810033359301094],[128.59890205018723,37.809271306097735],[128.5999641907742,37.80881603297642],[128.5992681887157,37.80630530811389],[128.59814945163373,37.804377994786016],[128.60093954210993,37.801738901064304],[128.6014105290595,37.781333239271184],[128.59911130818801,37.7772612669726],[128.5988052360797,37.774608696209825],[128.59880440288924,37.77447952941985],[128.59933730577993,37.77349144093393],[128.6002086865349,37.7718757945158],[128.60102709596612,37.770667654174034],[128.6024449246946,37.76934833758072],[128.60669234082272,37.7683733526105],[128.60799856234132,37.767000017846364],[128.6092794105957,37.76632463592692],[128.61040139099228,37.76620627750744],[128.61175070520454,37.76767568821863],[128.61300116719372,37.76953943719747],[128.61402582545915,37.770539176668024],[128.61470046281454,37.770575834313625],[128.61520025030347,37.769846044263275],[128.61547031630934,37.769706930118865],[128.61612230436677,37.76937142662043],[128.61959660065227,37.769283503712764],[128.62362524440323,37.769586203974335],[128.6270615879677,37.77273692159496],[128.62749289852445,37.772900450479234],[128.62870821625629,37.772717844378256],[128.62958641681786,37.772559048822245],[128.6304712743963,37.77294572715728],[128.63143518462965,37.77436449441719],[128.63177769858987,37.776540127137395],[128.633235527759,37.77940045664611],[128.63733979216724,37.78246363589821],[128.63898396572307,37.78243656289969],[128.6430917749659,37.77731963940198],[128.6556952508391,37.77142512311098],[128.67084764913798,37.766876585698334],[128.67362207915374,37.76948211191405],[128.67984191009242,37.773032308737285],[128.68485368369167,37.77305117392327],[128.69097271161345,37.76972049186052],[128.6952821777026,37.770351150604206],[128.6983719634849,37.771333672934716],[128.70323408779882,37.7699350601388],[128.70890013352408,37.76804968293345],[128.72536312203556,37.74949582994563],[128.73188353741273,37.74769904524561],[128.7396632560691,37.74162736039688],[128.74176855611972,37.74203095254263],[128.7437990290805,37.74143207833939],[128.74379931254427,37.741431994233],[128.7438024856414,37.74141590902109],[128.74425077711464,37.73914137641097],[128.74499584779176,37.73176359108926],[128.74485841946014,37.73116345807898],[128.74475892479245,37.73103177143809],[128.7440053640212,37.73003423229138],[128.74402695602103,37.728792701717495],[128.74567157706787,37.72676789926571],[128.7445547073796,37.723439424815325],[128.75318266834407,37.710707659939374],[128.75456058759318,37.69964516181766],[128.76071163346745,37.68283636096355],[128.76395454862066,37.68070137432569],[128.76339788321312,37.67793158651719],[128.76502821957914,37.67291727046152],[128.7644171853272,37.6725846478086],[128.76062281343437,37.67127650565605],[128.75839606146877,37.67139275249072],[128.75246651064919,37.66977972329294],[128.75206095098332,37.66855690578923],[128.75188634477865,37.66757670384553],[128.74727099937434,37.66648722927143],[128.74575931677046,37.66502767439442],[128.74479246713742,37.66290578305542],[128.74364982417967,37.6602912918208],[128.74366769027014,37.658828242877554],[128.7414061753997,37.657577329218775],[128.73587026573372,37.656246197422774],[128.7329381260151,37.65347828170396],[128.73176781205595,37.649784158493226],[128.73307725085115,37.64614342792941],[128.72869766730142,37.636804235140474],[128.73656019834317,37.609749896250996],[128.72302467557316,37.61131636921043],[128.7166524273643,37.60426858755941],[128.71634589319697,37.59338224969679],[128.71207131242394,37.59086636137593],[128.71207333780484,37.58863636909746],[128.7083305630991,37.58863059928541],[128.70700168145544,37.58892148915855],[128.70344242342387,37.58999959266559],[128.6989230681818,37.59351591291338],[128.68399675361803,37.59384109340055],[128.6789640240521,37.56986110390461],[128.71978185107358,37.52871293765956],[128.7908211829226,37.539215488032596],[128.81375418928857,37.50329590498593],[128.8844800010039,37.59291585483286],[128.90574016053455,37.552620165121915],[128.97337881255135,37.53373577721183]]]},"properties":{"name":"강릉시","code":"32030"}},
{"type":"Feature","geometry":{"type":"Polygon","coordinates":[[[129.11148581698376,37.58162009393292],[129.0748754373997,37.60486225868798],[129.05567237977027,37.59711022528027],[129.05501464919618,37.59470321618267],[129.058651620423,37.5916454262597],[129.05963998034247,37.58994672339669],[129.05960591230215,37.58853018911824],[129.05959311442695,37.588501984632856],[129.05956701605788,37.58847935615373],[129.05851655527633,37.588075684728736],[129.05791950910324,37.5875523488024],[129.05511500608847,37.5809904543082],[129.05220206783525,37.5778059855298],[129.05102750087036,37.57640362595024],[129.05116946391468,37.57535055551801],[129.0515952294215,37.57456056052676],[129.0505917201821,37.567098769670174],[129.0482220996338,37.558295319456455],[129.0498463968195,37.5542316597468],[129.04891360995845,37.551945346880935],[129.04783972263672,37.55028924261139],[129.0470730396614,37.546627717622265],[129.04032187010975,37.5473041121345],[129.03912147062348,37.54954907870431],[129.0386638878405,37.54975487815776],[129.03806941151566,37.549724877579756],[129.0380294626725,37.54971206102462],[129.03762080421455,37.54916931056756],[129.03703046657196,37.54866742092077],[129.03624653208834,37.548079901628505],[129.03572729482428,37.54779973795667],[129.03398333804324,37.547273508030095],[129.0326945185095,37.54759663491334],[129.02843638181074,37.54656178862883],[129.0268894969797,37.54598533737033],[129.02586073869205,37.5455190619497],[129.0257661643827,37.54543425757766],[129.02540091228198,37.544923376760785],[129.02224325681726,37.54036514136934],[129.02131488392706,37.539566325202905],[129.02116360731995,37.53946278187179],[129.01975664036354,37.53862681052968],[129.01876056943163,37.53830517599251],[129.0185576281264,37.5382782446018],[129.01242509078406,37.53947880501752],[129.01055511458443,37.53985549900894],[129.008335376402,37.54116458434364],[129.00444905110112,37.54168522905933],[129.00340546490477,37.54166154704791],[129.0026515756667,37.54282009595036],[128.9985597861902,37.542813666161656],[128.99847741659426,37.54280070068785],[128.9976715940444,37.54253225191771],[128.99557734466623,37.54163611077243],[128.99458991427665,37.54109229070651],[128.9926094675891,37.5396736505753],[128.9925621996824,37.53963756759511],[128.9910562740557,37.538418933366295],[128.98959360045265,37.536843153504314],[128.98673815861375,37.53412165411303],[128.9813572173332,37.53316505083439],[128.98069362455846,37.533082433303804],[128.97978046561659,37.53320077357465],[128.9787904952019,37.53371676889711],[128.97641369350748,37.534246110054326],[128.97582107063735,37.53425405435568],[128.97391017706377,37.533911855348066],[128.97356387414814,37.53379710211989],[128.97337881281427,37.53373577714763],[128.9712193759596,37.53218266655784],[128.9687290556996,37.530234698098056],[128.96820840954305,37.527194532197704],[128.9684568013872,37.52269567837941],[128.9677566239272,37.52056893201349],[128.9670744389746,37.51936892294286],[128.96429576580678,37.51763116599876],[128.96386916244765,37.517158826783884],[128.96338541056232,37.51489473703378],[128.96231897897357,37.513686437232096],[128.96175464956227,37.51341878904219],[128.96132235305708,37.51321370133511],[128.96098201402344,37.51257832718802],[128.96185236694407,37.50952178913567],[128.97439104910185,37.50343880264677],[128.97002235471177,37.49473085405839],[128.97095585454647,37.4926604820849],[128.97251177066195,37.49163597845354],[128.9781029304259,37.49328654547958],[128.9859581730284,37.492992095728745],[128.98828154617303,37.490031438314816],[128.98966273593342,37.48450591386762],[128.98956562664478,37.48377448059053],[128.98919102647648,37.48339650728836],[128.9884982621002,37.48334257059854],[128.9876202807396,37.483632098798424],[128.98618116361757,37.4837027388678],[128.98570465691145,37.48276991350675],[128.98643067759653,37.48142387482696],[128.98809856793608,37.479322171621625],[128.9869774791369,37.47561624136014],[128.98595483008867,37.4731839243282],[128.98471318584262,37.47041464366421],[128.9833167798128,37.4699262736422],[128.9804862951635,37.469233896232154],[128.97736623857958,37.46862173296674],[128.9677819452989,37.46049763710559],[128.9645360842746,37.45755538457839],[128.96433837903677,37.454747689900145],[128.96233356576298,37.452581733487136],[128.96000167689604,37.450190601392805],[128.95761847702812,37.44663730587791],[128.9585582646186,37.44424626643562],[128.95905557910677,37.44390048541507],[128.96578989635296,37.44141408331337],[128.9686554076329,37.440078447756115],[128.97092998705045,37.43846714472853],[128.97147559758605,37.43790711022853],[128.9727451152717,37.43612812084204],[128.97252574376816,37.43453498363035],[128.9752362344126,37.433239506731084],[128.97553540667337,37.433137668702656],[128.9758947741341,37.433015677503825],[128.97753796301092,37.43299609123458],[128.97990328076827,37.4338007995957],[128.98156971679683,37.4339924744644],[128.9846291573127,37.433926528518434],[128.98572936682868,37.43366482216095],[128.99530895098056,37.43068443281024],[128.99762175947322,37.43038526161472],[128.99942296352862,37.429871452437155],[129.00070407421,37.42932812273343],[129.00224762382425,37.42864521067008],[129.00444141153332,37.42679759231251],[129.04820093488067,37.45695246780934],[129.13479426607117,37.45318857072246],[129.13837955595713,37.463073184556904],[129.13940726417533,37.46477181628483],[129.14119824340696,37.46619790457569],[129.14160665429281,37.46645061990868],[129.14176421463898,37.466501538691745],[129.1435956477314,37.466520695359975],[129.14470422565427,37.46639530746845],[129.14663487586643,37.46590702226192],[129.1480030069855,37.465064661497685],[129.1491249085624,37.464924349073556],[129.15079800209492,37.46570522807057],[129.11148581698376,37.58162009393292]]]},"properties":{"name":"동해시","code":"32040"}},
{"type":"Feature","geometry":{"type":"Polygon","coordinates":[[[129.0956600340809,37.10031306111006],[129.08857098221674,37.15821239383803],[128.9988755924168,37.20776834658934],[129.0082630023785,37.34554494153939],[128.9432843098519,37.3055362419532],[128.90797051268143,37.21654585144173],[128.90053120449852,37.14707732544942],[128.86908140757743,37.109555291963005],[128.8766953667852,37.07183396007401],[128.91032076577724,37.0683213504538],[128.94566317622807,37.09377790203044],[129.05943579539198,37.065249997159285],[129.0956600340809,37.10031306111006]]]},"properties":{"name":"태백시","code":"32050"}},
{"type":"Feature","geometry":{"type":"Polygon","coordinates":[[[128.60871815591116,38.16128139133717],[128.58493301552642,38.23077170987723],[128.48455043733523,38.187971864745734],[128.44231224384205,38.20372222949146],[128.4211403710466,38.17668830023349],[128.46485679969314,38.1192130815125],[128.60871815591116,38.16128139133717]]]},"properties":{"name":"속초시","code":"32060"}},
{"type":"Feature","geometry":{"type":"Polygon","coordinates":[[[129.36339728512056,37.14600090459762],[129.35665462466082,37.23565242015188],[129.17933702665718,37.46361670517268],[129.15826861436733,37.47624481738231],[129.15079800179024,37.46570522737266],[129.1491249086446,37.464924349046186],[129.14800300668935,37.465064660783796],[129.14663487553665,37.465907022281655],[129.14470422561413,37.46639530679675],[129.14359564778155,37.46652069523271],[129.14176421317026,37.46650153813319],[129.14160665395335,37.46645062003855],[129.14119824191292,37.46619790447428],[129.13940726412451,37.46477181613433],[129.13479426601762,37.45318857054559],[129.0482009345408,37.45695246696373],[129.00444141146104,37.42679759173534],[129.00224762351195,37.42864521012147],[129.00070407413503,37.42932812273807],[128.99942296362835,37.42987145240439],[128.99762175943331,37.430385261440236],[128.99530895094773,37.43068443215949],[128.98462915723306,37.433926527952785],[128.98156971682675,37.43399247458478],[128.9799032805759,37.43380079963702],[128.97753796276072,37.432996090524945],[128.97589477423475,37.433015677515066],[128.97553540640402,37.433137668083916],[128.97523623422606,37.43323950662004],[128.97252574385348,37.43453498308552],[128.97274511509352,37.43612812031281],[128.97147559748922,37.437907109511684],[128.97092998697565,37.438467144800036],[128.96865540621965,37.44007844762862],[128.9657898948816,37.44141408320593],[128.95905557771502,37.443900485375224],[128.95855826318052,37.44424626645266],[128.95761847703997,37.446637306147274],[128.90279439169882,37.43722313197212],[128.84648255490902,37.344316593210664],[128.90797051268143,37.21654585144173],[128.9432843098519,37.3055362419532],[129.0082630023785,37.34554494153939],[128.9988755924168,37.20776834658934],[129.08857098221674,37.15821239383803],[129.0956600340809,37.10031306111006],[129.18540948713675,37.04171907982702],[129.2380124371702,37.0386653095117],[129.2253777074639,37.07372011254758],[129.27123827008367,37.11638056790035],[129.36339728512056,37.14600090459762]]]},"properties":{"name":"삼척시","code":"32070"}},
{"type":"Feature","geometry":{"type":"Polygon","coordinates":[[[128.48142466603576,37.89300190915886],[128.44043244488836,37.863981637664395],[128.41232816471282,37.88468947408117],[128.34746264911496,37.82629028282469],[128.29106938922806,37.869301308273315],[128.2120446146105,37.81207704875689],[128.16080138823756,37.895131750222646],[127.99511006335426,37.94120017810631],[127.93278683519351,37.826356824720826],[127.89066711122364,37.86312335627435],[127.86930567477026,37.83655639532211],[127.81547972418095,37.84098978092666],[127.85644650441438,37.769361042308105],[127.83232121445343,37.74133852362322],[127.74299480968449,37.74163779986061],[127.61265801296969,37.67564491822155],[127.5934847724111,37.7212246539337],[127.57357083967445,37.732687349526756],[127.56754803593874,37.732685734892065],[127.56426463954962,37.72783575213099],[127.56228913526276,37.72795271202011],[127.56225851982647,37.72795876801582],[127.55991207696314,37.72857664248361],[127.53565507520801,37.65069464102858],[127.5352446553513,37.6471559857208],[127.53545513075417,37.64576726128989],[127.53793689703271,37.641478389999946],[127.5482575519079,37.633207995761985],[127.55483650268408,37.630684746178716],[127.55648063480065,37.62998130603385],[127.55940244967776,37.62849660238282],[127.56468087053032,37.6331572188998],[127.57141714917324,37.6320006409145],[127.57871110796876,37.632830961708166],[127.57934949305671,37.63297818001216],[127.58065486774319,37.63339833438007],[127.58287323173973,37.634719450108506],[127.5834863012963,37.63559036505104],[127.58347347594596,37.63630584965813],[127.58330189077523,37.63743459607607],[127.58324448017073,37.638358928366465],[127.58325585045291,37.64013405374753],[127.58486111400366,37.64230252629989],[127.59882410153183,37.64688472815414],[127.60219333784623,37.65152954876419],[127.60621612286768,37.65079357924042],[127.62198066571587,37.64213990242412],[127.62731650572256,37.64273310277395],[127.63943278209007,37.6326427432584],[127.64698792878954,37.63273679974375],[127.6473137487953,37.62933331887277],[127.65153164485807,37.62293864628175],[127.65339405799084,37.622306146945995],[127.65421783777504,37.622274844722284],[127.65515419853004,37.62226571423981],[127.655645412162,37.62229537423371],[127.66170726927793,37.62432229277232],[127.66384545790712,37.623796480948016],[127.66414145951627,37.62342682924495],[127.66440380369707,37.622933483170506],[127.66472715270834,37.620243134845175],[127.66752103189984,37.61725083623572],[127.69618922483141,37.60079419399372],[127.69819834174861,37.59088855154444],[127.70789503286571,37.58635311149997],[127.70871329740862,37.58649433978725],[127.71159421945625,37.58748922798273],[127.71879478060207,37.589317452547235],[127.72126926322551,37.59033455564126],[127.72312539685568,37.59062617285475],[127.72522399837084,37.58986608967113],[127.73889263060187,37.58755919798827],[127.74470426102066,37.58787750558502],[127.75410574356695,37.59206487144465],[127.78443814190997,37.57811857349205],[127.78786132367075,37.57890922473859],[127.79408022470602,37.58525462828048],[127.79997628367731,37.582774687911304],[127.80407731469731,37.57930997990799],[127.80424700219892,37.57913426411398],[127.80434738281377,37.5779398040315],[127.80487217819253,37.57505737389583],[127.80961339182748,37.573447200469644],[127.81413011766821,37.56415202458924],[127.82622960430018,37.56071062458497],[127.83636267911021,37.56040853631893],[127.83951121207322,37.55921694596159],[127.84038871070237,37.55679078121914],[127.84475599294646,37.553583490416855],[127.84626966798825,37.553214528119675],[127.84800410117406,37.55244671010029],[127.84807617024103,37.55230202138256],[127.84986044706262,37.55348497979212],[127.85520381504047,37.55399408726099],[127.85955288770361,37.557719863312364],[127.87373666352215,37.55744576171925],[127.89338121567272,37.59779074213619],[127.9512231761379,37.611137826339096],[127.97120751549373,37.638075223708945],[128.0201179833684,37.613171226646514],[128.11872213762436,37.67862104908384],[128.25389645580077,37.62737063011864],[128.25529288850595,37.62835919777524],[128.26249403771644,37.632024101542235],[128.26631168900977,37.633532265316674],[128.2703446871164,37.632664048929584],[128.27118455393096,37.635107493400234],[128.27151110368084,37.63690469489041],[128.27503372673257,37.64024714211376],[128.27657690850398,37.668879387512945],[128.3124606213802,37.703175900698106],[128.3142621758533,37.70169826596363],[128.31452929300886,37.70099174229352],[128.31671104363858,37.69971628797772],[128.32033808123904,37.692085905619614],[128.32138702042846,37.690820782452754],[128.3233720872546,37.69004347607844],[128.32338998555846,37.69005368827144],[128.32392111486305,37.6903568559235],[128.32475700255776,37.69076386464536],[128.32648005186448,37.691510850801556],[128.33051446809083,37.692810344645146],[128.33690045538205,37.69555015196662],[128.34616070588834,37.6955989047734],[128.35066346272026,37.69717753562369],[128.3563357252264,37.69788418125203],[128.357476314456,37.699189491008084],[128.35803667157856,37.69937504579141],[128.3598942604693,37.69934887607155],[128.3649770803195,37.697786545558124],[128.36914682501012,37.69390067999457],[128.37608137834135,37.69161395991624],[128.376721082779,37.69149219729852],[128.3803378155653,37.69179004743124],[128.38339599893843,37.69213431759384],[128.3846991934046,37.69229330490639],[128.38506223655602,37.691887868070864],[128.38591795801966,37.69130377455903],[128.39279229873335,37.69129662386176],[128.39421386232434,37.69130658226965],[128.39471475014852,37.691340644077215],[128.39854394318291,37.68996820344626],[128.39924720148835,37.68966763485963],[128.40358559128524,37.68844242074236],[128.40443151900598,37.688326222864134],[128.404434379033,37.68832787556059],[128.40539040793422,37.68892235305313],[128.40684109015106,37.689951254004036],[128.40852481919373,37.69078787505233],[128.4101273870311,37.69014120379053],[128.41127866879867,37.689611393763236],[128.41288962755925,37.68849386585766],[128.4154884184482,37.68798413122267],[128.44394933161573,37.700731124552405],[128.4449203633622,37.717656899065695],[128.45249785160564,37.72706518297288],[128.45339505536415,37.72795923992274],[128.45438048241743,37.72886882145925],[128.45780646252754,37.730812449439306],[128.46619303776745,37.72848558625183],[128.478697939159,37.734661646862754],[128.5096178029212,37.73055420508961],[128.51306857223105,37.73036529553792],[128.51396297869664,37.731311014459834],[128.5149505767999,37.731940778804805],[128.5160644621572,37.73220856307764],[128.51650120363524,37.732142810931364],[128.51794942012845,37.73192475180618],[128.52057035608567,37.73109119474495],[128.5222179532647,37.729706513247876],[128.5235459547034,37.730252705077284],[128.52643211372788,37.73155574848499],[128.52799733764527,37.73296592235357],[128.52770455539908,37.73652369624965],[128.52517446883323,37.73881932581781],[128.52447503487423,37.74099949118253],[128.52406284881505,37.7426314766031],[128.52498061925004,37.74529100634418],[128.52644643000227,37.747735389449176],[128.5271072821999,37.752810617123934],[128.52395077007003,37.76401473553987],[128.54375738981318,37.80022762120612],[128.58273576063567,37.82138508181786],[128.5880173815736,37.86203321638971],[128.48142466603576,37.89300190915886]]]},"properties":{"name":"홍천군","code":"32310"}},
{"type":"Feature","geometry":{"type":"Polygon","coordinates":[[[128.25389645580077,37.62737063011864],[128.11872213762436,37.67862104908384],[128.0201179833684,37.613171226646514],[127.97120751549373,37.638075223708945],[127.9512231761379,37.611137826339096],[127.89338121567272,37.59779074213619],[127.87373666352215,37.55744576171925],[127.85955288770361,37.557719863312364],[127.85520381504047,37.55399408726099],[127.84986044706262,37.55348497979212],[127.84807617024103,37.55230202138256],[127.84811314040127,37.55033387965406],[127.84761835176225,37.549523264517966],[127.84620841189113,37.54842249455325],[127.84556081537563,37.54827342088403],[127.8454185906852,37.54813576114797],[127.84513801976374,37.54772505979538],[127.84497176148606,37.54569377546575],[127.84592456559727,37.54464567435428],[127.84602630758381,37.544469744417206],[127.84594600959251,37.54409305259945],[127.84523262561841,37.543324531754266],[127.84463360711796,37.54297009004557],[127.8439314564967,37.54258529778592],[127.84304363050946,37.541918281858685],[127.84202294263106,37.53890089492782],[127.80958058265531,37.53786222316542],[127.80623196858667,37.53491977107066],[127.80636412599286,37.53189827568904],[127.80647298439318,37.53117146855332],[127.80233803309243,37.52927566363882],[127.80163869839849,37.52914236521409],[127.79901166447279,37.52877468514329],[127.79634376846387,37.52858205429917],[127.78549607393133,37.513310811436085],[127.7717904512115,37.505185336910685],[127.76543748175021,37.502763544571536],[127.76466113912555,37.5026557058808],[127.76294243233063,37.502849722779956],[127.75990472428609,37.50326630266289],[127.76002676973211,37.50165817760112],[127.75989241779132,37.500353018627244],[127.75959989808085,37.4981181087217],[127.75947610169031,37.496861335771804],[127.75942149229756,37.495415335690836],[127.76003488018634,37.49289072900551],[127.76351004004911,37.49216526077138],[127.76430380032963,37.49224986728321],[127.76530080283747,37.493073019967014],[127.76630709636245,37.49293546187708],[127.77468903734923,37.491746346020314],[127.77480340061898,37.49105754335121],[127.77509527060404,37.49032147432747],[127.77606624243087,37.48854458110126],[127.77802315477753,37.48801679359239],[127.778770577492,37.48811483878665],[127.77956577497326,37.48841691921791],[127.779919630903,37.48858662153444],[127.780188093468,37.48865116470904],[127.78128910647179,37.48635797078548],[127.78189104298417,37.48373388977664],[127.78196674430681,37.48295078952842],[127.78189575660714,37.48213414331624],[127.78216669546562,37.48168022816931],[127.7848458979058,37.478690207746084],[127.7895801278056,37.47479708530958],[127.79978713143343,37.47238314723998],[127.80097392685892,37.47003742215177],[127.8008287876383,37.46854419414218],[127.80071372043152,37.467860988475515],[127.79942723840989,37.465564414435256],[127.79761504357492,37.46401439794215],[127.79684099059435,37.4636509641154],[127.79647036784904,37.463721527983814],[127.79626622907831,37.463043952594006],[127.79938192744184,37.45177020350543],[127.7983884453641,37.442590948963385],[127.7993614403129,37.439291870231564],[127.79993144733875,37.43870217852633],[127.80041371311513,37.438629738125194],[127.8004664010179,37.43864051982676],[127.80258052915647,37.43954240248912],[127.81050470553127,37.441385565698994],[127.81343657992547,37.44526925291663],[127.8205802407675,37.4462820075424],[127.86716244249685,37.39905043010033],[127.87698724228075,37.4669208263273],[127.92914764865684,37.506906857460976],[127.94930219504963,37.45444193937671],[128.08423594872434,37.426727345652566],[128.09742969541557,37.40636205584567],[128.03367509063,37.33248143769972],[128.10857184830098,37.298780169172225],[128.18615248436282,37.340894196586774],[128.18522933682115,37.39270245288243],[128.26548178398238,37.40844434170262],[128.25920287352653,37.41687935767485],[128.25787834490666,37.424029371883805],[128.254090726165,37.427955345628014],[128.25772909589924,37.43850236087007],[128.24627617774766,37.44599236768418],[128.24666977013317,37.46622186339533],[128.24457810726395,37.46918939344476],[128.2435292271335,37.479720265122324],[128.24362802032107,37.47998457261279],[128.2444108928383,37.48018631307962],[128.25256427607724,37.4813217332371],[128.2605846700492,37.48427775108579],[128.26386225510512,37.48462917189281],[128.27681695197597,37.50251521876997],[128.28981720220048,37.507001552992094],[128.29099481412092,37.511240662372096],[128.29454099220018,37.51182128182137],[128.2973558997796,37.51180652617387],[128.29756338665064,37.511832636045185],[128.29777249115466,37.51252839026892],[128.29761943523118,37.51320425865727],[128.2968796842766,37.516035751356476],[128.29635046569265,37.516987425670436],[128.2963170146016,37.5178412574784],[128.2987863925649,37.52228528147954],[128.30082158806783,37.52409286924025],[128.29958239330128,37.534399502021316],[128.3002799688044,37.53575286828088],[128.30226670321136,37.537961609201176],[128.28304208192125,37.620561260980296],[128.28097946643157,37.620416144223675],[128.27872056003613,37.62008765556924],[128.2780002942463,37.62010074769723],[128.2744900607831,37.62078135096599],[128.27260171618354,37.62132069856484],[128.26552777740605,37.62457753614198],[128.26333147831235,37.62503486128144],[128.26115309619442,37.62545113682968],[128.25808710224396,37.62547065215199],[128.2546734543994,37.62690333613088],[128.25389645580077,37.62737063011864]]]},"properties":{"name":"횡성군","code":"32320"}},
{"type":"Feature","geometry":{"type":"Polygon","coordinates":[[[128.57601710274585,37.26828398222707],[128.55642607260538,37.28851913132451],[128.5008761017129,37.289286567070484],[128.49668589727457,37.30339746081313],[128.48135165975603,37.30259056653028],[128.46470712084607,37.30667681602424],[128.46247240655373,37.3084904738024],[128.46114940660257,37.31126197285835],[128.46272988537496,37.31533341559285],[128.46443070419676,37.316536894966426],[128.46470870887006,37.31934910462982],[128.46377168252047,37.322252879688364],[128.46302769332925,37.32417951775507],[128.45400639062575,37.33210345287593],[128.4528215580319,37.33568970277493],[128.4297075952433,37.3398153726968],[128.42717176875868,37.34220626089627],[128.42059429226796,37.34365678731999],[128.4046876938561,37.320849745959784],[128.40464314946095,37.319658966346736],[128.40531313677457,37.31662178120384],[128.40734637366467,37.31130336804352],[128.41075790509854,37.30872955836261],[128.40565895845955,37.30159722136462],[128.40809550074837,37.29940534992163],[128.40934707069684,37.29605531904497],[128.40913234099446,37.29514852375537],[128.40884898721072,37.29465905092069],[128.40609467299862,37.29401383751133],[128.40014880801664,37.2970731067533],[128.39715349686176,37.29726978803567],[128.39446360497988,37.295944492296655],[128.39349070890017,37.295164399445106],[128.3930597276605,37.29462317794969],[128.39297313216943,37.29446975770233],[128.39296462430073,37.29445468521037],[128.3827134215831,37.28895450760639],[128.37222815121154,37.29112951770949],[128.32447810860222,37.32137006111604],[128.32276922448136,37.34373965738459],[128.3216462200986,37.3473551990711],[128.31688062996182,37.352279526436234],[128.3165673687701,37.35297062051644],[128.3164812988818,37.35349328059099],[128.3167787185455,37.355246132630874],[128.31773106279763,37.35928384334676],[128.31835242804385,37.35952553254943],[128.31928730642238,37.36012048104605],[128.3197742165624,37.361222872942264],[128.32061672722352,37.36634019070102],[128.327106714741,37.375645625879855],[128.327214531263,37.3761102037394],[128.3259378040443,37.378069237179545],[128.31684755484733,37.37791714847651],[128.29751191906132,37.38870358803717],[128.2934101482904,37.39677766999299],[128.29380651869772,37.39990690776671],[128.29433020073975,37.40100508390813],[128.29327336200086,37.40213277118307],[128.2828223167652,37.406655821045945],[128.28141257217135,37.406891728732454],[128.28010511473786,37.4068142011999],[128.27844164641792,37.40652347895367],[128.2722519618021,37.408710694042284],[128.26548178398238,37.40844434170262],[128.18522933682115,37.39270245288243],[128.18615248436282,37.340894196586774],[128.10857184830098,37.298780169172225],[128.14256027309835,37.27104215281619],[128.19736472413175,37.296841346268145],[128.20779919305193,37.248823011106325],[128.26840122164086,37.20791510015827],[128.33218344584944,37.213903224846376],[128.26444154148237,37.16041506441895],[128.29833692713638,37.13418966995827],[128.384102096228,37.157977779289794],[128.42470045198695,37.1024640056674],[128.49658358976393,37.12575946539637],[128.5381309574976,37.08962700683996],[128.65209649942307,37.06544001880795],[128.7090990025728,37.03935578470675],[128.75376494469842,37.02783248915859],[128.78028227468045,37.092342722391976],[128.87247945183537,37.04394526154062],[128.91032076577724,37.0683213504538],[128.8766953667852,37.07183396007401],[128.86908140757743,37.109555291963005],[128.90053120449852,37.14707732544942],[128.75431292661688,37.21157506098966],[128.64207097478845,37.182402375178754],[128.6192648393608,37.218634162516935],[128.5788449956105,37.22018485713336],[128.57601710274585,37.26828398222707]]]},"properties":{"name":"영월군","code":"32330"}},
{"type":"Feature","geometry":{"type":"Polygon","coordinates":[[[128.3124606230117,37.70317590147886],[128.3125537868745,37.7027155939386],[128.30895184266916,37.698978817713396],[128.30444630088925,37.691204860695706],[128.27657690999732,37.66887938725559],[128.27503372673374,37.64024714201146],[128.27034468830817,37.63266404879926],[128.26920944273135,37.633146982471914],[128.26631168929268,37.63353226592022],[128.26249403814447,37.63202410129548],[128.25529288880816,37.62835919789284],[128.2538964558688,37.627370629841636],[128.25467345436283,37.62690333579734],[128.25808710248035,37.6254706519945],[128.26115309640682,37.62545113649453],[128.26333147849928,37.62503486137864],[128.26552777781646,37.6245775362342],[128.27260171639858,37.621320698701446],[128.27449006081034,37.62078135092075],[128.27800029413456,37.6201007474839],[128.27872055998714,37.62008765521994],[128.2809794664273,37.62041614423849],[128.28304208193512,37.620561261034595],[128.30226670331237,37.53796160913605],[128.3002799693467,37.535752868239186],[128.29958239330097,37.534399502093315],[128.30008499542427,37.53317987440204],[128.30175156568498,37.531890245768516],[128.30199339588543,37.530374826845744],[128.3008215882769,37.524092869150635],[128.29995614793066,37.52295029924994],[128.29940743775174,37.522619474616214],[128.29878639247147,37.52228528131627],[128.29631701450415,37.51784125735037],[128.29635046830984,37.51698742570895],[128.29687968479234,37.51603575111691],[128.29761943571916,37.51320425830347],[128.2977724911172,37.51252838996268],[128.29756338654954,37.511832635782504],[128.26386225508807,37.484629171626906],[128.260584671499,37.48427775070571],[128.25256427737148,37.48132173287396],[128.24441089404772,37.480186312852645],[128.24362802154343,37.47998457224051],[128.24352922703108,37.479720265704614],[128.24409399552627,37.47794634744769],[128.24482354504238,37.47568019933594],[128.2445781086254,37.46918939330748],[128.2466697713568,37.4662218633971],[128.2462761794245,37.4459923685598],[128.25772909627847,37.43850236169047],[128.2592028748953,37.416879358356866],[128.26548178543544,37.40844434265689],[128.27225196188496,37.408710694585544],[128.27844164659206,37.40652347957115],[128.2801051146817,37.406814201952706],[128.28141257344618,37.40689172876435],[128.282822316657,37.40665582093029],[128.28503762995507,37.40473780333514],[128.29327336201445,37.40213277110886],[128.29433020072872,37.40100508484636],[128.2941029060849,37.40065817515368],[128.29380651873677,37.39990690843349],[128.2934101485383,37.39677766985383],[128.29751191934557,37.38870358789599],[128.32593780437566,37.378069237118076],[128.32721453166428,37.37611020361758],[128.32710671471713,37.375645626416784],[128.32436962204483,37.37308966662364],[128.3206167271008,37.36634019056877],[128.31977421651231,37.3612228736079],[128.31928730667644,37.36012048169197],[128.31835242810052,37.35952553329883],[128.31773106428463,37.35928384328965],[128.3167787185685,37.35524613251259],[128.31648129876106,37.35349328125006],[128.3165673687178,37.352970620673304],[128.316880630018,37.35227952653074],[128.32164622150094,37.34735519966591],[128.32276922453963,37.34373965726429],[128.32447810856186,37.321370061653965],[128.3722281528191,37.291129518480005],[128.38271342157483,37.28895450831223],[128.3863280700987,37.29123630161364],[128.3902090626559,37.29308135488905],[128.39296462598088,37.29445468613497],[128.39349070936066,37.29516439943616],[128.39446360523172,37.29594449299965],[128.39715349830297,37.29726978877717],[128.4001488094736,37.29707310752105],[128.40609467315545,37.294013838274],[128.4088489874404,37.29465905187734],[128.4091323409245,37.29514852471256],[128.40934707084028,37.29605531960616],[128.40809550088622,37.29940535001985],[128.40565895987152,37.30159722222771],[128.41075790636236,37.30872955825676],[128.4073463738985,37.31130336869909],[128.4053131369009,37.31662178181359],[128.40464315112376,37.319658966224694],[128.40468769378128,37.3208497460614],[128.41396193069124,37.339393148689346],[128.41807502309754,37.34282371464563],[128.42059429375567,37.343656788074036],[128.42717177028422,37.34220626149678],[128.42970759546327,37.339815373368275],[128.4528215580243,37.335689703308226],[128.45400639054606,37.33210345345646],[128.463027693238,37.32417951854697],[128.46377168286313,37.32225287967659],[128.46470870885634,37.31934910536739],[128.46443070427668,37.31653689552631],[128.46272988701298,37.31533341570258],[128.46114940808872,37.31126197281706],[128.4624724080688,37.30849047456539],[128.4647071223981,37.306676816661906],[128.47060344714575,37.306907359762945],[128.48135165979173,37.30259056715213],[128.49668589733906,37.30339746152364],[128.50087610307946,37.28928656718639],[128.55642607267885,37.288519131928396],[128.58202555073075,37.26672315757423],[128.58427169495533,37.27420762862429],[128.59602587892508,37.280033166906364],[128.59609507884178,37.280084925666365],[128.59631070462623,37.28108576791005],[128.5963546229196,37.282621469413805],[128.56620593996732,37.345314307054814],[128.54720988116898,37.354900924690156],[128.55251504432877,37.36104805514441],[128.55328169168763,37.37024830304632],[128.54043477330896,37.39683449495963],[128.53888507040662,37.39969102781123],[128.5139256087365,37.40410611002154],[128.51064553453384,37.408926818687924],[128.50836974986638,37.410260232619514],[128.51899462945707,37.43444701102538],[128.517857342793,37.440554823351874],[128.51578820788794,37.44237377320123],[128.5152702446851,37.443422615421966],[128.51311431213765,37.44962604757814],[128.51303021021874,37.44997485066004],[128.5131762892803,37.45465144110737],[128.51320798592332,37.45510407498413],[128.5237964952495,37.46359317989731],[128.54627648442514,37.4594022042225],[128.55050052050854,37.457602456875996],[128.55178270320462,37.45674020339777],[128.55219393691266,37.45644983539399],[128.55341158242234,37.456760671065545],[128.55434217057226,37.4570542818555],[128.55850702770437,37.45874483351695],[128.56201000427615,37.46068710341556],[128.56343243355988,37.461365693139534],[128.5612826382143,37.466178533759624],[128.56137596640136,37.466849850637324],[128.5616080994265,37.467636501934344],[128.56183343117493,37.46893168505415],[128.56151153152697,37.47332708217918],[128.5610503293557,37.475182641334044],[128.557938409438,37.48109526504917],[128.55659089995325,37.4857303941446],[128.55659076161194,37.48902710328987],[128.55810429120967,37.490471276080854],[128.5597082348684,37.49277186245989],[128.56070177435626,37.49488190815405],[128.5615983731748,37.49635989661818],[128.5630917672773,37.49846176193843],[128.56486618175268,37.50062766174576],[128.56550369983313,37.50035473477308],[128.57004989393764,37.497704397182645],[128.57352225356132,37.489264729264],[128.58067916494258,37.490249010160184],[128.58445882321746,37.48729528322853],[128.58334826888287,37.49085766622559],[128.57902220528243,37.49239606720183],[128.5759950390116,37.49315851647448],[128.57564453483673,37.49338303471528],[128.5753321002531,37.49375113973242],[128.5771710105468,37.51112773060381],[128.5893902325307,37.54048782828957],[128.58912258166905,37.54229915252544],[128.58836435140154,37.5446226028364],[128.5875796732754,37.54631735731815],[128.587014293264,37.54803372563054],[128.58723441115143,37.54884376937902],[128.58843487341915,37.549631655753316],[128.5883635335189,37.55723976719266],[128.60090729244195,37.56959155211236],[128.6043910843821,37.57119520542192],[128.60610864865964,37.57192689124535],[128.6126233611076,37.57418410455043],[128.615465510911,37.575505389222485],[128.61698101441485,37.57474279855422],[128.61901262105613,37.574291932407334],[128.61999087036824,37.57467679020974],[128.62516620999955,37.57316606525897],[128.62483269616956,37.565548074671796],[128.62637728819323,37.56353108470356],[128.62843466841204,37.55370919541568],[128.63174076513602,37.55024750786974],[128.63244298767512,37.542562723664254],[128.63462261597212,37.53970505690575],[128.63543789518292,37.53968019575763],[128.6403720917079,37.54069143208724],[128.64190259681547,37.54149391909246],[128.64160154196497,37.545186845520945],[128.64510804809072,37.55312936886811],[128.65031684720722,37.555045678820086],[128.66010650459637,37.55563873871162],[128.66633519458364,37.556879677601636],[128.6675486068654,37.55718552303685],[128.6681946365008,37.557515974967224],[128.66999291710596,37.557574573667274],[128.67212326495982,37.55694346784377],[128.67262722079937,37.55674979064036],[128.67371580599374,37.55657576566832],[128.67325424266684,37.55911464268867],[128.67284857577317,37.55973950225112],[128.67268944959037,37.559864809458496],[128.67254254321753,37.55996260760066],[128.6721203770849,37.56003164538016],[128.67194276074662,37.56006001730484],[128.66955519375193,37.560009950420515],[128.6682003072397,37.560830111445966],[128.66786890829832,37.56135185201971],[128.66750413496914,37.568504015006894],[128.6692600637467,37.569397413046666],[128.67439304867963,37.57049610077742],[128.6789640240505,37.56986110393877],[128.68399675360322,37.59384109351142],[128.698923068416,37.59351591344598],[128.70344242486465,37.58999959277218],[128.70700168285478,37.58892148985085],[128.7083305630174,37.5886305990185],[128.71057930307254,37.58843421032311],[128.71207333890084,37.58863636915643],[128.73656019864154,37.60974989636212],[128.72869766842322,37.63680423504236],[128.73307725137784,37.64614342804783],[128.73176781310923,37.64978415865807],[128.73293812610498,37.65347828238321],[128.73587026561236,37.65624619798102],[128.74140617537694,37.657577329379905],[128.7436676903917,37.6588282428629],[128.74364982425698,37.66029129180925],[128.74479246754962,37.66290578366964],[128.74575931668517,37.66502767452277],[128.74727100063467,37.66648722928873],[128.75188634599593,37.66757670373826],[128.75206095112037,37.668556905773514],[128.75246651052092,37.6697797231709],[128.75839606152817,37.67139275266241],[128.75924912628318,37.67140227970608],[128.76062281368613,37.67127650567871],[128.7644171853151,37.672584648464266],[128.76502822066706,37.672917270621305],[128.76511073848042,37.67351568646633],[128.76395454890917,37.68070137501159],[128.76071163459912,37.68283636154097],[128.75456058875474,37.6996451627108],[128.7531826699476,37.71070765983149],[128.74455470847687,37.72343942496375],[128.745671578608,37.72676789932143],[128.7440269570337,37.72879270263167],[128.74400536391553,37.730034233124954],[128.7447589259659,37.73103177109899],[128.7448584209423,37.7311634590366],[128.74499584805193,37.73176359193216],[128.74425077821255,37.73914137638423],[128.74380248669766,37.74141590915323],[128.74379931308468,37.74143199387329],[128.74379903048361,37.74143207826984],[128.74176855616042,37.74203095318453],[128.7396632561302,37.74162736106762],[128.7318835376887,37.74769904631193],[128.7253631219761,37.74949583070829],[128.7089001338594,37.76804968289375],[128.70323408788101,37.769935060145706],[128.6983719650218,37.7713336728705],[128.69528217812052,37.77035115121677],[128.69097271204635,37.76972049250991],[128.68485368519583,37.77305117444575],[128.67984191113644,37.773032308355226],[128.67084765022514,37.76687658580529],[128.6707588389834,37.76693330196851],[128.66985198590393,37.76751368164229],[128.66926394435754,37.76831673877973],[128.66737568329054,37.76979496465099],[128.66606290916818,37.77025889097201],[128.65569525100418,37.77142512310125],[128.64309177601785,37.7773196392314],[128.63898396586865,37.782436563783534],[128.63733979251214,37.78246363582518],[128.63323552926485,37.779400457655065],[128.63177769959105,37.776540126981494],[128.63143518497697,37.774364494213884],[128.6304712744022,37.7729457273234],[128.62958641797894,37.77255904853897],[128.6287082179346,37.77271784536714],[128.62749290016637,37.772900450607686],[128.62706158917783,37.77273692256898],[128.62562018991886,37.77054573490974],[128.62362524495214,37.76958620375769],[128.6195966019438,37.76928350355157],[128.61612230537415,37.76937142651213],[128.6154703167978,37.769706931116566],[128.61520025060543,37.76984604406572],[128.61515558018726,37.76991140053369],[128.61470046397577,37.770575835143894],[128.61402582648296,37.77053917743183],[128.61300116880096,37.76953943708882],[128.61175070535782,37.767675688974826],[128.61040139136202,37.76620627731894],[128.60927941113155,37.76632463698845],[128.60799856334555,37.767000017900116],[128.6066923410891,37.768373353670164],[128.60244492487095,37.769348337582414],[128.60102709585678,37.77066765502424],[128.600208688134,37.771875794676724],[128.59933730568036,37.77349144199792],[128.59880440288364,37.77447953023915],[128.59880523639532,37.774608696254234],[128.59911130924056,37.777261266833214],[128.60141053009562,37.78133323981494],[128.60093954219064,37.801738901193644],[128.5981494527983,37.80437799492284],[128.5992681899003,37.80630530825053],[128.59996419075532,37.808816033122525],[128.59191854777094,37.81603783866221],[128.589604424789,37.81671599942605],[128.5854963812509,37.81854094864279],[128.58413457682616,37.82016335700968],[128.58273576192926,37.82138508256361],[128.57818451603967,37.818162448799804],[128.57696761619638,37.81705997355037],[128.56909290368213,37.80751001442306],[128.54375738980556,37.80022762113735],[128.52395077018033,37.76401473549737],[128.5271072826423,37.752810617130464],[128.526446431209,37.7477353893408],[128.5249806197603,37.74529100693192],[128.52406284876898,37.7426314771992],[128.52447503482642,37.740999490928395],[128.5251744701229,37.73881932554587],[128.52770455590087,37.73652369638768],[128.52811479353514,37.7335068947138],[128.5279973379058,37.73296592251659],[128.52643211385322,37.731555748412426],[128.52354595460704,37.730252705079714],[128.52221795351474,37.72970651329658],[128.5217087012051,37.730179575008016],[128.52170765924055,37.730180715609414],[128.52057035606325,37.73109119480394],[128.51794942003468,37.731924751754],[128.51650120372997,37.73214281153592],[128.51606446346915,37.732208563143615],[128.51495057719546,37.7319407787176],[128.51396297868834,37.73131101506879],[128.51306857210614,37.730365295557306],[128.50961780399024,37.73055420514101],[128.47869793918724,37.73466164766066],[128.45780646309024,37.73081245044851],[128.45438048253152,37.72886882240258],[128.45339505558147,37.72795924096557],[128.45249785196634,37.72706518292666],[128.444920364975,37.71765690007272],[128.44394933292102,37.70073112510156],[128.41548841835453,37.687984131168655],[128.41288962747885,37.68849386562397],[128.41127866889047,37.6896113934798],[128.4101273872854,37.69014120384296],[128.40852482046395,37.69078787557576],[128.40684109025554,37.68995125375835],[128.40539040927837,37.68892235365083],[128.40443438049363,37.6883278754436],[128.4044315201586,37.68832622283046],[128.40358559124698,37.68844242078473],[128.3992472020126,37.68966763461253],[128.39854394307193,37.68996820351823],[128.3947147506137,37.691340643981086],[128.39421386268052,37.69130658287233],[128.39279229887816,37.69129662457608],[128.38591795919714,37.69130377465739],[128.38506223647653,37.69188786799823],[128.3846991933203,37.692293304708805],[128.38339599896128,37.692134317649824],[128.38033781571968,37.6917900475593],[128.37672108283033,37.691492197330525],[128.37608137845527,37.69161395989937],[128.36914682540916,37.693900680586445],[128.36497708080543,37.69778654628757],[128.35989426081466,37.699348876142786],[128.358036672,37.69937504640871],[128.35747631488877,37.699189491167594],[128.3574737656269,37.69918642135395],[128.35633572659805,37.69788418117852],[128.3506634627032,37.69717753558315],[128.3461607059335,37.69559890475176],[128.33690045668604,37.695550151591924],[128.3305144693298,37.69281034430002],[128.3264800530671,37.69151085087216],[128.3233720885532,37.690043476621085],[128.32138702050216,37.69082078250223],[128.32033808163828,37.69208590565979],[128.31671104389142,37.69971628860425],[128.3124606230117,37.70317590147886]]]},"properties":{"name":"평창군","code":"32340"}},
{"type":"Feature","geometry":{"type":"Polygon","coordinates":[[[128.97337881255135,37.53373577721183],[128.90574016053455,37.552620165121915],[128.8844800010039,37.59291585483286],[128.81375418928857,37.50329590498593],[128.7908211829226,37.539215488032596],[128.71978185107358,37.52871293765956],[128.6789640240521,37.56986110390461],[128.67439304878963,37.57049610074306],[128.66926006367544,37.56939741337058],[128.66750413489083,37.56850401516188],[128.6678689079189,37.56135185201044],[128.66820030727834,37.560830111372695],[128.6695551934347,37.56000995070902],[128.67194276083856,37.560060017527675],[128.67212037660326,37.56003164569406],[128.67254254278285,37.55996260773453],[128.67268944939303,37.55986480942543],[128.67284857545994,37.55973950237235],[128.6732542423445,37.55911464279504],[128.6737158058543,37.556575765520265],[128.6726272208396,37.55674979059789],[128.67212326468862,37.55694346810629],[128.66999291689564,37.55757457400489],[128.66819463626547,37.55751597490813],[128.66010650462962,37.55563873871851],[128.65341120301886,37.55550499893387],[128.6503168469298,37.55504567918648],[128.6451080476583,37.55312936878975],[128.6416015416175,37.54518684585984],[128.6419025964126,37.54149391920479],[128.6354378952589,37.539680195957764],[128.63462261606438,37.5397050571603],[128.6324429872577,37.54256272369221],[128.6317407647312,37.55024750727614],[128.62843466827505,37.55370919549728],[128.62717959798397,37.55702168847112],[128.62637728785032,37.5635310847695],[128.6248326962182,37.565548074010486],[128.62451563095055,37.5676400482415],[128.62516620966215,37.573166065328365],[128.61999087032729,37.574676789543126],[128.6190126211872,37.57429193252333],[128.616981014425,37.5747427984214],[128.61546551101205,37.57550538925164],[128.61262336101348,37.57418410387375],[128.60610864873556,37.571926890695586],[128.6043910828964,37.57119520538671],[128.6009072910379,37.56959155198656],[128.5883635333535,37.55723976722429],[128.5884348733819,37.54963165585594],[128.58723441102086,37.54884376868856],[128.58701429327456,37.54803372498895],[128.58757967328657,37.546317356643115],[128.58836435147802,37.54462260285172],[128.5891225816941,37.54229915250162],[128.58939023256713,37.54048782828765],[128.57717101065694,37.51112773004317],[128.57733429730928,37.49882671814623],[128.57662470382078,37.4959645412544],[128.57634829446803,37.49538062977954],[128.5755913691092,37.49432031043727],[128.57533210038216,37.49375113918129],[128.57564453467162,37.49338303398904],[128.575995038626,37.49315851577754],[128.5790222048742,37.49239606723831],[128.58334826891996,37.49085766627119],[128.5845464305169,37.48911748174206],[128.5844588233051,37.48729528256951],[128.57352225327006,37.489264729290596],[128.57004989395224,37.4977043970489],[128.565503699635,37.500354734670296],[128.56486618030726,37.500627661102335],[128.5630917673783,37.49846176189457],[128.56159837321545,37.49635989668048],[128.56070177428458,37.494881908242],[128.55970823451912,37.49277186190075],[128.55810429087742,37.49047127602152],[128.55659076163354,37.489027102547844],[128.55659089981899,37.48573039418207],[128.55793840940328,37.481095265015334],[128.56105032945462,37.475182640598355],[128.5615115315588,37.47332708201007],[128.56183342974563,37.46893168518953],[128.56160809795577,37.46763650195039],[128.56137596644052,37.46684985060018],[128.56128263827114,37.466178533798015],[128.56313143815143,37.46351924873368],[128.56343078410046,37.46145280391703],[128.56343243362008,37.4613656924799],[128.558507027662,37.45874483286087],[128.5543421703924,37.45705428194706],[128.55341158250056,37.456760670899556],[128.55219393684874,37.45644983540354],[128.52379649499713,37.46359317912421],[128.51320798605445,37.455104074884595],[128.51317628902646,37.45465144038004],[128.51303020981015,37.449974849752714],[128.5131143121418,37.4496260467412],[128.5152702446184,37.44342261530742],[128.51578820771604,37.442373772328835],[128.51785734137627,37.44055482324102],[128.518994629081,37.43444701088884],[128.50836974946628,37.410260231752574],[128.5106455345104,37.40892681792956],[128.5139256087689,37.404106109150895],[128.51552201418806,37.4034684898465],[128.5388850702935,37.39969102721033],[128.55328169160762,37.37024830221803],[128.54720988082718,37.35490092405784],[128.56620593979574,37.34531430622912],[128.5796880071343,37.298734218235516],[128.59635462267616,37.282621468658355],[128.5963107032094,37.28108576713907],[128.59609507852153,37.28008492553572],[128.59602587901452,37.28003316601051],[128.58427169497654,37.274207628568824],[128.5820255505817,37.266723156859264],[128.57601710274585,37.26828398222707],[128.5788449956105,37.22018485713336],[128.6192648393608,37.218634162516935],[128.64207097478845,37.182402375178754],[128.75431292661688,37.21157506098966],[128.90053120449852,37.14707732544942],[128.90797051268143,37.21654585144173],[128.84648255490902,37.344316593210664],[128.90279439169882,37.43722313197212],[128.95761847703997,37.446637306147274],[128.9600016754393,37.45019060085295],[128.962333565688,37.45258173281227],[128.96433837914435,37.45474768981272],[128.9645360841926,37.45755538388337],[128.96778194537958,37.460497637169006],[128.984713184398,37.470414643097236],[128.98595482973897,37.47318392362424],[128.98697747918308,37.475616241240026],[128.98809856653853,37.47932217093264],[128.98643067714332,37.481423874140155],[128.98570465686285,37.48276991283773],[128.98618116353776,37.48370273818597],[128.98849826213691,37.483342570503204],[128.9891910260983,37.48339650732411],[128.9895656264866,37.48377448063672],[128.9896627355482,37.484505913213425],[128.98828154615617,37.49003143774486],[128.9859581715614,37.492992095783464],[128.9781029304659,37.493286545436135],[128.97251177075233,37.49163597827656],[128.97095585418734,37.49266048213532],[128.970022354549,37.49473085403947],[128.97439104768074,37.50343880257314],[128.96185236651758,37.50952178857077],[128.96098201394238,37.51257832648858],[128.96132235315227,37.513213701174806],[128.96175464810483,37.513418789155466],[128.96231897756047,37.51368643667327],[128.96338541055655,37.51489473628676],[128.96386916239123,37.51715882604717],[128.96429576542002,37.517631166000214],[128.9670744387187,37.51936892285468],[128.96775662248345,37.5205689319876],[128.96845680094737,37.52269567764836],[128.9682084080764,37.527194532078816],[128.96872905569862,37.530234697429314],[128.97121937562378,37.53218266600417],[128.97337881255135,37.53373577721183]]]},"properties":{"name":"정선군","code":"32350"}},
{"type":"Feature","geometry":{"type":"Polygon","coordinates":[[[127.8884679943292,38.308765203642345],[127.82173878003235,38.303787650274],[127.78242003242758,38.34899909656364],[127.68402278732165,38.324011008316155],[127.57791918199894,38.33638373302075],[127.49696568625541,38.29955931048951],[127.38135215661117,38.33714710389159],[127.13923314740924,38.31594468352022],[127.12746915713396,38.29898165595737],[127.1110652152632,38.29566127624882],[127.10268633601422,38.28732007856592],[127.0974591047098,38.2852820350965],[127.09574307996553,38.28372001790367],[127.09559694513409,38.28219065230386],[127.09520625601337,38.28148194590404],[127.09512659993452,38.28138357543037],[127.09503732073851,38.28108076561593],[127.11356975711274,38.23681806036303],[127.1230488398478,38.232803881318745],[127.12478584487577,38.23340184364376],[127.12534487158449,38.233610890628384],[127.12572264015229,38.23392065664235],[127.12670142921472,38.23409028223573],[127.12955121930788,38.23354664060697],[127.13004680085162,38.23310729701675],[127.13058115296852,38.23275127579925],[127.13115662560558,38.23275353441767],[127.13452589219395,38.2336504340189],[127.13509476514848,38.234125390713075],[127.13572589569343,38.23648428806231],[127.1393510969728,38.237242198991],[127.14206987727323,38.237354758284944],[127.1463408247043,38.23933075587719],[127.14668037834434,38.239588864360556],[127.1472934052494,38.24006124852873],[127.14765627056816,38.241199612790844],[127.1473402163097,38.24165216926379],[127.14892257255808,38.242343756726626],[127.15324378936691,38.241866610475306],[127.15778615732312,38.2389227521797],[127.15788978592413,38.23897724371058],[127.15803981629968,38.23905614100026],[127.15842287576655,38.23918834767446],[127.15901772676075,38.239212668071026],[127.16184405301362,38.23889637186481],[127.16300489153983,38.238569029548856],[127.16329360203889,38.23848137345737],[127.16335088966743,38.23833344985055],[127.16273269341308,38.23700375743714],[127.16237570435959,38.236364403710105],[127.16149246348844,38.23476686250072],[127.16210145566701,38.23395026310664],[127.16248092953275,38.23334013232992],[127.16291125631321,38.23244093590629],[127.16076426812482,38.228352740184874],[127.16013085390169,38.22633866697567],[127.16006870811962,38.226004163281246],[127.16013247916493,38.22570846886937],[127.16020122823623,38.22540402144207],[127.16105084916565,38.22447737118311],[127.16184200364688,38.22363143443528],[127.16179884584304,38.222750766198686],[127.16055278217976,38.2202211596751],[127.16027152714761,38.21990304840976],[127.15967799226742,38.21981917461117],[127.15971372590592,38.21954632217845],[127.16101614559399,38.21826350816681],[127.16470077981148,38.21566108672859],[127.1711663273201,38.21349263832891],[127.16970011940366,38.197651587359665],[127.1788554642859,38.18772275778816],[127.18054874368214,38.18613071899618],[127.2220416785189,38.13743217328706],[127.29773961163866,38.17627773908943],[127.27581333943427,38.124175765545736],[127.33695838499253,38.08976854596995],[127.43053201980797,38.11536578294662],[127.49528749187827,38.13299087264124],[127.50857046640213,38.199152753652506],[127.59943063533876,38.282846040047716],[127.70463256286556,38.24810827435338],[127.75061545047906,38.28333975905335],[127.8626313024071,38.2832398032667],[127.8884679943292,38.308765203642345]]]},"properties":{"name":"철원군","code":"32360"}},
{"type":"Feature","geometry":{"type":"Polygon","coordinates":[[[127.8626313024071,38.2832398032667],[127.75061545047906,38.28333975905335],[127.70463256286556,38.24810827435338],[127.59943063533876,38.282846040047716],[127.50857046640213,38.199152753652506],[127.49528749187827,38.13299087264124],[127.43053201980797,38.11536578294662],[127.44623929848704,38.05121365244343],[127.44835812589514,38.05051184022564],[127.45237059053913,38.04809775608604],[127.45290597185836,38.047186182908646],[127.45269741572149,38.04397525438827],[127.45176063170787,38.041572880566484],[127.45102192832987,38.038085116010265],[127.45187325061141,38.03460477140656],[127.45620303630619,38.027323798472715],[127.45524289518173,38.02520632171529],[127.45685654218758,38.01845566276565],[127.45752906862056,38.01699030820469],[127.46296029724654,38.01171673048653],[127.46965817846268,38.00884170798222],[127.4715559814895,38.00645256555499],[127.50392252610077,37.99795329127678],[127.53987715324809,38.00056775416811],[127.54031461237514,38.001161718153824],[127.54067126291565,38.00234900306162],[127.54243869515865,38.0092041473957],[127.54476050315482,38.01952743849946],[127.57864334973836,38.039767056413375],[127.57157382744289,38.08483872985996],[127.65199396270464,38.05450573619952],[127.65412265179798,38.02382640008338],[127.7472477313417,38.03945789642894],[127.78820556277222,37.99429384503327],[127.85810009264854,38.01882318890492],[127.85515985214334,38.05230904592205],[127.90267220787821,38.05059747013721],[127.8781553988434,38.19767288632697],[127.85174537447155,38.20890156759428],[127.8626313024071,38.2832398032667]]]},"properties":{"name":"화천군","code":"32370"}},
{"type":"Feature","geometry":{"type":"Polygon","coordinates":[[[128.02960826033467,38.01465092832609],[128.0604036041476,38.01508669989885],[128.06094124073698,38.04726640394096],[128.11373425626329,38.03702127091351],[128.08635197778543,38.15222127244118],[128.17239099930615,38.28144192289254],[128.15490105912014,38.329328811226716],[128.08735422432164,38.31765985499802],[128.0182117598295,38.31418619948977],[127.98580414262167,38.27347667013648],[127.8884679943292,38.308765203642345],[127.8626313024071,38.2832398032667],[127.85174537447155,38.20890156759428],[127.8781553988434,38.19767288632697],[127.90267220787821,38.05059747013721],[127.93446614373566,38.01381788002766],[127.95542737672343,38.038681717829704],[127.99332547664449,38.00162463653788],[128.02960826033467,38.01465092832609]]]},"properties":{"name":"양구군","code":"32380"}},
{"type":"Feature","geometry":{"type":"Polygon","coordinates":[[[128.44231224384205,38.20372222949146],[128.42481582794048,38.25316393574163],[128.36846172818164,38.23584523106815],[128.35912217112121,38.26567384702259],[128.3192269932456,38.26607440012522],[128.31210233244926,38.330594658387206],[128.22615043680892,38.38964187308368],[128.08735422432164,38.31765985499802],[128.15490105912014,38.329328811226716],[128.17239099930615,38.28144192289254],[128.08635197778543,38.15222127244118],[128.11373425626329,38.03702127091351],[128.06094124073698,38.04726640394096],[128.0604036041476,38.01508669989885],[128.02960826033467,38.01465092832609],[127.98186535087709,37.98446472142392],[127.99511006335426,37.94120017810631],[128.16080138823756,37.895131750222646],[128.2120446146105,37.81207704875689],[128.29106938922806,37.869301308273315],[128.34746264911496,37.82629028282469],[128.41232816471282,37.88468947408117],[128.44043244488836,37.863981637664395],[128.48142466603576,37.89300190915886],[128.46645669416387,37.94750768352056],[128.51357421311425,38.012953874524925],[128.48616742802568,38.05394394035282],[128.4252469661282,38.0490047950681],[128.4042466787076,38.096072496935825],[128.46485679969314,38.1192130815125],[128.4211403710466,38.17668830023349],[128.44231224384205,38.20372222949146]]]},"properties":{"name":"인제군","code":"32390"}},
{"type":"Feature","geometry":{"type":"Polygon","coordinates":[[[128.58493301552642,38.23077170987723],[128.35697157004557,38.61366196810633],[128.30971614418533,38.59394713158883],[128.30672467678343,38.47858156959615],[128.22615043680892,38.38964187308368],[128.31210233244926,38.330594658387206],[128.3192269932456,38.26607440012522],[128.35912217112121,38.26567384702259],[128.36846172818164,38.23584523106815],[128.42481582794048,38.25316393574163],[128.44231224384205,38.20372222949146],[128.48455043733523,38.187971864745734],[128.58493301552642,38.23077170987723]]]},"properties":{"name":"고성군","code":"32400"}},
{"type":"Feature","geometry":{"type":"Polygon","coordinates":[[[128.8100024870858,37.91753429546379],[128.60871815591116,38.16128139133717],[128.46485679969314,38.1192130815125],[128.4042466787076,38.096072496935825],[128.4252469661282,38.0490047950681],[128.48616742802568,38.05394394035282],[128.51357421311425,38.012953874524925],[128.46645669416387,37.94750768352056],[128.48142466603576,37.89300190915886],[128.5880173815736,37.86203321638971],[128.64293829516558,37.89488588942287],[128.8100024870858,37.91753429546379]]]},"properties":{"name":"양양군","code":"32410"}},
{"type":"Feature","geometry":{"type":"Polygon","coordinates":[[[127.9824232847224,36.81601385859579],[127.9925857666957,36.81266855390743],[127.99543128652816,36.81289400517848],[127.99779476728682,36.812944625074245],[128.01158476733798,36.80678946316832],[128.01749984610984,36.80805575990253],[128.01816316994663,36.808273392429456],[128.02112739212828,36.81027540105101],[128.02302645899724,36.81312026703779],[128.02342294940345,36.814178988274676],[128.02369543060547,36.815286082062656],[128.02346152706136,36.816237586367414],[128.02253500531543,36.81796319594555],[128.02292125734846,36.819672176549595],[128.02385821391798,36.82320670602716],[128.0230166597258,36.82476911831602],[128.02359900266978,36.82554832555489],[128.0236110779059,36.82556032135875],[128.02404196187388,36.825986874066146],[128.03546616219077,36.82494872155901],[128.0390147656343,36.82140508061856],[128.04223022071068,36.82059531140858],[128.0452316662536,36.82154327543143],[128.0452922283037,36.82177308091406],[128.04636729576112,36.822068872355075],[128.04724819550682,36.82222612988869],[128.04896684620394,36.8214808655307],[128.051476762156,36.819001094085934],[128.05466243340823,36.81905035144495],[128.05923681665206,36.81639343435625],[128.06419721297658,36.81743822384638],[128.0656877038111,36.81718075911786],[128.06735951521657,36.81676678815791],[128.0717957474578,36.81455426562215],[128.0771610384988,36.81098045079296],[128.0779820632491,36.81006746667859],[128.07804274947028,36.809499804503304],[128.078497574208,36.80899560835389],[128.07910382839424,36.80852690812313],[128.08267171544276,36.80682559276689],[128.0853734773352,36.80420397612725],[128.08505528081588,36.80311800347604],[128.08386345732228,36.802230329878505],[128.0838334157715,36.79929905938993],[128.0900677944934,36.796637529223176],[128.09349610476696,36.79677674467089],[128.0934528729468,36.79970023232871],[128.09343686560746,36.8004964093011],[128.09293402558234,36.801629046683594],[128.092960301603,36.80286353636758],[128.1070808258797,36.807309072033675],[128.10785582086154,36.80894404092215],[128.1081809691746,36.81044070711846],[128.1081067128149,36.811996291501245],[128.1082741772298,36.81350963243569],[128.10953035510454,36.81797984012793],[128.10982293763485,36.82131777794084],[128.10987767795703,36.8214704453332],[128.11054805842207,36.82159343991176],[128.11291150600226,36.82101440603458],[128.11575827600066,36.82118656260781],[128.11845005008843,36.821488774550474],[128.11845579329795,36.82149830228305],[128.1189575393076,36.82235577843228],[128.12987849634905,36.82514924750404],[128.13305100393623,36.82737792727121],[128.13333334848943,36.82764132853682],[128.13397559902245,36.828440806765514],[128.1339833396245,36.830771368130684],[128.1335711066373,36.832795333396014],[128.12653078777242,36.833954689818164],[128.110708796181,36.830157023689445],[128.1071520993295,36.830622378654866],[128.0975197118348,36.83354369632571],[128.09143379508367,36.84917688930321],[128.08713129915506,36.851531121657295],[128.08400549483846,36.84951198312198],[128.07978866300434,36.848976734812894],[128.0782475040584,36.84848442042041],[128.06880957355105,36.84529532964238],[128.06695065489,36.84360647615398],[128.06624010504788,36.84281878588006],[128.062975076291,36.83861950246471],[128.06269416420344,36.83811600147465],[128.06195199884814,36.837924400440535],[128.03558387003665,36.85502897124637],[128.07271236602327,36.91326920191809],[128.04035377344238,36.95438599170042],[128.08660083565837,36.95096913180824],[128.0852591902572,37.076054603816615],[128.04525919599055,37.11570683471192],[128.01991240998044,37.11790388256009],[128.0188446486659,37.11612114620618],[128.01790522804768,37.11423058463481],[128.01556376908425,37.111232500229946],[128.01267465922191,37.10936390341964],[128.01150761176837,37.09955187075075],[128.00969370493607,37.098539016296805],[128.00387572327503,37.09845347356173],[128.00152070138654,37.100441525685824],[127.9991767712265,37.10821710399656],[127.98540037074747,37.1124408782506],[127.98662799432056,37.13121076955867],[127.96831614590214,37.15620092400027],[127.95504604703648,37.16145380818569],[127.94265294910309,37.16187977546778],[127.93929540922804,37.1639122821895],[127.93734511821913,37.16398542844795],[127.93662324751665,37.16376079764942],[127.93557596096309,37.163453143821194],[127.93468292985327,37.16327180135993],[127.93403211457134,37.16333239279324],[127.92776256017648,37.16421078699695],[127.92632699117522,37.16552734927454],[127.92464122694113,37.16452993836699],[127.92080040153061,37.16586768559144],[127.9172252049329,37.16765375960472],[127.9150452213902,37.168881609622545],[127.91101085838483,37.167518315191245],[127.90863336214754,37.167124322214676],[127.9071530957547,37.16522914089707],[127.90718791261985,37.1646975614285],[127.90711331272409,37.16428366240616],[127.90617904352074,37.1617296471688],[127.90408401141246,37.160220078375744],[127.90189111910061,37.1522007742457],[127.90163979972144,37.15180229613843],[127.899940355333,37.15045745815123],[127.89939467568303,37.15009189440795],[127.8988942513378,37.149804537891384],[127.8988856319097,37.1498157063855],[127.89777452254725,37.152181293342615],[127.89708809477096,37.15345298587557],[127.89599740556534,37.15522693733507],[127.89509556486225,37.15619361775914],[127.89375581848522,37.15710895066055],[127.89163104391756,37.158041717173695],[127.89145939201374,37.15813395618825],[127.88856830604696,37.15969497212348],[127.88687935261193,37.160785169712575],[127.88665917422504,37.16100051796313],[127.88656996984382,37.16107411368722],[127.88378028778725,37.161782790581576],[127.88343594397233,37.16184983091546],[127.88015676409267,37.16224951911038],[127.87425299745546,37.16381024736859],[127.87246618609653,37.16427699417135],[127.87205003828538,37.1643439712677],[127.87197750092628,37.16433802597041],[127.86418771647737,37.162381201787326],[127.86362795973568,37.16213073563534],[127.86272455324348,37.16157726541484],[127.86203660028941,37.16109711502726],[127.86196495532775,37.161045547709826],[127.86179873435243,37.160658187761996],[127.86137186754834,37.159218522790795],[127.86137251232313,37.158747731798655],[127.86137690126684,37.15860748374238],[127.86143846368729,37.15838937544846],[127.86156349580027,37.1579982170225],[127.86164688131221,37.1576577563806],[127.86185391612105,37.15652518783083],[127.86185584771738,37.15644746026463],[127.86182489265096,37.15601265320075],[127.86181841627639,37.15593780672948],[127.86180102096846,37.155830935722804],[127.8616942938443,37.1556016715154],[127.86129919645073,37.155348304638466],[127.85588319768362,37.15647686390124],[127.85528623468585,37.159950956265924],[127.85517186632961,37.16007286010472],[127.85508996443711,37.16014073852877],[127.85491840540489,37.16024560000271],[127.85435108682938,37.160384269198985],[127.85322521944389,37.16028171242952],[127.84739138458848,37.152935937201974],[127.82537028180057,37.15226267060478],[127.82251543600808,37.15057981947298],[127.81739180171374,37.14721691886781],[127.81685063435896,37.147003269050025],[127.8152740589224,37.146669180451696],[127.81159562724748,37.146512199483276],[127.80693914661023,37.14706427694455],[127.80164719744263,37.144263282340034],[127.79290896506333,37.145327163002925],[127.78952364456934,37.14340827618419],[127.75599702681995,37.170852739948174],[127.74425811946121,37.20754685585794],[127.74413475732042,37.21123111926127],[127.74475104825576,37.21364588379564],[127.7447389065003,37.21374737287092],[127.74464279520299,37.21439362146475],[127.74412984376977,37.214860864653424],[127.74350813422602,37.21457558696812],[127.74045177269194,37.21199130185849],[127.73804220752322,37.21095999595569],[127.73673995448995,37.21019347694416],[127.73525627936539,37.208066691694846],[127.73513912806095,37.207054612622],[127.73548005640936,37.20667209686017],[127.73557773395746,37.20552775959418],[127.73443502557416,37.20315359860729],[127.73314458732149,37.2016596746958],[127.73270638408216,37.1964826210972],[127.73265027656599,37.19628586838356],[127.73260522977257,37.19613916173771],[127.73250060412263,37.19580022934301],[127.73003760663711,37.192955768090194],[127.72946256696538,37.19233731565948],[127.72796890261841,37.1886305949424],[127.72830059474018,37.187729497920095],[127.72640685369254,37.182540476090374],[127.72570826649203,37.18220292449308],[127.72279843243548,37.181569180321304],[127.7215194829059,37.183062193247764],[127.71850244826356,37.18382608399141],[127.71763698971174,37.183831287670124],[127.71690409475232,37.18342971958073],[127.70427262479447,37.15764769521271],[127.70252465591055,37.15556370379457],[127.70157813767402,37.15466207355992],[127.70060415622133,37.153756932313144],[127.69623770019945,37.15211992001281],[127.69584059633982,37.15179815415712],[127.69520758736145,37.15123928242972],[127.69453452401588,37.14125890311758],[127.69688973032376,37.13927099386128],[127.70027155862242,37.13779452936338],[127.70168667850947,37.13762595487218],[127.70637091263252,37.13708573739823],[127.7087236488478,37.13582490774475],[127.70970650229137,37.13516804205812],[127.71049410748299,37.13409307562817],[127.71064284746278,37.13379033805157],[127.7109748924148,37.132477343701304],[127.7106796442067,37.1321930391836],[127.71012463670505,37.13165854956749],[127.71008835729891,37.13112405299109],[127.71201551787696,37.12777615157654],[127.72214299853407,37.12081476458463],[127.72287078589557,37.11591545006318],[127.72273799050639,37.115000020792934],[127.72113209911022,37.111120947103394],[127.72050798793714,37.11070574925158],[127.71763508080444,37.10971678958358],[127.71729408180441,37.10960818769623],[127.71726658587298,37.10959962767371],[127.71587740998497,37.109662347658904],[127.71542021671304,37.10975914313932],[127.71265953213496,37.106361639155764],[127.70193312669022,37.10303728905395],[127.68352224065686,37.0781420388916],[127.6911588280252,37.053075513090384],[127.67198077291226,37.04020523202853],[127.67202319342483,37.03465762991108],[127.67024089085945,37.03436327045032],[127.6674506388962,37.03320393516444],[127.66428556994687,37.03057199870957],[127.65628649480558,37.01590949361327],[127.65670872082548,37.0129007224831],[127.65728097787117,37.0117267535728],[127.65985577770921,37.00810516941963],[127.6607278005836,37.00693289221836],[127.66307669929789,37.00432393906761],[127.66432347992796,37.00445297913737],[127.66520224235784,37.004289535631614],[127.66552181969911,37.00306906895879],[127.66533623516133,37.00304448955555],[127.66491994528056,37.00301330696779],[127.66458814104757,37.003010655615654],[127.66337208180857,37.003081931046424],[127.66290929725807,37.00311492140893],[127.66125912225942,37.00341047120243],[127.66076543085806,37.00350331912693],[127.66047279337454,37.003544085222984],[127.66012411336153,37.00353784922687],[127.65905757807658,37.0034632340133],[127.657974722268,37.003123446799925],[127.65505222603171,37.00139179957067],[127.65322932621623,36.99748980973148],[127.65336382773033,36.99654972538736],[127.6533402724682,36.99317256320208],[127.65255587967583,36.99168983976957],[127.65267369937136,36.98823700246068],[127.6537031797242,36.987080526184464],[127.65369276696016,36.98655852409636],[127.65135812806984,36.98415479714688],[127.65092861959529,36.98377877629414],[127.65085108909513,36.98342799093562],[127.65095131388469,36.98308082165575],[127.65109865144532,36.98280237314557],[127.6532066945762,36.98204040615931],[127.65564866892565,36.980051119401786],[127.65947849345581,36.97794850117673],[127.66178032429158,36.97738073074482],[127.66844241685546,36.98760460835949],[127.67214166386668,36.98585851825763],[127.68631734818132,36.98588572058092],[127.68734698424751,36.98449355088903],[127.68662018484763,36.98147384068179],[127.71629962436188,36.95841065387156],[127.72246780864899,36.95935622243359],[127.72371315429221,36.958991895371064],[127.72418921405817,36.9586116793647],[127.72570904448659,36.958260297122365],[127.72685412276323,36.959054974921195],[127.72995312912852,36.95795500852392],[127.73050620730638,36.95741295059537],[127.73200506502235,36.95560640099652],[127.73289555862065,36.95366166485513],[127.73343499619594,36.95353388579981],[127.73772829879137,36.95352452148619],[127.73928067815012,36.95238180216252],[127.74458223249712,36.954066673694385],[127.74463099342239,36.95421110584098],[127.74495903690236,36.95518473025358],[127.74515983690931,36.955557415757426],[127.75102556057543,36.95666741621396],[127.75294493748234,36.95794418431603],[127.75442242984577,36.95486210842028],[127.75815609494218,36.9526437369424],[127.76257222648866,36.94844782863734],[127.76384081252502,36.94633374029487],[127.76236033229189,36.94407368629161],[127.76388919765448,36.94083864712244],[127.764843718351,36.93978446436646],[127.76506944786694,36.93980131358993],[127.76659024143846,36.94009479712837],[127.77245190041383,36.93489999709667],[127.77410205091992,36.93376632653077],[127.77479717943349,36.933549771464],[127.77557932276734,36.93333771359623],[127.77563408564707,36.933341014281645],[127.77894189236139,36.93425342371724],[127.78095136867861,36.93486817627902],[127.78274059680598,36.936822987981465],[127.78326580062225,36.937244157854174],[127.78355171049529,36.93738504071269],[127.7841128861138,36.93761286444419],[127.78436187799485,36.93771394517074],[127.7916271190097,36.93865586683613],[127.79983222843376,36.94752515841155],[127.83293890116539,36.93985047644033],[127.8639854444267,36.89622644505124],[127.9006773517988,36.89740261025877],[127.91772791661757,36.881053557789485],[127.92290153663458,36.882277578483006],[127.92429720488535,36.882908754101535],[127.92921928853997,36.88612551098871],[127.9322409766727,36.88757258084654],[127.93627940723123,36.8880153422524],[127.94446309226228,36.8881393461813],[127.94482908330305,36.88814122728231],[127.94535329938032,36.88812439342913],[127.9456115438162,36.888115863852576],[127.94594611372328,36.88809884432933],[127.94609356692402,36.888060504042436],[127.94920337662194,36.8871887471231],[127.94926833455133,36.887169360544725],[127.94984844381909,36.88699578320087],[127.95069140920629,36.88662046982429],[127.95094436350985,36.886467519936105],[127.95126288391336,36.886231545267734],[127.95145777322487,36.885976276209085],[127.95189449376943,36.88472736119114],[127.94941045913293,36.88287130445667],[127.94788234637016,36.87748895818408],[127.94692065535132,36.87635790043434],[127.94573780279589,36.87587903758251],[127.94545557158023,36.87561659320357],[127.94513669855033,36.874910386275474],[127.94545195574125,36.87352813552081],[127.94545960675185,36.87349512100302],[127.95668062558893,36.86842795831223],[127.96268583551023,36.861637358784456],[127.96937394546865,36.859348460362334],[127.9824232847224,36.81601385859579]]]},"properties":{"name":"충주시","code":"33020"}},
{"type":"Feature","geometry":{"type":"Polygon","coordinates":[[[128.20779919305193,37.248823011106325],[128.16448012345597,37.21345670960783],[128.1253222389012,37.23453731728112],[128.0410735314004,37.18899052238753],[128.01825682658577,37.2457138569341],[127.97191483441271,37.25637836112646],[127.92172424658871,37.22538230707287],[127.93625929672862,37.188766867089875],[127.93362553263374,37.17580286187197],[127.92730067954817,37.16978240347572],[127.92648058890846,37.16661215654624],[127.9263269907377,37.16552734834759],[127.92776255989244,37.164210786173314],[127.93403211403296,37.16333239289486],[127.93468292990185,37.163271801588806],[127.93557595976081,37.1634531441964],[127.93662324620769,37.16376079802237],[127.93734511795593,37.16398542782586],[127.93929540869165,37.163912281497126],[127.94265294795758,37.16187977481819],[127.95504604580292,37.16145380754448],[127.96831614461088,37.156200923098844],[127.98540036942907,37.11244087731603],[128.0038757219354,37.09845347356673],[128.00969370504615,37.09853901567414],[128.01150761122497,37.09955187084482],[128.0126746577787,37.109363902761444],[128.01991240839493,37.117903881701906],[128.02011046829261,37.11772788431172],[128.0205628644459,37.11732614295621],[128.02168147877163,37.11657853416983],[128.02382145735874,37.115727219458066],[128.03342284235774,37.11397152300949],[128.0371521767873,37.11191256193786],[128.0452591946656,37.11570683466185],[128.08525918902225,37.07605460395404],[128.08660083554395,36.95096913191022],[128.04035377190093,36.95438599196906],[128.07271236497053,36.91326920085464],[128.03558386871987,36.85502897046106],[128.06195199892986,36.83792439978889],[128.06269416430973,36.838116001337],[128.06297507495796,36.838619501702674],[128.0662401050259,36.842818786020324],[128.06695065454718,36.84360647615843],[128.0688095721985,36.8452953290777],[128.07824750417083,36.848484420369864],[128.07978866289005,36.848976735060994],[128.08400549491046,36.849511983228325],[128.0871312986932,36.85153112200484],[128.09143379514057,36.84917688915522],[128.09392246646442,36.83686423637403],[128.09477662696042,36.835296724012494],[128.09751971135134,36.833543695565076],[128.09759354049606,36.83351316183567],[128.10715209806693,36.83062237797572],[128.11070879492968,36.83015702291783],[128.13357110669426,36.83279533273828],[128.13633210832154,36.832891498672566],[128.14178117659043,36.83333663134857],[128.15312522011052,36.82243523823655],[128.21536954386886,36.81200227331724],[128.2418256969287,36.872325679483495],[128.26569462289666,36.96109667163161],[128.2178629002128,37.05434091582002],[128.27084550030162,37.1158938405304],[128.30382652658136,37.10032564032546],[128.29833692713638,37.13418966995827],[128.26444154148237,37.16041506441895],[128.33218344584944,37.213903224846376],[128.26840122164086,37.20791510015827],[128.20779919305193,37.248823011106325]]]},"properties":{"name":"제천시","code":"33030"}},
{"type":"Feature","geometry":{"type":"Polygon","coordinates":[[[127.76948993931016,36.60399193394895],[127.66450499239481,36.72999313095324],[127.65118948940442,36.70201561108653],[127.61793225047401,36.70744370482674],[127.48277682168849,36.64483602780772],[127.49891732760194,36.588371422993454],[127.44526177033421,36.51314488313159],[127.48045281579715,36.477178811320144],[127.4924294239792,36.43937135943361],[127.50155457674992,36.40865381424605],[127.51451283094147,36.422473522254876],[127.63567270155832,36.60023461236151],[127.74585660796012,36.5852500360822],[127.76948993931016,36.60399193394895]]]},"properties":{"name":"청주시상당구","code":"33041"}},
{"type":"Feature","geometry":{"type":"Polygon","coordinates":[[[127.48045281579715,36.477178811320144],[127.44526177033421,36.51314488313159],[127.49891732760194,36.588371422993454],[127.48277682168849,36.64483602780772],[127.48185538059008,36.646464863305575],[127.46689661679918,36.6377610318178],[127.45665336489382,36.63798722875848],[127.4563481952155,36.6346912635023],[127.4562114896183,36.63321395475498],[127.45463615203532,36.63266702921098],[127.45310293488022,36.63260931931369],[127.45096458161558,36.6307547838729],[127.4509232306005,36.63071889530094],[127.45059016045374,36.630371505628496],[127.45008784705942,36.62921779747275],[127.44991856391417,36.62540373986282],[127.44737905525211,36.624708014532274],[127.44494767936831,36.624447739247216],[127.4445345151579,36.624296896179544],[127.44443899165364,36.62424922272865],[127.44415752882367,36.62409960082111],[127.44334421176973,36.62364773125114],[127.44314182591978,36.62334714414514],[127.4447293750351,36.62050892244025],[127.4449245405116,36.61902197039337],[127.44491107531817,36.61790011761038],[127.44485995385169,36.617093621113064],[127.4448364800268,36.61683986114162],[127.44479015950965,36.61642272143996],[127.4400520125814,36.612423200847346],[127.43761691342021,36.61143899580098],[127.43671596308977,36.610651883715],[127.43689942446582,36.60841552547305],[127.43682901449739,36.60794361840389],[127.4366217891712,36.60730853063469],[127.4361370969625,36.60661376335093],[127.43585591961961,36.60642674978676],[127.43510015466559,36.606141140338885],[127.43492116248335,36.606178269379775],[127.43479918729186,36.606202044749644],[127.4347452493007,36.6062103685513],[127.43422471438433,36.60591939286293],[127.43331936405544,36.60282155924962],[127.43441245771513,36.60028396243858],[127.43384284616874,36.598645281921414],[127.43186354312365,36.59920392669845],[127.43033919381018,36.59940026203674],[127.42765141201879,36.59954681116404],[127.42430481908454,36.59771095329765],[127.42173583628853,36.59688063795612],[127.41947582725999,36.59660449470951],[127.41314083420853,36.605981609314924],[127.37712515500328,36.567873340544196],[127.39612055427725,36.49172147062538],[127.40208536865157,36.45604053933652],[127.45133058282602,36.449253151037766],[127.48045281579715,36.477178811320144]]]},"properties":{"name":"청주시서원구","code":"33042"}},
{"type":"Feature","geometry":{"type":"Polygon","coordinates":[[[127.31048747232856,36.72428557182188],[127.31072010718232,36.72381807017175],[127.30809527458459,36.718664853020215],[127.30789380116146,36.71307367272998],[127.30610066712887,36.7082696940484],[127.3074265298285,36.70707710106131],[127.3076492575709,36.706621462912956],[127.30839798720312,36.70480547944445],[127.30760420332432,36.70403734763151],[127.3071248102787,36.70370093989078],[127.3013208878898,36.69997718563231],[127.29460624422272,36.697178757202764],[127.29330585160663,36.69702256177304],[127.29289338437613,36.69701963420865],[127.29243160104389,36.69710862168684],[127.29201455052612,36.69728254824622],[127.29158525009096,36.6970346511492],[127.28948732918667,36.695409287176155],[127.2865313830671,36.692407509694945],[127.28543303414519,36.691018462691424],[127.2852900690544,36.690671453376645],[127.30762518196235,36.682022472651695],[127.30509046867992,36.66756985193493],[127.27565045692062,36.639803673346336],[127.27939744896743,36.63351802334383],[127.28921189687445,36.63689428646449],[127.29078370397144,36.636810955492614],[127.29140803846363,36.636437381195336],[127.2921589456716,36.635640196176176],[127.30653405490963,36.60138419846485],[127.30655037478948,36.59983729755103],[127.3061252473032,36.59871432106299],[127.30543640377705,36.597387780740725],[127.3051234251565,36.59686767230753],[127.30494738287557,36.5966414314645],[127.30492228436722,36.59657166313445],[127.3048025693313,36.59623888447235],[127.30470358395524,36.59581239633118],[127.30463540689996,36.59536229963229],[127.30459115992105,36.59434660066821],[127.30460244055244,36.59395966172121],[127.30467853028418,36.59359344458329],[127.30479829123497,36.59314977259453],[127.30499064812194,36.59254767593103],[127.30500046197882,36.59228799970117],[127.30493742054747,36.591705162945836],[127.30484332285013,36.59138980567719],[127.30458340203249,36.59098246959848],[127.30436121890227,36.59065486823029],[127.30376455346592,36.59004744075762],[127.30216722011816,36.588792308694345],[127.299864715167,36.58769661019759],[127.29984573907174,36.58767275868857],[127.299597397105,36.587302734120016],[127.29944904749645,36.58688266454812],[127.29945904879112,36.586575594970896],[127.29956171104935,36.58632701213587],[127.2998209193706,36.585953247531656],[127.30341546180655,36.58365898368914],[127.30387043919802,36.58339669010456],[127.30576774537595,36.58299570424843],[127.31320590478359,36.58287209945039],[127.31897440357456,36.583717893382534],[127.3207644598226,36.583764070801124],[127.32144027369453,36.58377798201058],[127.32206277967497,36.581494304475335],[127.32545492726909,36.5777123754072],[127.32658586969296,36.57652432138896],[127.33576446667618,36.57106398999157],[127.33515455275857,36.56809613615983],[127.3370167804349,36.56283938768237],[127.33781059167697,36.56243128859665],[127.33808518568061,36.56234327393532],[127.33823837280721,36.56234904971563],[127.34262470750852,36.564148472651674],[127.34444211575074,36.56435855784664],[127.34712793049982,36.56445339647933],[127.35100137934856,36.56221166672932],[127.35311936721845,36.562227688044885],[127.35625988597214,36.56168453185631],[127.35665771554639,36.56169488260977],[127.3576450567717,36.561811338039284],[127.36008636523088,36.56220847889478],[127.36048424365516,36.56227690438429],[127.36147682375675,36.56384270731715],[127.3618907020764,36.564154512700284],[127.36230548303448,36.564375059761424],[127.36248814919459,36.564446871828316],[127.37712515498575,36.56787334060123],[127.4131408346829,36.605981609898784],[127.41869744456054,36.602373902589996],[127.41957536459262,36.599217918668344],[127.41909456178824,36.59722663674212],[127.41947582775032,36.59660449460931],[127.42173583616731,36.59688063800429],[127.42430481922581,36.5977109540001],[127.42765141198439,36.59954681178627],[127.4303391940745,36.59940026196629],[127.4318635429884,36.59920392659344],[127.4330134224046,36.59871996239838],[127.43384284644833,36.59864528184482],[127.43441245781459,36.60028396235746],[127.43422977792395,36.601525517048294],[127.43375836204224,36.60184962383335],[127.4333193639567,36.6028215597829],[127.43422471482447,36.60591939281633],[127.43474524919488,36.60621036846039],[127.43479918765756,36.60620204488702],[127.43492116284108,36.60617826993795],[127.43510015507786,36.606141140946384],[127.4358559199111,36.60642674991967],[127.43613709744673,36.606613764081715],[127.43662178908764,36.60730853137837],[127.43682901437396,36.60794361846967],[127.43689942476507,36.608415525451896],[127.43671596348626,36.61065188363668],[127.4376169136696,36.61143899667779],[127.44005201257147,36.61242320097834],[127.44479015946446,36.61642272207364],[127.44483648043092,36.61683986110905],[127.4448599539577,36.617093621079476],[127.44491107564315,36.61790011833753],[127.44492454073225,36.61902197036865],[127.44472937543115,36.62050892300457],[127.44450868957324,36.621053752270484],[127.44314182610935,36.62334714485023],[127.44334421196639,36.62364773118416],[127.4441575290203,36.62409960079022],[127.44443899164062,36.62424922267477],[127.44453451521531,36.624296896903054],[127.44494767960498,36.624447739805305],[127.44603674758527,36.62471230749537],[127.44668532138864,36.62472033957703],[127.44674144019422,36.6247199497994],[127.44728895873193,36.62470970200024],[127.44737905575556,36.62470801464588],[127.44991856418721,36.625403739934946],[127.45059016096067,36.63037150552288],[127.4509232310014,36.63071889527804],[127.45096458173201,36.63075478463429],[127.45310293509279,36.632609320065434],[127.4546361519337,36.632667029352504],[127.45621149013247,36.633213955342185],[127.45634819508736,36.634691264128904],[127.45665336481696,36.63798722949427],[127.46689661719437,36.63776103245864],[127.46897316632605,36.642486766056],[127.47351526363556,36.642690894098635],[127.48074025943976,36.64607873679948],[127.48185538086635,36.64646486404935],[127.47118711710296,36.661434612002154],[127.46189733745835,36.670506331446646],[127.44760382253675,36.675398945820085],[127.44841027912943,36.68422837801336],[127.44663820776707,36.6852742260166],[127.43701710485983,36.68346879635439],[127.43164936379678,36.68462549770454],[127.43164414672711,36.68475338380093],[127.43163528998612,36.68497130682739],[127.43162063759479,36.68533387823757],[127.43153518660093,36.68744919597007],[127.43146231831771,36.689252592705095],[127.43146045461712,36.68927945200727],[127.43145662035457,36.68933425339408],[127.43034204293743,36.689306013851784],[127.43027543873588,36.68930084731481],[127.42909852011692,36.68926876415387],[127.42670374032629,36.68920588084036],[127.42575479284332,36.68918286241885],[127.40886061501196,36.70551410564349],[127.40861332421824,36.70611500247344],[127.40864383472777,36.706446778606086],[127.40869793079358,36.70660302654224],[127.4087344768274,36.70667859538741],[127.40875278182625,36.70671160415954],[127.40876723608308,36.70673597531044],[127.40877705866163,36.70675216052744],[127.40880367846196,36.706791808614206],[127.40886116678405,36.70686919819388],[127.40897518001141,36.706991720192164],[127.41053434096204,36.70835633640439],[127.41083034714391,36.70879659405726],[127.41090845488046,36.70906891269626],[127.41092072962732,36.709357316245075],[127.41087359040765,36.7096067260646],[127.41071503919855,36.71005710744317],[127.40993629840416,36.71018305361479],[127.40987719534195,36.71018154474067],[127.40908973065119,36.71013972817967],[127.40890326067532,36.71011621707958],[127.40798686740295,36.7095224513375],[127.40021598507082,36.71234803997906],[127.40014579992081,36.71247634938794],[127.39972624848453,36.71331191446355],[127.39957659612718,36.71384607179871],[127.39844161399981,36.71493541506492],[127.39753515676186,36.71558589302547],[127.39548739949277,36.716788048464075],[127.39465510098778,36.717275608122776],[127.39348238212094,36.71757225666854],[127.38708166745947,36.71765155306115],[127.3784785953167,36.71329059487568],[127.37697735642396,36.71281769469617],[127.37490537655991,36.712495811055746],[127.3748662155866,36.712493490872404],[127.37483190859133,36.71249302232982],[127.37467037514119,36.71251055031305],[127.37209893390406,36.713087744711615],[127.37027568595896,36.7137456975698],[127.36303644142447,36.7173185702006],[127.33947661822025,36.7188932997572],[127.33830497976624,36.719128279444966],[127.3300817022456,36.72174034314912],[127.32667306039984,36.72362689304113],[127.3247732915789,36.724116778097425],[127.32019549234822,36.723672816108596],[127.31801274349175,36.724908119378355],[127.31726434319484,36.72452966582526],[127.3171101327432,36.72445967900048],[127.31684798815205,36.72438461686458],[127.31629438027608,36.72429231410187],[127.31340882151211,36.72383077118109],[127.31048747232856,36.72428557182188]]]},"properties":{"name":"청주시흥덕구","code":"33043"}},
{"type":"Feature","geometry":{"type":"Polygon","coordinates":[[[127.61793225047401,36.70744370482674],[127.56479904162244,36.78026337115143],[127.41969848903824,36.7576621876062],[127.35881944168094,36.76057540893486],[127.33534700325494,36.75240716868155],[127.33920284300346,36.729725185600195],[127.32830309735932,36.73455516117104],[127.32546392877867,36.733670542961555],[127.31801274298785,36.724908119261556],[127.31862353312829,36.72429884636018],[127.32019549235808,36.72367281608502],[127.32477329170472,36.72411677806874],[127.32667306033794,36.72362689332557],[127.33008170233734,36.721740343185516],[127.33830497961787,36.71912827978477],[127.33947661778394,36.718893299738305],[127.36303644091291,36.71731857007078],[127.37027568607395,36.71374569745125],[127.37209893342603,36.713087744805485],[127.37467037526483,36.71251055025701],[127.37473058002709,36.71250167629274],[127.37483190858927,36.71249302223578],[127.37486621529439,36.71249349101577],[127.3749053762372,36.7124958111304],[127.37697735654476,36.712817695045096],[127.37847859542003,36.713290595186734],[127.3870816675096,36.717651553173184],[127.39348238225499,36.717572256984],[127.39465510063081,36.71727560843692],[127.39548739933807,36.71678804882594],[127.3975351563626,36.71558589312478],[127.3984416138633,36.71493541489947],[127.40021598468553,36.71234804026327],[127.40798686731529,36.709522451454696],[127.40890326043665,36.7101162173111],[127.40908973023129,36.71013972819361],[127.40987719535943,36.71018154471356],[127.40993629832559,36.71018305345646],[127.41071503921935,36.71005710738174],[127.41083034720923,36.708796594287264],[127.4105343405157,36.70835633658734],[127.4089751800276,36.7069917203561],[127.40886116419124,36.70686919854421],[127.40880367835796,36.70679180872259],[127.40877705827647,36.70675216075269],[127.40876723601548,36.70673597513625],[127.40875278152458,36.70671160407057],[127.40873447683587,36.70667859560681],[127.40869793030699,36.70660302655965],[127.40864383430309,36.706446778954565],[127.40861332371378,36.706115002805134],[127.40886061465528,36.70551410584059],[127.42575479265425,36.68918286237489],[127.4267037399674,36.68920588116429],[127.4290985198961,36.68926876415128],[127.4302754387906,36.6893008472085],[127.43034204273954,36.68930601386594],[127.43145662001997,36.68933425348915],[127.43146045432934,36.68927945231541],[127.43146231839212,36.68925259259175],[127.4315351866258,36.6874491962379],[127.43162063765496,36.68533387815063],[127.43163529009632,36.6849713070266],[127.43164414630172,36.68475338394875],[127.43164936344243,36.68462549786474],[127.43315008010723,36.684667672348894],[127.43701710487072,36.683468796366896],[127.44663820750677,36.685274226181285],[127.44841027865607,36.68422837811018],[127.447603822047,36.67539894594594],[127.46189733709447,36.67050633131905],[127.47118711688914,36.66143461093528],[127.47479315234447,36.655283912557806],[127.48185538059008,36.646464863305575],[127.48277682168849,36.64483602780772],[127.61793225047401,36.70744370482674]]]},"properties":{"name":"청주시청원구","code":"33044"}},
{"type":"Feature","geometry":{"type":"Polygon","coordinates":[[[127.79849864995556,36.602083711698185],[127.76948993931016,36.60399193394895],[127.74585660796012,36.5852500360822],[127.63567270155832,36.60023461236151],[127.51451283094147,36.422473522254876],[127.55368651186272,36.39496060173973],[127.66523894730378,36.44504771284807],[127.7302568199757,36.389879626709345],[127.87989879828181,36.37145465170248],[127.90246327086497,36.52806962072799],[127.79849864995556,36.602083711698185]]]},"properties":{"name":"보은군","code":"33320"}},
{"type":"Feature","geometry":{"type":"Polygon","coordinates":[[[127.87989879828181,36.37145465170248],[127.7302568199757,36.389879626709345],[127.66523894730378,36.44504771284807],[127.55368651186272,36.39496060173973],[127.50055860816124,36.33929422627432],[127.49257720170571,36.23795395040168],[127.58358227871109,36.231296128988184],[127.59802031051909,36.21708890596675],[127.59245808061284,36.19519666329868],[127.59297622218402,36.19223145693598],[127.5962556112403,36.1881424234103],[127.5970187840703,36.18686851699697],[127.59770647061413,36.18487727473205],[127.60044384042669,36.18465269839325],[127.60825136575744,36.18568380826323],[127.62712279605927,36.17796871416531],[127.63248609763416,36.18006634085308],[127.63302121542074,36.180400875973476],[127.64385788208163,36.17217263182492],[127.6455746937411,36.171411911014275],[127.64971137644267,36.170709560964596],[127.65506821454038,36.177278528766706],[127.64845072139451,36.20710097577772],[127.65057908038078,36.22498874610953],[127.65067599795455,36.225147007383995],[127.65391459542323,36.22647345193094],[127.65464911008844,36.2272445722418],[127.65493786906535,36.22768357172306],[127.65543668832922,36.22853973942239],[127.65580642117051,36.22904666492197],[127.6561304852718,36.229340378785366],[127.65614000667888,36.22934850202781],[127.65726504751896,36.22822509902616],[127.65760342876013,36.22776655455508],[127.65852464907692,36.226898643652234],[127.66384801670098,36.223286492134974],[127.6725335717879,36.22222197217716],[127.68049283258678,36.225703280766425],[127.68304341246073,36.22951201870425],[127.6847312151863,36.23306732838501],[127.69126966702672,36.23860024576879],[127.70029624389711,36.25890161428965],[127.70657850808341,36.26266983728513],[127.70849463212592,36.26304907400923],[127.70981035723352,36.2632524139281],[127.71064821390537,36.26321763973778],[127.71241464501811,36.26313965626153],[127.71386268242858,36.26306044395793],[127.71467114931131,36.26313444124093],[127.71329939256397,36.26488912792362],[127.71205857579199,36.26598938644417],[127.71400326661055,36.26862676838451],[127.71808935517124,36.26932879518064],[127.72018438532324,36.26945759925284],[127.72108534876706,36.26935032493254],[127.72168426752359,36.26946924081486],[127.72271968268322,36.27017966199068],[127.72502001156755,36.272625606983254],[127.7273312695515,36.274793383446514],[127.72905339862486,36.27617893187793],[127.72915617077727,36.27624647119675],[127.73103176165857,36.2763667933609],[127.732250162695,36.275574161269674],[127.73594184038195,36.2727939056654],[127.75581820822177,36.26792380251451],[127.76038530912375,36.27061381888091],[127.76163027092716,36.27175782392459],[127.76187304765635,36.2801090529303],[127.7701635586497,36.29026511271449],[127.7743290873486,36.29173919707388],[127.77582651712689,36.29188733839025],[127.77960627436435,36.28941677016604],[127.78776032867283,36.28902345816194],[127.7887516374724,36.29083600743935],[127.78906822765161,36.290973050287484],[127.79205685329937,36.29100563185104],[127.79444646566064,36.29050265118868],[127.7947612717764,36.29094088837692],[127.79482123258327,36.291192282055206],[127.79530639970008,36.296258792149786],[127.79497001208588,36.2968311062297],[127.79668695192728,36.29748917713355],[127.79749474789838,36.297733514657565],[127.79958288457144,36.29829042182829],[127.8003191981133,36.29819555946696],[127.80091244007919,36.30100033642161],[127.80194105214696,36.303703417726815],[127.80831219853764,36.30881155609687],[127.81346540899538,36.30827602981224],[127.81744844456964,36.31035076944692],[127.82098117855418,36.30516742123496],[127.82146194814449,36.305440625331464],[127.82316404377544,36.30643708752964],[127.82257310956363,36.30768722688948],[127.82503308593438,36.31009070347146],[127.82583181173027,36.31030709934334],[127.82780957496348,36.31019543577994],[127.82870494517022,36.3100865663299],[127.83227507438762,36.31134638483556],[127.8352786190153,36.31267284826665],[127.83530635797169,36.31274504352918],[127.83643301826588,36.31347847709491],[127.84051655702737,36.31565490200347],[127.84422893322778,36.31660120303559],[127.84446924625765,36.316514755235396],[127.84519237334064,36.316438076615206],[127.84577219951568,36.31811787872875],[127.84591458293305,36.318233887347695],[127.85070506291858,36.320812008352874],[127.85256372153472,36.32963226959409],[127.89050897789099,36.3565713474905],[127.87989879828181,36.37145465170248]]]},"properties":{"name":"옥천군","code":"33330"}},
{"type":"Feature","geometry":{"type":"Polygon","coordinates":[[[128.04572687119855,36.25211920628276],[128.0463420047153,36.25397519256773],[128.04684655605593,36.254777929600024],[128.04735243013974,36.25655105930218],[128.0435968126218,36.25839618906474],[128.0426283882739,36.25853052203907],[128.03962821853813,36.25921820959745],[128.03318240871258,36.26152990845192],[128.02622489311392,36.26789600883024],[128.0239423912735,36.26780588984799],[128.02106842992706,36.267311661007746],[128.0190343269886,36.26729440963922],[128.01560374237175,36.26830255698612],[128.01416092117688,36.27009691389746],[128.0107777142476,36.272054256536194],[128.01031668970518,36.27215193427102],[128.00995350141986,36.27214054247718],[128.00907089892746,36.2720084527209],[128.00828646449435,36.271707062336176],[128.0004777734912,36.26643841064665],[127.99782147082045,36.26815791302735],[127.99440806032783,36.267441241019895],[127.99052820049164,36.263378274619576],[127.98410984017549,36.262850034242256],[127.98393457883132,36.26284264585758],[127.98201044687848,36.26342312870652],[127.98119086753931,36.26364799784621],[127.97765472924505,36.26062194984851],[127.97671867164463,36.25928670500025],[127.9772662459895,36.25828177718371],[127.97735880783166,36.258197565808146],[127.97796371450809,36.25730740691145],[127.97863658731293,36.25607514967573],[127.97869619004813,36.25573626344535],[127.97832387436131,36.254587678630195],[127.97461300501614,36.252949652294824],[127.97056216192543,36.250401037417326],[127.9683401892196,36.25032468688888],[127.96827680276053,36.25031672569122],[127.96811503067877,36.25032935508309],[127.96481559002822,36.253183835262426],[127.9624788628065,36.25206464183133],[127.96087898493211,36.25227095794329],[127.96016741993263,36.25237120521561],[127.95987717818872,36.252531743524194],[127.95793757647563,36.25411652327026],[127.95541131598208,36.25674038572637],[127.95460760058313,36.25721509998741],[127.94925124555381,36.25664672594095],[127.94735882300124,36.26723733528529],[127.93090725300395,36.27801330365111],[127.90810924226986,36.285509546313726],[127.9055710864562,36.291222211668554],[127.90563475251534,36.29859691212467],[127.90521006481615,36.299910947166694],[127.90453908714699,36.30115306943108],[127.90429293064958,36.30144706890388],[127.90428681199539,36.30145396121186],[127.90427570444517,36.301452980244264],[127.90336658587478,36.30130563021785],[127.90288260730493,36.301000128017705],[127.90156884711885,36.30004508140728],[127.8984622364228,36.29757677020577],[127.89711490597695,36.29634201509407],[127.89476857932347,36.293709479252826],[127.8921011782705,36.29192764772989],[127.8899146398473,36.28923549319602],[127.88871406960857,36.28735980247317],[127.8881261687623,36.28619907412294],[127.88584537340907,36.2802002203072],[127.88263554985332,36.273749667204804],[127.88145989458953,36.274190193320635],[127.8797103808593,36.2748457093643],[127.87642603694567,36.27579354077877],[127.86086183718342,36.27706025027261],[127.85211948949733,36.27392410647977],[127.84153350995614,36.308312480198474],[127.84519237386755,36.316438077681454],[127.84446924617453,36.31651475488504],[127.84422893313585,36.3166012036502],[127.84051655826553,36.31565490202793],[127.83527862027746,36.31267284908613],[127.83227507572242,36.31134638560819],[127.82870494653567,36.31008656690439],[127.82780957617422,36.310195436559134],[127.82583181274187,36.31030709931839],[127.82503308625017,36.31009070328113],[127.82257311077328,36.30768722689659],[127.82316404496224,36.306437088069465],[127.82146194836817,36.30544062629298],[127.82098117852881,36.30516742140653],[127.81744844448157,36.310350769993725],[127.81346540952082,36.30827602954129],[127.80831219896993,36.30881155593271],[127.8003191985516,36.298195560309125],[127.79958288582961,36.2982904217642],[127.79749474914574,36.29773351432237],[127.79668695220191,36.297489177837896],[127.79497001237627,36.29683110708985],[127.79530639979771,36.29625879207013],[127.7948212338389,36.29119228278531],[127.79476127216674,36.290940888351116],[127.79444646580419,36.29050265175338],[127.79205685364325,36.291005632488336],[127.78906822913662,36.290973050420185],[127.788751637403,36.290836008075885],[127.78776032876388,36.28902345896273],[127.77960627556102,36.28941677088149],[127.7758265171683,36.291887338405814],[127.77432908725758,36.29173919685645],[127.77016356006546,36.290265112643326],[127.76187304883726,36.28010905291608],[127.76163027212887,36.27175782399398],[127.7603853103973,36.27061381897745],[127.7558182095611,36.26792380347201],[127.73594184066694,36.27279390569283],[127.7322501640361,36.27557416139984],[127.73103176157697,36.27636679333534],[127.72915617118935,36.276246471179945],[127.72905340012736,36.276178932908486],[127.72733127055602,36.27479338338191],[127.72502001186932,36.272625607936895],[127.7227196826986,36.270179662798704],[127.72168426745785,36.26946924177094],[127.72108535013959,36.26935032469211],[127.72018438529142,36.26945759991303],[127.71808935626404,36.26932879522074],[127.71400326681197,36.26862676807495],[127.71467114962478,36.26313444137137],[127.71386268239506,36.263060444015046],[127.71241464639354,36.26313965631614],[127.71064821516896,36.26321763984455],[127.70981035835219,36.263252413914515],[127.70849463227086,36.26304907371475],[127.70657850816325,36.2626698370471],[127.70029624396255,36.258901613939834],[127.69126966727755,36.23860024566256],[127.68473121553293,36.23306732835613],[127.6830434123791,36.22951201863728],[127.68049283268388,36.225703280930745],[127.67253357296164,36.2222219727775],[127.66384801668508,36.22328649230826],[127.65614000794302,36.22934850216509],[127.65613048668035,36.229340378879314],[127.65580642249857,36.22904666551963],[127.6554366895061,36.228539739967424],[127.6549378702631,36.22768357238253],[127.65464910995499,36.227244572882746],[127.65391459663174,36.22647345200317],[127.65057908091427,36.224988746643106],[127.65029764164113,36.21979833336765],[127.65227815686784,36.21568833169869],[127.64845072284464,36.207100975659536],[127.65506821463427,36.17727852845561],[127.64971137634107,36.17070956062909],[127.64557469411298,36.171411910699334],[127.64385788256973,36.172172631508964],[127.64058677701132,36.17477323713716],[127.63834870375432,36.17681000668348],[127.63302121534275,36.180400876079915],[127.63248609781988,36.18006634083332],[127.6271227960979,36.1779687138631],[127.60825136565505,36.18568380803246],[127.60044384094992,36.184652698196295],[127.59770647071588,36.18487727531288],[127.5965945039725,36.183617070642235],[127.59466012857874,36.18102450221509],[127.59491409797657,36.179623581880236],[127.59476908946725,36.17932634913458],[127.59398694363888,36.17816797765691],[127.59306102863748,36.17737721361396],[127.60147835900325,36.16904642556416],[127.60166451317083,36.16002404134051],[127.6010284979882,36.15877485420917],[127.6005518765701,36.15795575157777],[127.59849817555343,36.15489915314208],[127.59502207292448,36.152619804458695],[127.59094903239394,36.144833921706486],[127.58948065396388,36.134296908369826],[127.61909578456104,36.10888516833339],[127.61727469179536,36.09357814605035],[127.65442685505415,36.05590289097727],[127.66022890937349,36.03854131101576],[127.66441318590331,36.03751058831004],[127.66905902054418,36.0386552502106],[127.6727357339032,36.04163009598444],[127.67181456465899,36.048483825933346],[127.6712978750156,36.049245416961426],[127.66977609779664,36.05137454274501],[127.67434806675443,36.05471833464403],[127.67800461520024,36.05674431832419],[127.68084047605299,36.05823779860413],[127.68376552620089,36.0605876728666],[127.68391208697089,36.060990971802106],[127.68413091864043,36.0611682711032],[127.68487919832654,36.06172473495815],[127.68554676043166,36.06219094717241],[127.68580160982816,36.06228046041762],[127.68808985649925,36.06274473031289],[127.6890154997733,36.06267155544115],[127.6907360479316,36.05803457949912],[127.69314281112561,36.057922712627466],[127.69504210943896,36.05875548752254],[127.70192551078098,36.035271031759734],[127.76160501298934,36.0251788569034],[127.7642678035511,36.012429965710986],[127.76505269463591,36.01229767609899],[127.76607214996028,36.01222612299602],[127.76688647565322,36.012270776130244],[127.76790914132876,36.01235212050665],[127.76883342846243,36.01254785565218],[127.77174339088711,36.01368386603044],[127.7726845715484,36.014116304828995],[127.7752741828789,36.01537876279429],[127.78153398514871,36.01650892521481],[127.78220421152393,36.0165242840286],[127.78286387605462,36.01652252094802],[127.78361995499152,36.01642043366948],[127.78761896156574,36.01450402303288],[127.78788952475759,36.01469769146854],[127.78843063117682,36.0151148949532],[127.78862032737644,36.015297837931854],[127.78988613980212,36.016954488143625],[127.78988684967577,36.016955600756624],[127.79001220312502,36.017255552349695],[127.79008183147036,36.01766824796285],[127.79009134055565,36.017856869516564],[127.79036899247517,36.01834252912086],[127.79081414582777,36.01879837308007],[127.79230058868482,36.019938736073286],[127.79519673222913,36.02212556533461],[127.79726590819553,36.02500863445679],[127.79804854047823,36.025437706461005],[127.79944095257243,36.026066046266024],[127.80073493332921,36.02655927963563],[127.80107606580005,36.02659164712129],[127.80349727028542,36.026306526568966],[127.80463996880175,36.02599782553556],[127.80550038585001,36.02595713717119],[127.81109074400524,36.02737439979787],[127.81603810588788,36.02818041401368],[127.81894761951689,36.02895056864493],[127.81895291726963,36.028960670429846],[127.81910812570847,36.029251094290665],[127.81911908440911,36.029271296878335],[127.81979296998344,36.029796720163674],[127.82395676334143,36.03184717202793],[127.83039572376394,36.035228776486896],[127.83703720568965,36.036196802959445],[127.83850042739523,36.03629474064517],[127.83908684604603,36.03587723361568],[127.84532719819174,36.038881473180126],[127.8485513264261,36.03972171222585],[127.85280793641816,36.03910627709055],[127.86614734253627,36.024290714885645],[127.87677397654082,36.02251177245872],[127.96087429153964,36.07033899392149],[127.99719738774235,36.15546719429],[127.97801613323522,36.198110661039635],[128.05814614425216,36.201245015340305],[128.02990214361085,36.24001298616171],[128.04026227554527,36.25202501855244],[128.0426778574988,36.25230478395527],[128.04572687119855,36.25211920628276]]]},"properties":{"name":"영동군","code":"33340"}},
{"type":"Feature","geometry":{"type":"Polygon","coordinates":[[[127.44708882749545,37.010885490360586],[127.39310712503614,36.99743255892017],[127.37565790321244,36.94865962289391],[127.29563385402479,36.93128665193675],[127.3033647714632,36.9163903665386],[127.2973690677927,36.90396145316626],[127.29032157600173,36.89769821362423],[127.29029766514996,36.89432820118068],[127.28901727403395,36.8939438375008],[127.288029389186,36.89377501763133],[127.28782886864117,36.89377887947625],[127.29058804304194,36.8921969817081],[127.41969848903824,36.7576621876062],[127.56479904162244,36.78026337115143],[127.53732716278333,36.80859148053696],[127.57827829510228,36.85376419255763],[127.51143083172336,36.93064343306444],[127.44728255919469,36.94990797770258],[127.44708882749545,37.010885490360586]]]},"properties":{"name":"진천군","code":"33350"}},
{"type":"Feature","geometry":{"type":"Polygon","coordinates":[[[128.05923681558167,36.8163934336704],[128.05466243206246,36.81905035037652],[128.05147676197296,36.81900109345488],[128.04896684520716,36.82148086471853],[128.0472481955661,36.82222613022048],[128.04636729584445,36.8220688723716],[128.0452922269497,36.82177307990367],[128.04523166488977,36.82154327566058],[128.0422302194399,36.82059531070413],[128.0390147656952,36.821405079626324],[128.03546616218765,36.82494872142715],[128.0285167596427,36.82490082359558],[128.02749120638313,36.82521576070707],[128.02404196170244,36.82598687397992],[128.02361107783787,36.82556032150184],[128.02359900237278,36.82554832487764],[128.0230166593011,36.824769118345365],[128.0238582127462,36.823206705373146],[128.02292125605138,36.819672176618845],[128.02253500530136,36.81796319581198],[128.0236954295127,36.815286081903025],[128.02342294941408,36.8141789882352],[128.02302645790715,36.813120267100864],[128.02112739101722,36.810275400114094],[128.0181631695564,36.80827339154748],[128.01749984619335,36.808055759788786],[128.011584767423,36.806789463278164],[127.99779476702336,36.81294462531058],[127.9954312850877,36.812894004564015],[127.99258576553999,36.812668553298806],[127.98242328362494,36.81601385802028],[127.96937394396743,36.859348459773344],[127.9626858342434,36.8616373578212],[127.95668062562295,36.86842795776999],[127.94545960671493,36.87349512087657],[127.94545195429325,36.8735281346813],[127.94513669855117,36.874910386423544],[127.94545557020017,36.875616592557485],[127.94573780289764,36.87587903661571],[127.9469206550052,36.87635789989618],[127.9478823462425,36.87748895846292],[127.94941045811362,36.88287130443781],[127.95189449233148,36.88472736061401],[127.95094436296192,36.88646751901225],[127.94984844253862,36.886995783506094],[127.94926833330378,36.887169360481835],[127.94920337650899,36.88718874748815],[127.94609356700812,36.888060503054575],[127.9459461126535,36.888098844495495],[127.94561154330444,36.88811586330184],[127.94535329784223,36.88812439372822],[127.9448290832435,36.88814122760138],[127.94446309095864,36.888139346466296],[127.93627940686258,36.88801534218527],[127.93224097554247,36.88757258079185],[127.92921928818754,36.88612551087749],[127.9242972035396,36.882908753109994],[127.92290153654235,36.88227757745969],[127.91772791665548,36.88105355771383],[127.90067735020904,36.897402610173636],[127.86398544454109,36.89622644490845],[127.83792617748814,36.91366387866441],[127.8329389006994,36.939850475715545],[127.78802937095611,36.937193744452294],[127.78774326796129,36.88063432872505],[127.69397148711403,36.88005224963968],[127.63753681568538,36.84694586000768],[127.62417103298655,36.76048904682294],[127.66450499239481,36.72999313095324],[127.76948993931016,36.60399193394895],[127.79849864995556,36.602083711698185],[127.85830351952283,36.61353284414091],[127.87965833359276,36.65676724929892],[127.92394707545792,36.6020163537342],[127.93221054844192,36.66452433130197],[127.87466650372468,36.68259684848119],[127.92891921282693,36.69083859715082],[127.96055498394877,36.73718856158555],[128.07038380098888,36.70770461508863],[128.03232468976108,36.74757585584792],[128.05923681558167,36.8163934336704]]]},"properties":{"name":"괴산군","code":"33360"}},
{"type":"Feature","geometry":{"type":"Polygon","coordinates":[[[127.69548408584701,37.14042214084194],[127.67021249592186,37.13610801031908],[127.62831455887928,37.15528638525322],[127.60471836797207,37.068779418468424],[127.57797674741158,37.07534104161891],[127.55683436403744,37.041246883018985],[127.4869921959272,37.054438348864146],[127.44708882749545,37.010885490360586],[127.44728255919469,36.94990797770258],[127.51143083172336,36.93064343306444],[127.57827829510228,36.85376419255763],[127.63753681568538,36.84694586000768],[127.69397148711403,36.88005224963968],[127.78774326796129,36.88063432872505],[127.78802937095611,36.937193744452294],[127.78663558972875,36.93699244218492],[127.78523829929408,36.93732042160182],[127.78436187748126,36.93771394508148],[127.78411288602909,36.937612864676986],[127.783551710104,36.93738504107208],[127.78326580062561,36.93724415787547],[127.78274059629598,36.93682298826984],[127.7809513687344,36.934868176548434],[127.77894189218385,36.93425342375745],[127.7756340857126,36.93334101421036],[127.77557932276098,36.933337713967035],[127.77479717902274,36.93354977130314],[127.7741020509515,36.9337663264807],[127.77245190015482,36.9348999970508],[127.77006591355872,36.936779535331354],[127.76659024133947,36.94009479704954],[127.76506944777162,36.93980131394598],[127.76484371842201,36.93978446461209],[127.76388919742836,36.94083864739163],[127.76236033199106,36.94407368620706],[127.76384081235929,36.94633374027693],[127.76257222661764,36.94844782851399],[127.76203593025693,36.94909552442242],[127.75815609473784,36.952643737178946],[127.75442242983863,36.954862108251454],[127.7537190169835,36.95615199230422],[127.75294493703154,36.95794418434181],[127.74515983700351,36.95555741606376],[127.74495903664598,36.955184730353764],[127.74463099292434,36.95421110582546],[127.74458223254709,36.95406667355361],[127.73928067794805,36.9523818020918],[127.73772829883265,36.95352452135775],[127.73343499623186,36.953533885724205],[127.73289555836666,36.95366166502307],[127.7320050651089,36.95560640132753],[127.73050620725569,36.95741295089055],[127.72995312864889,36.957955008815524],[127.72685412269654,36.95905497500513],[127.72570904431751,36.95826029745123],[127.72418921399216,36.958611679689845],[127.72371315400693,36.958991895729184],[127.72246780860918,36.959356222340524],[127.71629962424684,36.95841065315097],[127.68662018430827,36.981473840912585],[127.68734698374013,36.98449355118315],[127.68631734809979,36.985885720913984],[127.66844241679449,36.98760460859304],[127.6617803241722,36.97738073085783],[127.65947849313604,36.9779485014969],[127.6556486687706,36.980051119252515],[127.65320669452218,36.98204040605215],[127.65139533211033,36.98258618739795],[127.65109865110381,36.98280237303791],[127.65095131397096,36.98308082202379],[127.65085108907803,36.983427991185835],[127.65092861962498,36.98377877634974],[127.65369276695918,36.98655852415729],[127.65267369804991,36.98823700181553],[127.65255587935086,36.99168983916803],[127.65322932606357,36.99748980914468],[127.65505222593367,37.001391798865846],[127.65797472122298,37.00312344677772],[127.65905757665976,37.00346323410869],[127.6601241131729,37.00353784930829],[127.66047279198916,37.00354408513877],[127.66076543071503,37.003503318982915],[127.66125912099473,37.003410470581954],[127.66290929719236,37.0031149214805],[127.66337208178183,37.00308193086881],[127.66458813995534,37.003010655069794],[127.66491994535589,37.0030133062865],[127.66533623512923,37.00304448943781],[127.66552181964146,37.00306906820021],[127.66520224206752,37.0042895358963],[127.66432347986529,37.00445297910682],[127.66307669890953,37.00432393917484],[127.6607278006372,37.00693289215068],[127.65985577774227,37.008105169491074],[127.6572809773598,37.01172675367929],[127.65670872076711,37.012900722403245],[127.65628649477138,37.015909493008714],[127.6573243748513,37.017329115791355],[127.65843778098909,37.01870664738875],[127.66095366410404,37.02149441162407],[127.66461984123052,37.02318964629754],[127.66428557007384,37.03057199853527],[127.67202319315153,37.03465762899612],[127.67192250627646,37.035115182752584],[127.67185810980546,37.035461882871786],[127.67157006166296,37.03725604621523],[127.67198077124682,37.04020523222479],[127.69115882655865,37.053075512110496],[127.68352224056866,37.07814203878276],[127.70193312632436,37.10303728910581],[127.71265953100063,37.106361639135095],[127.7154202155203,37.109759143082684],[127.71587740876288,37.10966234771941],[127.71726658427367,37.109599627659215],[127.71729408137416,37.10960818677642],[127.71763508046395,37.1097167896777],[127.72050798775285,37.11070574824943],[127.72113209891957,37.111120946570466],[127.72273799055023,37.11500002001044],[127.72287078539584,37.11591544909332],[127.72214299709105,37.12081476396954],[127.7120155178028,37.127776150608526],[127.71008835570258,37.13112405302138],[127.71012463525786,37.13165854867849],[127.71067964289334,37.13219303936393],[127.71097489201048,37.13247734262384],[127.71064284751239,37.13379033811416],[127.71049410621904,37.134093075009986],[127.70970650197336,37.13516804238281],[127.70872364752235,37.135824907960284],[127.70637091241908,37.137085737353],[127.70168667819463,37.13762595432006],[127.70027155698244,37.13779452958463],[127.69688972915617,37.13927099307378],[127.69548408584701,37.14042214084194]]]},"properties":{"name":"음성군","code":"33370"}},
{"type":"Feature","geometry":{"type":"Polygon","coordinates":[[[128.65209649942307,37.06544001880795],[128.5381309574976,37.08962700683996],[128.49658358976393,37.12575946539637],[128.42470045198695,37.1024640056674],[128.384102096228,37.157977779289794],[128.29833692713638,37.13418966995827],[128.30382652658136,37.10032564032546],[128.27084550030162,37.1158938405304],[128.2178629002128,37.05434091582002],[128.26569462289666,36.96109667163161],[128.2418256969287,36.872325679483495],[128.36839883683302,36.80207603452764],[128.44899418071165,36.848606464077136],[128.42396974952104,36.87652845071278],[128.44174577227938,36.927364534671774],[128.56837213396895,37.034219430849525],[128.65209649942307,37.06544001880795]]]},"properties":{"name":"단양군","code":"33380"}},
{"type":"Feature","geometry":{"type":"Polygon","coordinates":[[[127.63753681568538,36.84694586000768],[127.57827829510228,36.85376419255763],[127.53732716278333,36.80859148053696],[127.56479904162244,36.78026337115143],[127.61793225047401,36.70744370482674],[127.65118948940442,36.70201561108653],[127.66450499239481,36.72999313095324],[127.62417103298655,36.76048904682294],[127.63753681568538,36.84694586000768]]]},"properties":{"name":"증평군","code":"33390"}},
{"type":"Feature","geometry":{"type":"Polygon","coordinates":[[[127.41969848903824,36.7576621876062],[127.29058804304194,36.8921969817081],[127.2892439159673,36.89095672622185],[127.28792552880175,36.88986790745481],[127.2873821495566,36.889496740992556],[127.28569090596874,36.8887747720353],[127.28450456142095,36.888454672360616],[127.28139447108268,36.88784878186173],[127.280934125077,36.8880802921587],[127.28081508148297,36.888358063395835],[127.28054882007106,36.88884086167025],[127.27959970076117,36.88937200917217],[127.27789335679103,36.89024661220533],[127.27517963002676,36.88906268875115],[127.27270172844398,36.88734521459894],[127.27254074310453,36.885276545722576],[127.27196128044253,36.88375343782736],[127.271399014813,36.88247258903693],[127.26852245391986,36.88279842584749],[127.26742784308841,36.883116910479885],[127.26619451956621,36.88310687666355],[127.26247049393008,36.88152826522004],[127.261838151686,36.880679933002405],[127.2613739911654,36.87988693225422],[127.26144849935581,36.87944218834687],[127.26145552359347,36.87938310639273],[127.2607254672435,36.87860748364395],[127.25951926839981,36.87799644680878],[127.25447561382006,36.879594427924246],[127.25237103771696,36.87894049697566],[127.25202509470456,36.87879632285716],[127.25105497808627,36.878108352824576],[127.24993958145505,36.87619488688658],[127.24954250014179,36.87538533614319],[127.24926728496642,36.87368515287312],[127.24924478201837,36.872388754747824],[127.24770968680338,36.87104387207835],[127.24423969229603,36.86980643840339],[127.24375713143118,36.86959339537918],[127.24074900148388,36.86790301701065],[127.23703146350691,36.86587855686147],[127.23457324678508,36.86690179984729],[127.2335132523388,36.866935269135276],[127.23334819714857,36.86689251859093],[127.23277042030341,36.865925220363565],[127.23071055791591,36.86140807798142],[127.2307282704428,36.857733829464024],[127.22876106773185,36.85366087915479],[127.22791886254426,36.85238188504539],[127.22696453407063,36.85116354992321],[127.22661760902531,36.85088314138816],[127.2238128842726,36.849241904931496],[127.22291433306636,36.848822861178974],[127.22287723242795,36.848811062890334],[127.22235023036536,36.84919074636626],[127.22146764431527,36.84937848563619],[127.22045227261721,36.84938333469418],[127.21238524695006,36.84721946116163],[127.19832525238652,36.85327397344786],[127.18083094164005,36.84220824834981],[127.17113130635657,36.845948354216056],[127.14574091919873,36.80355749184486],[127.14319190335407,36.80294029653053],[127.12837775184552,36.82009306892301],[127.12785784990126,36.818561494544056],[127.12657503475235,36.81780254642196],[127.12424098655865,36.817256539631835],[127.12619603633733,36.8121866741917],[127.13074987129852,36.81087019252306],[127.13323548666885,36.809786357908465],[127.13302054635821,36.80906706361527],[127.13139225226301,36.79991002618824],[127.13414633613452,36.800186255003645],[127.13463180682308,36.80032716480493],[127.13502410100187,36.799747769688686],[127.13521388076938,36.79888943112263],[127.13524823253431,36.798734040395125],[127.1351865143781,36.79794014060209],[127.13517948544916,36.79752524339504],[127.13519179615426,36.79665242694944],[127.13544597919562,36.7957875943583],[127.13374078912962,36.796178348418124],[127.12941692318071,36.79540699850025],[127.12807100004999,36.794152565718136],[127.12755997670722,36.79384739072305],[127.1260989006494,36.79157027548398],[127.12569424484396,36.790768795577485],[127.1253747259809,36.790135749689895],[127.12533797271801,36.79006288625144],[127.12524120096637,36.7898645988853],[127.12488549181022,36.78916307914655],[127.12481484020302,36.78902895924813],[127.12459232512782,36.788984855940136],[127.12382230259118,36.789200050589656],[127.12316553490821,36.789388380117494],[127.12297405324904,36.78946447486773],[127.12030130283725,36.79053011253476],[127.11866045852439,36.78854330138373],[127.11862402792427,36.78833078396048],[127.11858223334846,36.78812054355924],[127.11850003238024,36.78788454296972],[127.11843018250931,36.78773858736043],[127.1175675114163,36.78661276431861],[127.11728999279454,36.78638041852146],[127.11556399541722,36.78540713232479],[127.11527929926433,36.78527377155856],[127.11475872022609,36.78506129066086],[127.11424025674076,36.78499077601385],[127.1141491610167,36.784978608203915],[127.1141152105523,36.78497566475431],[127.1138900042671,36.78495641508088],[127.1137421082348,36.784945379626485],[127.11332907296848,36.78492693775361],[127.11332908271966,36.784939942388895],[127.11269396924091,36.783656992049735],[127.11337396267974,36.7818214724492],[127.11758579111537,36.780464079949496],[127.11907781907976,36.776355243943904],[127.11906680249594,36.765583044350365],[127.09207514624028,36.76103296540028],[127.07843005225963,36.710223863126885],[127.0093892504249,36.65627650798963],[127.11034770971956,36.65859979673599],[127.15042976746176,36.619749552513646],[127.16144490448121,36.69021863045527],[127.1277299100989,36.70863665754717],[127.15964389553366,36.73284394495652],[127.28529006759217,36.69067145243485],[127.28543303412371,36.69101846215366],[127.28653138316602,36.69240750909313],[127.28948732867794,36.695409286515165],[127.29158524902051,36.697034650389526],[127.29201455053786,36.69728254834237],[127.29243160102882,36.69710862199424],[127.29289338413092,36.69701963350764],[127.29330585157203,36.69702256161997],[127.29460624409367,36.697178757209755],[127.30132088647412,36.69997718557466],[127.30712480911987,36.70370093983889],[127.30760420318356,36.704037347067164],[127.30839798724156,36.70480547936194],[127.30764925713504,36.70662146274429],[127.30742652837577,36.70707710046929],[127.30610066707976,36.70826969400271],[127.3078937999744,36.7130736721032],[127.30809527437492,36.71866485289592],[127.31048747096332,36.72428557109183],[127.31137845334418,36.724037130267035],[127.31148852809706,36.724007278935645],[127.31241882086884,36.723780132408656],[127.31340882101692,36.723830770625874],[127.31629437893565,36.72429231393886],[127.31684798823332,36.72438461717125],[127.31801274298785,36.724908119261556],[127.32546392877867,36.733670542961555],[127.32830309735932,36.73455516117104],[127.33920284300346,36.729725185600195],[127.33534700325494,36.75240716868155],[127.35881944168094,36.76057540893486],[127.41969848903824,36.7576621876062]]]},"properties":{"name":"천안시동남구","code":"34011"}},
{"type":"Feature","geometry":{"type":"Polygon","coordinates":[[[127.15031407385139,36.817731801161564],[127.17113130636639,36.84594835423176],[127.180830941854,36.842208249064164],[127.19832525225259,36.85327397352657],[127.21238524722949,36.847219461720265],[127.22045227271303,36.84938333486062],[127.22146764424942,36.84937848628818],[127.22235023044875,36.84919074633547],[127.22287723276892,36.84881106281612],[127.22291433342284,36.84882286105373],[127.22381288448594,36.849241905623764],[127.22661760942741,36.85088314137217],[127.22696453460387,36.851163550611794],[127.22791886272468,36.85238188576134],[127.22876106820098,36.853660879707654],[127.23072827097461,36.85773382933388],[127.23071055834015,36.86140807791618],[127.2327704205429,36.86592522050127],[127.23334819758604,36.86689251914282],[127.233513252694,36.86693526908219],[127.23457324714578,36.866901800424536],[127.23703146385338,36.86587855743338],[127.24074900166661,36.867903017732736],[127.24375713159259,36.869593395281626],[127.24423969243486,36.86980643850651],[127.2477096871678,36.87104387222333],[127.24924478201851,36.87238875470716],[127.24926728541003,36.873685153609834],[127.24954250020511,36.87538533689231],[127.24993958147833,36.876194886814254],[127.25105497819668,36.878108352914424],[127.25202509479504,36.87879632301212],[127.25237103817481,36.87894049705126],[127.25447561378897,36.87959442806046],[127.25951926856739,36.877996447538735],[127.26072546723795,36.878607484377945],[127.26145552378871,36.87938310704351],[127.2614484993362,36.879442189024516],[127.26137399112825,36.879886932932706],[127.2618381518545,36.88067993308972],[127.26247049396636,36.88152826518561],[127.26619452000969,36.88310687679012],[127.2674278433345,36.88311691064658],[127.26852245394834,36.8827984258641],[127.27139901488376,36.8824725892015],[127.27196128097549,36.88375343771904],[127.27254074327425,36.885276545786986],[127.27271064316197,36.88686160750324],[127.27270172843983,36.88734521526692],[127.27517963055027,36.88906268888226],[127.27789335685675,36.890246612231685],[127.27959970075048,36.88937200908042],[127.28054881995917,36.888840861725335],[127.28081508156176,36.888358063455655],[127.28093412520106,36.88808029285333],[127.2813944711908,36.887848782395224],[127.28450456152316,36.88845467227435],[127.28569090631771,36.88877477266342],[127.28738214999073,36.88949674174848],[127.28792552873585,36.889867907517015],[127.2892439164037,36.89095672616611],[127.29058804290317,36.89219698277111],[127.28782886883798,36.893778880057454],[127.28750214598338,36.893785293736016],[127.28614672631589,36.89433821732534],[127.28585558548286,36.894483088735164],[127.28558692521094,36.89464592680038],[127.28525112760403,36.894853978791915],[127.2845460711657,36.895324227701764],[127.28314837903335,36.89659808362752],[127.28103689453413,36.899126108974],[127.27921324715491,36.900545093610425],[127.27345133815531,36.911452563625275],[127.27083198986261,36.913287737949275],[127.27029357033308,36.91327093917404],[127.27029329421809,36.91327093313812],[127.26688378250303,36.91372914969452],[127.26162387309168,36.91471394587119],[127.25860908851149,36.91587389935827],[127.25622711688298,36.91837503598465],[127.2556688724349,36.91924127467038],[127.2550774864708,36.9202697758425],[127.25431756234858,36.921244567830485],[127.2531319625751,36.92243637215662],[127.2495601633671,36.92148889374851],[127.24926802087917,36.92138136314862],[127.24890806339943,36.92121090264673],[127.24894044976456,36.920814357279546],[127.24901577661143,36.91981399587378],[127.24894611239993,36.91909327239453],[127.24893471438999,36.91903923156046],[127.24814749322846,36.91852724900317],[127.24531747568321,36.91782123926201],[127.24404861041008,36.917598613577745],[127.23998004189808,36.919228756028026],[127.23940842423355,36.91946418376036],[127.23766107991827,36.92055798390438],[127.23731426064082,36.920910096698584],[127.23634650901745,36.92372339833066],[127.23551665798196,36.92403140067885],[127.2338882394021,36.9235930713561],[127.22864918489374,36.92441417513112],[127.22838039813452,36.924513812658574],[127.22032781607427,36.93044904820662],[127.22003591804872,36.93046758681494],[127.21948547666308,36.930360481609874],[127.21714883454815,36.92964387943381],[127.2104507618613,36.93053896644297],[127.20972717730538,36.932729822656164],[127.21139631351781,36.935610354988405],[127.21149985742896,36.93652927733298],[127.21155830720802,36.937376192431984],[127.21154806048541,36.93761784607792],[127.21155931488242,36.93780899836768],[127.206263324964,36.94290907024479],[127.2035780296569,36.950545834859305],[127.20214401524962,36.95171066112881],[127.201291497607,36.952000444679236],[127.19882252886798,36.95229292465499],[127.19545315283825,36.9519470478703],[127.19075051693476,36.95248627764591],[127.18928234500402,36.95355188512682],[127.18858776114476,36.95417472660259],[127.18830792805812,36.954526589184056],[127.1804980931892,36.95667420582338],[127.17953385972407,36.95736945431649],[127.1792536394251,36.957577122913555],[127.17907453367232,36.95781167120789],[127.17904325989008,36.95870342448761],[127.1789557068708,36.95983026998085],[127.17819837903947,36.96251661880854],[127.1751790814055,36.96232207326078],[127.17191248240687,36.963255685786564],[127.1711258988283,36.963130655550366],[127.16823846116775,36.96237785151892],[127.16553074169903,36.96166079371741],[127.16344472950841,36.962735898918154],[127.15887661619182,36.963868384634864],[127.15843857366714,36.96381489897527],[127.15584733823272,36.964295869773906],[127.15540247941736,36.96442721792336],[127.1553633699815,36.96445869676548],[127.155284976548,36.96455791798016],[127.15447901976171,36.965829481442654],[127.15442365785103,36.966225892224834],[127.15567472479795,36.96686884850906],[127.15805581586304,36.968825407339324],[127.15918128535657,36.969755132522366],[127.14425894303787,36.97114054913623],[127.12966292991607,36.966417537868786],[127.12432102495615,36.968360494408486],[127.12380457267521,36.968433114875566],[127.1235126433457,36.96846044603098],[127.12299606162925,36.96845196136762],[127.12272647847267,36.9684162066586],[127.12244562413579,36.968353408541525],[127.1222096702812,36.968263541003225],[127.12195131846272,36.968227750395855],[127.12162566795722,36.96822808307738],[127.12135623737046,36.96827339778277],[127.12117667499297,36.96834569197753],[127.12086288085564,36.96876950771617],[127.12073970137513,36.96898588960109],[127.12021399979434,36.97034704724472],[127.11865030774283,36.970850664875556],[127.11790795551023,36.971008532834055],[127.1143989398497,36.97147315184839],[127.11154367300962,36.97128073424401],[127.11085322069268,36.96922434381379],[127.1065041886687,36.96590411603432],[127.10558969133315,36.9656393951337],[127.10505195484465,36.96566745259043],[127.10483108337509,36.96570057957144],[127.10454693302985,36.96576335293053],[127.10250500801712,36.96476096054683],[127.09718404500718,36.960123112370674],[127.09650568793512,36.959339716495876],[127.09641482630742,36.95569154433734],[127.09843636597532,36.9544627546441],[127.10074733086546,36.95443013700902],[127.10210579644047,36.95383541517227],[127.10291887896796,36.953278296774315],[127.10299942603243,36.953160238893574],[127.10299579493264,36.95308028081534],[127.10297139094963,36.952915294494034],[127.10291922623433,36.95274497250663],[127.0985470959668,36.94907586645615],[127.09700264323088,36.94799412888071],[127.09622903300748,36.943443997986456],[127.09602070080362,36.94278045098708],[127.0957639425328,36.94237432194551],[127.09504202447063,36.94218231035729],[127.09383886969394,36.94237809559252],[127.09289255884543,36.94282035849995],[127.09191453901359,36.943447640589895],[127.08983206399887,36.94570134829501],[127.0891383208065,36.94616479372753],[127.08804529307976,36.946775799761845],[127.08621204882151,36.947737902044686],[127.08566242072932,36.947532457589716],[127.07832179055634,36.942505150213954],[127.07504314679738,36.939987307835445],[127.07408241414885,36.938624993843916],[127.0939260872902,36.913085164713735],[127.08466391011898,36.9035093119875],[127.08942422765247,36.89983826487441],[127.09295175311993,36.89361120188058],[127.08818498882647,36.88995503495859],[127.0885741089589,36.887439828166855],[127.0903860155873,36.885452100504075],[127.09052671452812,36.884783275650676],[127.09086026218472,36.88319163306626],[127.09103794986649,36.88225564222396],[127.08631390959071,36.875838129444496],[127.08870564112827,36.867523421969516],[127.08876188630168,36.866607840863516],[127.08869004131061,36.86604279747885],[127.08784836226688,36.86457732031025],[127.0872168878802,36.86298554989549],[127.08722078120601,36.8627965242514],[127.08742030271932,36.861862392996215],[127.1068395916645,36.86029282040084],[127.10718251226686,36.86016203832815],[127.10985054074271,36.85718168116684],[127.11049411199707,36.85497678594248],[127.11049988639685,36.85410806812406],[127.10502723941882,36.845797510947634],[127.09820560357089,36.83983939492043],[127.09817152891138,36.83795752959286],[127.09825063122786,36.837902283099176],[127.10396339372402,36.83755901581967],[127.10527752801046,36.8371977158438],[127.10561708298633,36.836486106907074],[127.10433098133328,36.835266804151864],[127.10336328263409,36.83426291021244],[127.10087108895216,36.8316481702034],[127.10060341934285,36.827273825435256],[127.10215158444315,36.82520253276024],[127.10149899557678,36.82194671636876],[127.09659039970106,36.81496466451262],[127.09853050259669,36.81053979497542],[127.09609626872745,36.80446043612911],[127.09558679624666,36.79591272592624],[127.09720285496856,36.79293693816022],[127.09767733628102,36.792579492948754],[127.09838022031803,36.79257047893351],[127.10018757766207,36.79257856176303],[127.10134382668211,36.79700175068939],[127.10368924163876,36.7989475531419],[127.10440162369629,36.79920403356956],[127.10469056908508,36.799245459631194],[127.1049372322508,36.79923398142009],[127.10524722651282,36.79918331332702],[127.10553386156313,36.799083373593824],[127.10580733346055,36.79894571431857],[127.11104205721544,36.79727846934302],[127.11030962662296,36.79300733887284],[127.11367891646881,36.78712616926147],[127.11332908374654,36.78493994256108],[127.11332907315712,36.7849269376801],[127.1137421084147,36.78494538020791],[127.11389000413462,36.784956415097],[127.11411521072256,36.784975665513535],[127.11414916095136,36.78497860814189],[127.11424025674143,36.7849907761017],[127.11475872063376,36.785061290779076],[127.11527929955353,36.785273771730104],[127.11556399561717,36.78540713240009],[127.1172899928946,36.786380418435336],[127.11756751178243,36.78661276487247],[127.11843018292579,36.78773858791621],[127.11850003226846,36.78788454366466],[127.11858223322552,36.78812054342044],[127.11862402803807,36.788330784633246],[127.11866045887857,36.78854330191729],[127.1203013029732,36.79053011249275],[127.12316553524252,36.78938838024954],[127.12382230252203,36.78920005063679],[127.124592325158,36.78898485582121],[127.12481484063923,36.78902895980835],[127.12488549224051,36.78916307980093],[127.12524120149884,36.78986459945374],[127.12533797273196,36.79006288699168],[127.12537472589747,36.79013574974668],[127.12569424486966,36.79076879547791],[127.1260989007373,36.791570275644304],[127.1275599766756,36.793847390702524],[127.1278222162897,36.794092533054126],[127.12807100007724,36.79415256643024],[127.12941692344951,36.7954069986039],[127.13374078935793,36.79617834852341],[127.13425178091721,36.79613702139942],[127.13479253088315,36.79599237479754],[127.13544597959385,36.795787595102354],[127.1351917966532,36.796652427692926],[127.13517948590408,36.79752524418945],[127.13518651428608,36.79794014154623],[127.13524823240783,36.79873404121943],[127.1352138808747,36.79888943200663],[127.13502410092055,36.79974777068392],[127.13463180681484,36.80032716585322],[127.13414633634133,36.80018625571718],[127.13139225220343,36.79991002697754],[127.13302054647926,36.80906706463665],[127.13323548671951,36.80978635853789],[127.13074987124367,36.810870193468205],[127.12619603658277,36.81218667483846],[127.12424098669025,36.81725654026504],[127.12837775230294,36.82009306989262],[127.13113699067084,36.81891628118156],[127.14319190369021,36.80294029746716],[127.15031407385139,36.817731801161564]]]},"properties":{"name":"천안시서북구","code":"34012"}},
{"type":"Feature","geometry":{"type":"Polygon","coordinates":[[[127.0093892504249,36.65627650798963],[126.96766591509957,36.67924702052143],[126.899031714518,36.55961720584694],[126.8835727422493,36.51259836075751],[126.91545548251624,36.455653819317014],[126.97492629181959,36.46668189675521],[127.0202236008159,36.438536526935955],[127.02577513607014,36.39709830924297],[126.97729723617984,36.33514866270645],[126.99307354680008,36.29902195785632],[127.06590862901267,36.27714893238463],[127.1067672767493,36.340285081116726],[127.14302606664202,36.30655908092936],[127.19637478164894,36.33466468782034],[127.23720221401314,36.348379655334114],[127.25976633325983,36.32724814880049],[127.28212371202417,36.414612029510145],[127.19893451127095,36.4398838170172],[127.16998970319673,36.50903791393799],[127.20775132483307,36.57795949419198],[127.15042976746176,36.619749552513646],[127.11034770971956,36.65859979673599],[127.0093892504249,36.65627650798963]]]},"properties":{"name":"공주시","code":"34020"}},
{"type":"Feature","geometry":{"type":"MultiPolygon","coordinates":[[[[126.35592352157587,36.35518898927537],[126.34342068999301,36.327132031467464],[126.37075012677394,36.33473223233661],[126.35592352157587,36.35518898927537]]],[[[126.45805147499954,36.35459605306767],[126.43518486396843,36.38446304014752],[126.38401924339759,36.37631780003919],[126.45805147499954,36.35459605306767]]],[[[126.5101070014566,36.52010204341358],[126.49940649656556,36.522861178896655],[126.49139160924919,36.50837100689942],[126.48503251012812,36.50898994652354],[126.48300096575886,36.514113121687075],[126.4793244757415,36.491560252061156],[126.4899568709801,36.468418476606885],[126.48670789465581,36.454796618126544],[126.49807831704851,36.43270167356746],[126.53160701802729,36.440964761818634],[126.4798437694315,36.38476549140282],[126.56013716721112,36.350826805353684],[126.50429555757063,36.329800982259535],[126.54812603167196,36.26573700331044],[126.52506258191742,36.18754758268489],[126.56514535240399,36.1921482720699],[126.58009319479442,36.177646128103284],[126.59416833837474,36.17452407735157],[126.59519253256732,36.17479863495339],[126.5980553754555,36.17501883498183],[126.59924645760513,36.17534414016283],[126.59931553378341,36.17535647545222],[126.59940993545634,36.1753719940451],[126.59971241308412,36.17538624866691],[126.60162513408822,36.17504343845639],[126.60169549233689,36.175008752991516],[126.60453131103465,36.17359486864111],[126.60809621281442,36.17285385611381],[126.61429691865013,36.17227815177432],[126.61745360529211,36.17416396379408],[126.61811565518953,36.174483197426525],[126.61858231047137,36.174702384095205],[126.61859080592676,36.17470635014136],[126.61937776257156,36.17498541279525],[126.61948863124537,36.17500774649537],[126.628850896179,36.173399596457365],[126.65539812391114,36.1812182973535],[126.65801423040938,36.18085479745194],[126.65750725964789,36.17954754823128],[126.65818646164877,36.1781763021389],[126.65842875536482,36.17801533928992],[126.65869735691149,36.17783699503198],[126.65984299093886,36.17815343547209],[126.66021041028965,36.17821588288074],[126.6608063459117,36.17821279355922],[126.66139651375872,36.17805731172606],[126.66513303296564,36.17707036055507],[126.66638854675139,36.17642896683656],[126.66692450372692,36.176024926355865],[126.66692904331195,36.17602154966253],[126.66740397956809,36.17615947148157],[126.67172527140241,36.177916103013736],[126.67531384261832,36.179953352492625],[126.68082928381115,36.18240006429324],[126.68336988177113,36.18735018565257],[126.68469173709076,36.188395966879135],[126.68547181440157,36.18896917125581],[126.68705694517492,36.18865707939722],[126.69038306391988,36.18924000033718],[126.69184952094474,36.18994897763533],[126.69205421462017,36.19009060634159],[126.69444183178997,36.19272796252943],[126.69919687648249,36.20270585977163],[126.69884523645001,36.20360757117005],[126.70373856741242,36.20877297006406],[126.70817207874721,36.211139407056926],[126.71316571022231,36.21441132120594],[126.71555755302148,36.21853043933119],[126.71576754534756,36.21994215281357],[126.71570154715714,36.22433078309807],[126.7154172942817,36.226651228133676],[126.71517554746245,36.22717503358299],[126.7150410488815,36.22888641328631],[126.71820222937221,36.23458015217993],[126.72539847349043,36.237849425220695],[126.7264806982072,36.23754270088166],[126.72789087869305,36.23753945368288],[126.72859827223633,36.23770243629014],[126.72937122740382,36.23765321781714],[126.73155323653957,36.23704173960343],[126.73231996215594,36.237219718586445],[126.73689500852706,36.2414410038359],[126.73555498446471,36.24308129586977],[126.73618221836807,36.24630611983401],[126.73706135096992,36.247379063671914],[126.73786029769042,36.24924713949642],[126.73805805898878,36.24978462907133],[126.73826109844173,36.250514757618205],[126.73844033641645,36.25134254090877],[126.73868660812855,36.25256024993485],[126.73871498742845,36.25400080466645],[126.73871513096955,36.2540112185383],[126.73833231124644,36.25416301532604],[126.73777139879499,36.254390744902494],[126.73630527259525,36.25506198863859],[126.73542281895361,36.25571479391978],[126.73269361541244,36.25683517610615],[126.72764528551741,36.25747032762654],[126.7200980072699,36.25518266426072],[126.69420576260686,36.26887413725434],[126.6943810660457,36.29852568391479],[126.68256751937464,36.30825732230847],[126.6841909041496,36.32233181202895],[126.67872968864911,36.327751263723194],[126.67845227068153,36.331637959889456],[126.67981953799129,36.331482805808896],[126.68403976439525,36.331151361952934],[126.6881282825826,36.33276202052356],[126.68981633925851,36.335342653228714],[126.69320905670112,36.334214568029104],[126.69450329825631,36.334309142554446],[126.69566410422208,36.334394070551554],[126.69758124380347,36.33649756779979],[126.69711305546107,36.339011205888795],[126.69698943078222,36.33965101109433],[126.6977012824143,36.34153119852612],[126.69980346539066,36.34364245290802],[126.70023482465339,36.3448922241946],[126.70022657488992,36.34518001911268],[126.69992520295317,36.34551860348033],[126.6993879106671,36.34636828595716],[126.69960781041645,36.347614999555],[126.69978385554904,36.34859067315922],[126.70017412058965,36.34876542189197],[126.70155956730947,36.34865738746404],[126.70336934424093,36.34987990082792],[126.7040663353968,36.35051217890273],[126.70412202273653,36.35056271918161],[126.70442503945381,36.35441935588368],[126.70262200383819,36.361558602357356],[126.70503011646761,36.366496526984115],[126.7244535903278,36.37116078809788],[126.724816806306,36.374893591929414],[126.72171732750999,36.378182103864425],[126.72141484057882,36.37867563272012],[126.71958940462237,36.3804218554795],[126.71516294884019,36.38302527841026],[126.71136822223777,36.38819190470187],[126.71567405180376,36.3936825033151],[126.70852050422396,36.4020682445516],[126.6912911687433,36.41045848361461],[126.69163942163026,36.428609875144204],[126.68395338527391,36.436200809233256],[126.68878281010677,36.4454461844233],[126.68866817970972,36.445955038030895],[126.68789750198846,36.44760607811492],[126.68138788891135,36.44826579415079],[126.67824227797743,36.44992868137058],[126.67741130075844,36.45038179157147],[126.67684728478613,36.45084406466449],[126.67548620788365,36.45381079610352],[126.67477494550769,36.455546105820396],[126.67487941674354,36.46002089878349],[126.67192967772051,36.46159601116518],[126.65835700310446,36.45973364909706],[126.65288513181834,36.46742214272346],[126.63421132270193,36.466616772240435],[126.63174750463843,36.47616924399974],[126.62283733169886,36.477824564787944],[126.61923359595188,36.480201336994995],[126.61753010785512,36.48162264838492],[126.61685692184685,36.48220659702673],[126.6169843280059,36.48263757604778],[126.61698831219891,36.482651060752744],[126.61648845656808,36.48351313741658],[126.61549811651837,36.48430299784357],[126.61511450716779,36.48449634855127],[126.61468279495908,36.48477219515194],[126.5331544738428,36.440367815527374],[126.5614440887474,36.48404725651501],[126.58935817297055,36.47524017540017],[126.60055906670922,36.47771503629788],[126.60151983355118,36.47911402067343],[126.59898470801126,36.478864208123575],[126.5989844334162,36.4788642099017],[126.59859109487405,36.48115489021964],[126.6000777049615,36.4855093428405],[126.60046887040775,36.48603754088328],[126.60181236691976,36.488384472275946],[126.60187007746401,36.488490838691256],[126.6018935561586,36.48853427958246],[126.60188808115865,36.48855114842122],[126.60188364776057,36.48856438151333],[126.60022742122764,36.49016323119651],[126.59885149213201,36.49138349915701],[126.59880781814134,36.4914315020663],[126.59866692709063,36.49159775542874],[126.59772611495657,36.49284272302944],[126.59776316400533,36.49346878831784],[126.59777526633786,36.49446404555911],[126.59656903371099,36.49898568128444],[126.5927019772898,36.50348413124181],[126.59331653798174,36.50638566735236],[126.59303649421261,36.50670601072176],[126.59072455985574,36.508628765195624],[126.59057934235835,36.508681494667755],[126.5900036708112,36.50889038489413],[126.58988845794991,36.508837100557415],[126.58866562193536,36.50827051602254],[126.58491701025517,36.50673820117798],[126.58019173625583,36.50517361169417],[126.57730910009525,36.504671993255045],[126.57250251086312,36.50218454921674],[126.57166838624524,36.50192275756415],[126.56672845841177,36.50271870961308],[126.56606531622619,36.50296240816442],[126.5649986814271,36.50615137089343],[126.56558605204229,36.50689331220055],[126.56587530941562,36.507813535396316],[126.56571219976975,36.50819394365976],[126.56500783073118,36.508449609770295],[126.56480134495234,36.50846151169662],[126.56454475831326,36.508449876981814],[126.56439458830212,36.508389915273774],[126.56309046464878,36.50701872086131],[126.56310414650795,36.506597497578404],[126.56311329725455,36.50590100261915],[126.56304159245175,36.50580139741488],[126.55970031950118,36.50498199871421],[126.54054944552452,36.50396550126265],[126.5101070014566,36.52010204341358]]]]},"properties":{"name":"보령시","code":"34030"}},
{"type":"Feature","geometry":{"type":"Polygon","coordinates":[[[127.11332908271966,36.784939942388895],[127.11030962617751,36.793007338860114],[127.11079513544033,36.79662145523743],[127.11104205707595,36.79727846943077],[127.10580733359123,36.79894571423468],[127.10553386121116,36.79908337391593],[127.10524722643605,36.799183313348074],[127.10493723227157,36.799233981421224],[127.1046905688003,36.799245459660355],[127.10451650510385,36.79922590330644],[127.10440162382935,36.79920403387567],[127.10368924127694,36.798947553036115],[127.10134382642879,36.79700175077147],[127.10018757763007,36.79257856201841],[127.09838022025579,36.79257047911131],[127.09767733584356,36.79257949287527],[127.09720285477907,36.79293693817912],[127.09558679575674,36.79591272582968],[127.09659039833062,36.81496466464636],[127.10149899562755,36.82194671670627],[127.1021515830395,36.82520253208049],[127.10060341821162,36.82727382543076],[127.10087108756211,36.831648169626696],[127.10336328144639,36.83426291009598],[127.10433098145594,36.83526680414804],[127.10561708300126,36.83648610633685],[127.10527752789727,36.83719771569571],[127.10396339371796,36.83755901614116],[127.09825063124148,36.83790228341896],[127.09817152897884,36.837957529884655],[127.09820560346525,36.83983939479877],[127.11049411199674,36.854976785788594],[127.10985054046687,36.85718168111328],[127.10718251232765,36.86016203843153],[127.10683959167628,36.86029282045036],[127.08742030279045,36.86186239320968],[127.08722078099856,36.86279652431952],[127.08721688777015,36.86298554998245],[127.08784836222092,36.86457732029265],[127.08869004131843,36.86604279744648],[127.0887618858027,36.86660784114984],[127.08870564069476,36.86752342189602],[127.0863139094947,36.875838129766535],[127.08877377514335,36.88065856122157],[127.09016672306208,36.8822024462847],[127.09036112733723,36.88221232041836],[127.09103794994508,36.88225564248147],[127.09086026231385,36.88319163289258],[127.09052671400804,36.884783275968616],[127.09038601530733,36.88545210079819],[127.08857410874764,36.887439828115255],[127.08818498847512,36.889955035070244],[127.09295175286393,36.89361120219944],[127.08942422736915,36.8998382649722],[127.08466390964233,36.90350931194991],[127.09392608720097,36.913085164789315],[127.07408241260157,36.93862499381743],[126.90970527831124,36.90160184566533],[126.9058795201607,36.88868661206524],[126.86278028484304,36.88001344327958],[126.86188374454133,36.88006792237986],[126.86010827477789,36.8805072410526],[126.84738600642464,36.88371520368877],[126.84491927182933,36.884341725642344],[126.84314762653706,36.87759707117439],[126.83654941956372,36.84231019890584],[126.83690950283568,36.83122717721144],[126.83724771904299,36.8303265441025],[126.84365932436333,36.8225142389449],[126.8482597947805,36.81691483364911],[126.85028682314801,36.81200641660202],[126.85790135305925,36.80056225267198],[126.85807924964323,36.79998998534831],[126.85906143287596,36.79404021105424],[126.85872898545182,36.79205738688607],[126.8564931245991,36.7894414644819],[126.85335773641951,36.78862661896976],[126.84775554044673,36.78897993162232],[126.84775526253495,36.788979926492544],[126.84271397926666,36.78883815099994],[126.8398020301355,36.788383675743276],[126.83677943116554,36.787298201226236],[126.83524403495547,36.786173908303155],[126.83524387846413,36.786173730742796],[126.8343753369459,36.785177246201584],[126.83331419957197,36.783733979611256],[126.83182816819325,36.77607357775553],[126.82913476187674,36.77320051463882],[126.83087476899448,36.7620813705821],[126.86681395406833,36.72944661188062],[126.96766591509957,36.67924702052143],[127.0093892504249,36.65627650798963],[127.07843005225963,36.710223863126885],[127.09207514624028,36.76103296540028],[127.11906680249594,36.765583044350365],[127.11907781907976,36.776355243943904],[127.11758579111537,36.780464079949496],[127.11337396267974,36.7818214724492],[127.11269396924091,36.783656992049735],[127.11332908271966,36.784939942388895]]]},"properties":{"name":"아산시","code":"34040"}},
{"type":"Feature","geometry":{"type":"Polygon","coordinates":[[[126.65362104952783,36.77491380561634],[126.65336434340907,36.776465577495145],[126.65331324000985,36.77666424736265],[126.64986360656,36.77957858229166],[126.65021488381517,36.78311541708285],[126.64781282814958,36.78745903970547],[126.64665238136342,36.788192177832265],[126.64512889456205,36.79143125293774],[126.64383540428744,36.7939186942024],[126.64335508106144,36.794219657379706],[126.64277227770054,36.79470631784287],[126.63955933414202,36.79912019820587],[126.63826402521347,36.80067344558306],[126.63727217272375,36.80086623097458],[126.63677468360426,36.800994194008325],[126.63650774086733,36.80145041324832],[126.63594380693634,36.80244429054975],[126.63604391988544,36.80439162328426],[126.6354783509328,36.80537495700112],[126.63135770153302,36.80695771501634],[126.63193918922104,36.81230814136598],[126.61737446030672,36.81220108738368],[126.61469344127504,36.81410593275433],[126.61437173492313,36.8142542165783],[126.60992922896968,36.81617970376871],[126.6093850300984,36.81641489820737],[126.60707804371592,36.8169464147667],[126.60655352509397,36.817024796066995],[126.6042997260272,36.81682489746586],[126.60398450372779,36.816616811362536],[126.6030134325834,36.816454689414655],[126.60194496586814,36.81677282304971],[126.60075091388227,36.817218993274594],[126.597923033149,36.820377690726055],[126.59889904181917,36.830174323461705],[126.59505715770824,36.831281954834374],[126.59177689588009,36.83807096544949],[126.52605239913984,36.82666586937827],[126.47407606526498,36.880938487943645],[126.46333989365321,37.00342025455494],[126.42080424222875,37.019822759124686],[126.32736084723254,36.99867291037397],[126.38867596710027,36.969817841742405],[126.33314735416698,36.96114931675892],[126.38900714306341,36.92675087436341],[126.41889640990244,36.9374053776155],[126.43237775157783,36.90109263823167],[126.36448571786569,36.876517369019375],[126.36510601473438,36.82954830024413],[126.34674462078479,36.86124357324823],[126.3178149385634,36.84305673014187],[126.32660001230788,36.83643474806116],[126.3349793561091,36.81501163703865],[126.33511524594824,36.81486021320568],[126.33566317751436,36.81424854298993],[126.33805861661361,36.81155866752816],[126.34196378192443,36.806173865071585],[126.34900971235548,36.79970661449812],[126.352198314554,36.79326412421596],[126.35513006471878,36.79029459674263],[126.35506182305039,36.78811022656787],[126.35263299983461,36.78283713288258],[126.34944686797503,36.780445900303484],[126.34905218522329,36.77986818281037],[126.34857546775505,36.778822975378176],[126.34831975904986,36.778258292093525],[126.34832779148104,36.77812363031487],[126.34846826452042,36.77634460058164],[126.34849320966451,36.77622030480149],[126.35058714863013,36.767524854849555],[126.34921314764185,36.764642671324026],[126.34778655973403,36.758773409275115],[126.34746695230658,36.75620123943454],[126.34608407466638,36.75491946319145],[126.34336776316589,36.74658555204069],[126.34333417936752,36.74654526704012],[126.34325217729153,36.74649750723018],[126.33984008009355,36.7453103122894],[126.3371204032462,36.74391313974667],[126.33703068829905,36.74313751562262],[126.33701109629197,36.74285157662643],[126.33704171846713,36.74246815209446],[126.33710837915298,36.74215169713325],[126.33748362441675,36.741508604716245],[126.33897032133854,36.73986543122118],[126.34377829995331,36.74098992295622],[126.34617482293596,36.73070773265634],[126.34730871008561,36.68024445257456],[126.35152007627039,36.659647789795606],[126.36019432115954,36.62489326614315],[126.36572936743275,36.626853340432085],[126.3684699198713,36.62420571013354],[126.37291551113117,36.626019542155255],[126.37319781251995,36.62023280450723],[126.37569821412346,36.6238986190307],[126.41421567176569,36.614969145033875],[126.41101168922465,36.60346118743747],[126.44066734822192,36.60033757367525],[126.45301969684935,36.62577876435872],[126.58897777373801,36.66350464668773],[126.60880547706131,36.732959500861945],[126.65316297157487,36.75050393020099],[126.6475272568886,36.76107561641167],[126.65130365482675,36.766476182323366],[126.64916477798369,36.77006572232712],[126.65034538966958,36.77181408652563],[126.65341065210308,36.77396283103498],[126.65362104952783,36.77491380561634]]]},"properties":{"name":"서산시","code":"34050"}},
{"type":"Feature","geometry":{"type":"Polygon","coordinates":[[[127.19637478164894,36.33466468782034],[127.14302606664202,36.30655908092936],[127.1067672767493,36.340285081116726],[127.06590862901267,36.27714893238463],[126.98404884106358,36.207834999553384],[127.00637876535376,36.15012722797259],[127.0448388653308,36.146086019375836],[127.06114886249783,36.08899848802393],[127.13102863377055,36.0657752935174],[127.13377437004397,36.08149249755368],[127.13519238878823,36.08418751898177],[127.13661696914248,36.08599032243997],[127.1377013135651,36.086839047360684],[127.13964962001381,36.08786730212441],[127.1457839398751,36.09029025154412],[127.14675245842704,36.09036875528081],[127.14805815501803,36.090376204217165],[127.14884556957877,36.09033187202849],[127.15120383022182,36.09004000132036],[127.15371078681761,36.08474984015931],[127.16877672205571,36.08398058560311],[127.17867603024497,36.09423117309367],[127.18009896382598,36.09461628454896],[127.18244088235623,36.09469045277377],[127.18359741598157,36.09431476361653],[127.18690642585727,36.09231829001039],[127.19064653526186,36.08777371265357],[127.1934136272599,36.086648156719924],[127.19530068856804,36.086225481073434],[127.19804232396444,36.085791611960936],[127.19904616864234,36.08635483536974],[127.20222992702094,36.088462042914855],[127.2007307332763,36.08987494134754],[127.20066525101493,36.09011921607877],[127.20079691325927,36.09162261516637],[127.20380896215674,36.093650936006796],[127.20591308508055,36.10059006177648],[127.20745560235676,36.10024299583176],[127.20882868174475,36.100226826555954],[127.20963934747638,36.10073256717559],[127.21173229576259,36.1006692748456],[127.21201565817567,36.10064740960742],[127.21387481388031,36.097938199091644],[127.21572965967763,36.09744430353321],[127.21705540222219,36.097365882881995],[127.21705568101068,36.09736589616235],[127.2184207310805,36.09749708406627],[127.21891089815408,36.09707500607052],[127.21953306123024,36.09671398507455],[127.22202519009086,36.09692373415655],[127.2226583131365,36.09810678746087],[127.22273351570735,36.09816292053687],[127.22340771667888,36.098666116645354],[127.22591861644835,36.09914241345607],[127.22870121725649,36.09807857283439],[127.24269308792779,36.08498760784909],[127.2460247576925,36.08346371810489],[127.24809327905373,36.082960154810884],[127.2480934722105,36.08296018767373],[127.24870234787466,36.08306647825935],[127.25471726891242,36.08744366923717],[127.25225831229649,36.090674889070485],[127.24980837455948,36.092755606119155],[127.24866016721475,36.09342120845546],[127.24837624588488,36.09356204941748],[127.24761069575251,36.093672622788944],[127.2465787359589,36.09485334158109],[127.24605266097258,36.096410139886245],[127.2455859658244,36.100973179659164],[127.24565721484734,36.101956479232236],[127.24569109900142,36.10236956234649],[127.24582039300512,36.10310379364617],[127.24619245790036,36.10479166459523],[127.24734471945371,36.10531370237594],[127.24850583721913,36.10582894165216],[127.25034588546018,36.1073650744807],[127.25022296581292,36.1092708173259],[127.25049503833878,36.11003262207278],[127.25155498789192,36.11243607336521],[127.25213028903914,36.113131336043764],[127.2596990904636,36.1128623704656],[127.26484197388066,36.1086839939627],[127.27452164325537,36.10742506717878],[127.28528078901064,36.11216408023384],[127.28933981337663,36.112808332975874],[127.29067602230182,36.11199630878226],[127.29242270487211,36.11224890030276],[127.29393504045885,36.11307207464755],[127.29706802875286,36.12273067500887],[127.30169038291162,36.12520363513378],[127.30368026297718,36.1249297220477],[127.30368053967409,36.124929727910605],[127.30431790110698,36.1249810632454],[127.30540435236415,36.12579916315899],[127.31091604307902,36.120438460972466],[127.31532187756642,36.11909856039851],[127.31854735073921,36.11973387048061],[127.31938570106433,36.124228093173514],[127.32278415931636,36.12696460952191],[127.32291281622896,36.12918432660306],[127.32280474023551,36.1306316809214],[127.33169767707291,36.184055517464124],[127.2813882062912,36.24557084390801],[127.20163422812882,36.25110628758557],[127.19637478164894,36.33466468782034]]]},"properties":{"name":"논산시","code":"34060"}},
{"type":"Feature","geometry":{"type":"Polygon","coordinates":[[[127.25976633325983,36.32724814880049],[127.23720221401314,36.348379655334114],[127.19637478164894,36.33466468782034],[127.20163422812882,36.25110628758557],[127.2813882062912,36.24557084390801],[127.29193521791002,36.26424188093304],[127.24665299613605,36.290959629369205],[127.25976633325983,36.32724814880049]]]},"properties":{"name":"계룡시","code":"34070"}},
{"type":"Feature","geometry":{"type":"MultiPolygon","coordinates":[[[[126.69484001970108,37.00043699488053],[126.63154102838749,37.00215283599307],[126.49832132005356,37.06494221380818],[126.46019569922197,37.020106323626045],[126.49016073756876,36.94303160138545],[126.47407606531944,36.88093848788935],[126.52605240030549,36.82666587046072],[126.59177689590965,36.838070966193406],[126.59889904183993,36.83017432421611],[126.59949982342287,36.82242592548682],[126.5979230345337,36.820377690764545],[126.60075091405926,36.81721899321678],[126.60194496612273,36.81677282300216],[126.60301343254034,36.81645468935255],[126.60398450487074,36.81661681137625],[126.60429972608623,36.81682489813428],[126.60655352508772,36.81702479613631],[126.60707804370004,36.81694641481658],[126.60938503000962,36.816414897839444],[126.60992922948634,36.81617970368702],[126.61437173621016,36.814254217198645],[126.61469344116331,36.81410593342676],[126.61737446032014,36.81220108755437],[126.63193918932022,36.81230814208575],[126.63135770195233,36.80695771501658],[126.63547835119365,36.805374957559195],[126.63604391999972,36.80439162344249],[126.63594380833214,36.80244429113015],[126.63650774109175,36.801450413152935],[126.6367746847029,36.80099419365695],[126.63727217259394,36.80086623093736],[126.63776585210202,36.80076188821807],[126.63826402638175,36.80067344536598],[126.63955933516573,36.79912019887335],[126.64277227890264,36.79470631841211],[126.64335508246594,36.79421965726816],[126.64383540418233,36.7939186942085],[126.64512889508211,36.79143125302581],[126.64665238246056,36.788192177498395],[126.64781282819139,36.78745903978659],[126.65021488426872,36.78311541783771],[126.64986360689747,36.77957858285201],[126.65331324023771,36.77666424804106],[126.65336434384338,36.77646557721283],[126.65362104950408,36.77491380529027],[126.65550189431072,36.775423954275915],[126.65674223326754,36.77559171823607],[126.6585473918138,36.773046249881304],[126.65972871695325,36.77124236483658],[126.66023578365859,36.7709154827373],[126.66254407345228,36.77010968008553],[126.66502097977464,36.77091812813453],[126.66724679295514,36.77410078926437],[126.6685939226453,36.7783118898783],[126.66849491511793,36.77894745867471],[126.66898313102996,36.7806330346213],[126.67600205664958,36.78385982675151],[126.67719578069135,36.78395910047445],[126.67956066072412,36.78360930863468],[126.68386849472124,36.782113511327175],[126.69158369191881,36.78423511812052],[126.69404844759944,36.784903545569236],[126.69745328235742,36.79304729165918],[126.69747615221944,36.79483604002263],[126.69724461733738,36.79644983813794],[126.69713513420905,36.796864343766316],[126.69712234893379,36.796912465482514],[126.69711388882851,36.79692708717215],[126.69692317165028,36.79725296089355],[126.69543906396278,36.797209457884286],[126.6952189313575,36.79824093241196],[126.69512947081304,36.79876755926123],[126.6962529974438,36.80051773971483],[126.71353724875489,36.80351592390317],[126.71935812361603,36.799627792784165],[126.72170147944173,36.79877953315305],[126.72195491076555,36.798804349331995],[126.7223492165903,36.79884300435948],[126.72316030006962,36.79919465123052],[126.72468502380002,36.79861952915791],[126.72480421969118,36.79857305703269],[126.72491384719432,36.79852037337792],[126.72793662318573,36.795982024680086],[126.74678684221777,36.76745403142963],[126.74729943592763,36.766924888309276],[126.74743343919992,36.76688630998899],[126.74990643831913,36.76634696191563],[126.75304686529569,36.76591172788062],[126.75431732178244,36.76560350100022],[126.7589341430644,36.76340133903987],[126.75909879368473,36.763293540363016],[126.75917654830677,36.76321870960374],[126.75951753322246,36.76285735580886],[126.76236347806295,36.76003813043338],[126.76321136512735,36.75922630058513],[126.76393548670897,36.758535018890775],[126.76429579833507,36.7581916224686],[126.7643820521995,36.75825008757469],[126.76523455546292,36.75882651916643],[126.76578335284951,36.75830017908904],[126.76780489220363,36.75636057990234],[126.77205416201156,36.75076168589435],[126.77200211317465,36.74926208204132],[126.80081939931885,36.76633839852094],[126.80066438370024,36.775046506023706],[126.80210768791953,36.77542430959518],[126.80221426848401,36.77536451004963],[126.80377389534777,36.77448063828793],[126.80393207972068,36.774358411792825],[126.80412873756248,36.774177670094694],[126.80446861231334,36.77383890270253],[126.80450880556037,36.7737981412509],[126.80458636452107,36.77371942103518],[126.80465842939223,36.77359790054884],[126.80477392022775,36.77340293913681],[126.80489002399125,36.773168279377174],[126.80520440539678,36.77253267454471],[126.80606385584412,36.77186614214974],[126.80803037063612,36.7706672131111],[126.80871158377279,36.77043375085623],[126.80934581936111,36.77022667499072],[126.81039405109918,36.77004730406919],[126.81072874716054,36.77030240386046],[126.81095682566242,36.770575354593056],[126.81130333523814,36.77100139512886],[126.81149280716807,36.77124247451581],[126.81170042042649,36.77150919146291],[126.81192944532701,36.77181875435411],[126.81264684656013,36.772818716047176],[126.81372506195692,36.77341909608357],[126.81759275016789,36.774763282601924],[126.82037384529383,36.77558980615884],[126.82140092918581,36.775866487338625],[126.82237826812238,36.77586683531404],[126.8231127133451,36.77607350041914],[126.82328798003135,36.77612389238409],[126.82486444803,36.777337106878186],[126.82331834608785,36.77881121302291],[126.8225928216178,36.779496938852894],[126.82178483509654,36.780260247798196],[126.82156009507213,36.78010700911928],[126.82050827075993,36.77937917593826],[126.81968185946496,36.78015314657353],[126.81896384507694,36.78082731101618],[126.81508267206286,36.784480066686584],[126.81430331558511,36.78523014155335],[126.8143225672338,36.78573085286413],[126.81435611997259,36.785758219835074],[126.81443702505271,36.78581522420267],[126.81689831915098,36.7870764005058],[126.81924084128627,36.784859073246636],[126.82098047220744,36.786053511576135],[126.82101119406015,36.786074607978975],[126.82244326995936,36.78471496557905],[126.82253590823326,36.78462668665134],[126.82335411477716,36.78384985953074],[126.82944849094554,36.78452126160194],[126.83248667530886,36.78629983652675],[126.83351371533621,36.78628862119124],[126.83427107509333,36.78624209042718],[126.83524403488299,36.78617390820751],[126.83677943251244,36.78729820128023],[126.83980203054425,36.78838367645579],[126.84271398053886,36.788838151599265],[126.84775526306483,36.78897992621973],[126.84775554075345,36.78897993159389],[126.85335773754446,36.788626618865656],[126.85649312446864,36.78944146450831],[126.85872898648772,36.79205738696895],[126.85906143278403,36.79404021118473],[126.85807925069761,36.79998998506332],[126.8579013544492,36.80056225284217],[126.85028682301851,36.81200641716014],[126.84825979469048,36.81691483368012],[126.84365932427738,36.82251423952526],[126.83724772028214,36.830326544036154],[126.83690950287185,36.83122717721234],[126.83654941957998,36.842310198800995],[126.84314762778068,36.877597071060485],[126.84491927236999,36.88434172572614],[126.81728396710818,36.8964749700093],[126.78278102173157,36.97512479918091],[126.69484001970108,37.00043699488053]]],[[[126.42829821880561,37.064178339209185],[126.42072732338308,37.04182034134823],[126.44969477980088,37.04379131680161],[126.42829821880561,37.064178339209185]]]]},"properties":{"name":"당진시","code":"34080"}},
{"type":"Feature","geometry":{"type":"Polygon","coordinates":[[[127.42233664368378,36.20806400244594],[127.37246025172355,36.272178516939064],[127.33169767707291,36.184055517464124],[127.32280474023551,36.1306316809214],[127.3268599569961,36.13084089335833],[127.328102613904,36.130794145978165],[127.3312977145049,36.12953299097472],[127.33847704016064,36.13049701517444],[127.34009296612415,36.128979275008355],[127.34074069108573,36.12428499251],[127.34363522761022,36.11887629176622],[127.34440626554635,36.1178644494446],[127.35305503443644,36.113609918018234],[127.35492077281955,36.1083380090053],[127.35384980629902,36.10625599673477],[127.35304378805233,36.105595698925015],[127.35261463704146,36.10535701737584],[127.35045784382282,36.10394870236748],[127.34944000735743,36.10025784027699],[127.34861386536838,36.09906501006891],[127.34776463762465,36.09833946259651],[127.34768539756027,36.09827182194018],[127.3494780916786,36.09512141283413],[127.35018715244767,36.09460228405012],[127.36005792152065,36.08938077287853],[127.3603715134052,36.05451817246706],[127.37364002313404,36.041088765065034],[127.37354011820943,36.03452061248014],[127.37549309172766,36.03330436648138],[127.37821345557703,36.03062290530187],[127.3768313022359,36.02884395535825],[127.37630044137453,36.023748382496706],[127.37648712512983,36.02292396062567],[127.37763569392214,36.022769765155786],[127.3795263402153,36.02186147506109],[127.38160908078196,36.02136541315835],[127.38387037168349,36.021271487490395],[127.38964325558773,36.01620921853921],[127.39201794869979,36.01693037034037],[127.40122304496573,36.008735860752516],[127.4345571659708,36.02949512658128],[127.45674606539531,35.983276216654765],[127.5244245521689,35.98507735111982],[127.53142107064211,36.04084277480648],[127.61348534895991,36.00060618377189],[127.61073511186046,36.025348537933894],[127.63974825483817,36.032252393996224],[127.62055096113781,36.0642052508972],[127.63820316323464,36.06822897051807],[127.61727469021221,36.09357814506509],[127.61909578341421,36.10888516836728],[127.5894806528014,36.13429690835856],[127.5909490318534,36.14483392176783],[127.5950220728844,36.152619804556636],[127.59849817413755,36.15489915301048],[127.60055187524549,36.15795575155792],[127.60102849746157,36.15877485418954],[127.60166451288868,36.16002404062514],[127.60120358600257,36.161176492088444],[127.60147835774178,36.169046425818976],[127.59306102811063,36.177377213495696],[127.59398694372601,36.17816797698701],[127.59476908935336,36.17932634925546],[127.59491409802665,36.17962358199044],[127.59466012748099,36.18102450241423],[127.59659450273668,36.18361707076226],[127.59770647061413,36.18487727473205],[127.5970187840703,36.18686851699697],[127.5962556112403,36.1881424234103],[127.59297622218402,36.19223145693598],[127.59245808061284,36.19519666329868],[127.59802031051909,36.21708890596675],[127.58358227871109,36.231296128988184],[127.49257720170571,36.23795395040168],[127.44369439439083,36.1947533449731],[127.42233664368378,36.20806400244594]]]},"properties":{"name":"금산군","code":"34310"}},
{"type":"Feature","geometry":{"type":"Polygon","coordinates":[[[126.97729723617984,36.33514866270645],[126.86214586301324,36.32147695395597],[126.8486529696796,36.38704225019159],[126.79089078309865,36.351638944986334],[126.75357197266553,36.355607829980556],[126.73523552406395,36.37852715100572],[126.72671857494099,36.37649621820859],[126.7251594900673,36.37572777464725],[126.72485992920832,36.37542599250828],[126.72481680474893,36.37489359096516],[126.70503011496504,36.366496526373],[126.70262200336374,36.36155860223376],[126.70442503815678,36.35441935509871],[126.70412202271977,36.350562719009126],[126.70406633504072,36.35051217784847],[126.70336934426962,36.34987990078603],[126.70155956742558,36.348657386535294],[126.70017412007694,36.348765420836656],[126.69978385532617,36.34859067260326],[126.69960781012166,36.34761499858213],[126.69938791064163,36.3463682853594],[126.69992520298838,36.34551860375895],[126.70022657457471,36.345180018540255],[126.70023482438272,36.34489222331082],[126.69980346530919,36.34364245320962],[126.69770128209838,36.34153119876716],[126.69698943081113,36.33965101092391],[126.69758124226311,36.33649756679656],[126.69566410395853,36.3343940708898],[126.69450329787603,36.3343091423936],[126.69320905511756,36.33421456711004],[126.68981633889145,36.335342653260746],[126.68403976307168,36.33115136209903],[126.67981953800765,36.33148280486981],[126.67981657467493,36.33148308564013],[126.67845226913252,36.33163795881195],[126.6787296874795,36.32775126289041],[126.684190902769,36.32233181212888],[126.68256751800676,36.30825732163107],[126.6943810649456,36.298525683116964],[126.69420576224232,36.268874137282886],[126.72009800714649,36.25518266322298],[126.72764528526055,36.25747032688553],[126.73269361423665,36.25683517517524],[126.7354228189656,36.25571479380118],[126.73630527134226,36.25506198770723],[126.7377713975919,36.25439074509926],[126.73833231111585,36.254163015675786],[126.73871513092082,36.25401121862885],[126.73871498707281,36.25400080501916],[126.73868660818337,36.252560250220625],[126.73844033530455,36.2513425407883],[126.73826109727825,36.25051475743578],[126.73805805876616,36.24978462849078],[126.73618221831775,36.24630611986557],[126.7355549839864,36.243081295986634],[126.73689500710302,36.24144100408848],[126.73231996081459,36.2372197188351],[126.73155323649907,36.23704173896592],[126.72937122576721,36.23765321681105],[126.72859827228068,36.23770243653095],[126.72789087867828,36.23753945396469],[126.72648069818858,36.237542701114144],[126.72539847313573,36.23784942460054],[126.71820222939633,36.234580152156504],[126.71833918866366,36.23183326507314],[126.71781750910951,36.230943232199],[126.71583383981232,36.22957574406513],[126.71504104862291,36.22888641273719],[126.7151755459283,36.22717503258616],[126.71541729387822,36.22665122718742],[126.71570154574871,36.22433078333288],[126.71576754374173,36.21994215215174],[126.71555755260984,36.218530439532046],[126.71391508270693,36.218278388480655],[126.71316570887068,36.21441132142879],[126.70817207885837,36.211139406480285],[126.70569502824335,36.20969618900175],[126.70403392429886,36.20891845329936],[126.70373856625886,36.20877296929325],[126.69884523656924,36.20360757023251],[126.69444183080608,36.19272796187413],[126.69205421331803,36.19009060548251],[126.69308954550121,36.18969686809474],[126.69448202173669,36.18902757851581],[126.69685173740967,36.18643601756967],[126.70049880063749,36.17947094917491],[126.71367061485392,36.1754505259735],[126.79564433308786,36.17919034052734],[126.79373729038986,36.13686795169031],[126.8710862735315,36.07157197088059],[126.88969655433385,36.13962232296884],[127.00637876535376,36.15012722797259],[126.98404884106358,36.207834999553384],[127.06590862901267,36.27714893238463],[126.99307354680008,36.29902195785632],[126.97729723617984,36.33514866270645]]]},"properties":{"name":"부여군","code":"34330"}},
{"type":"Feature","geometry":{"type":"Polygon","coordinates":[[[126.69205421331803,36.19009060548251],[126.6903830635708,36.189240000588555],[126.68705694500017,36.18865707928],[126.6854718144175,36.188969170343995],[126.68469173603384,36.188395967205786],[126.68336988076032,36.18735018582722],[126.68082928271656,36.182400064594084],[126.67531384250918,36.17995335264524],[126.67172526990954,36.177916102467414],[126.66740397945927,36.17615947088495],[126.66692904167058,36.17602155001841],[126.6651330315742,36.177070359563004],[126.66139651257309,36.17805731099071],[126.66080634491573,36.17821279357266],[126.660210409879,36.17821588187613],[126.65984299066439,36.17815343544305],[126.65869735647773,36.17783699537688],[126.65842875510523,36.1780153392918],[126.65818646176928,36.17817630112569],[126.6575072580342,36.17954754812237],[126.6580142290336,36.18085479763879],[126.65539812385539,36.18121829667714],[126.62885089629127,36.17339959641698],[126.62326014176602,36.17307593989513],[126.62146560620305,36.17443613730038],[126.61948862977957,36.17500774647685],[126.61937776157865,36.17498541224668],[126.61859080451042,36.17470634929738],[126.61858230910633,36.17470238400346],[126.61811565369453,36.174483197302116],[126.61745360478491,36.174163963996534],[126.61429691718835,36.17227815178922],[126.60809621155087,36.172853855981316],[126.60453131053319,36.17359486795258],[126.60169549180092,36.17500875285296],[126.60162513253567,36.17504343880764],[126.5997124127648,36.17538624886014],[126.59940993510263,36.1753719942055],[126.59931553249982,36.17535647450688],[126.59924645734897,36.17534413929652],[126.59805537544955,36.175018834172874],[126.59519253231512,36.17479863422005],[126.59416833795228,36.17452407659845],[126.58009319445334,36.177646127550595],[126.5651453519252,36.19214827141133],[126.5248816989152,36.18726696353118],[126.49421843726554,36.13333978698265],[126.56958705268453,36.14033923330415],[126.64467843802964,36.09394077824567],[126.61890672995884,36.07754791830178],[126.66804794241646,36.00424776140523],[126.73648271442015,36.00043190594954],[126.74804736847376,36.02575058501011],[126.74915507422287,36.02602441383702],[126.75665063389492,36.026294255018705],[126.761655257756,36.02602414108346],[126.76472289635122,36.02717648057638],[126.7669374707419,36.028529572309004],[126.76780911324384,36.02887936125713],[126.76971278613821,36.02964008031603],[126.79388024507645,36.03213892234716],[126.79959508901996,36.033026937049655],[126.80276852492501,36.03352283465495],[126.80582172022783,36.034360924448066],[126.80835206694762,36.03577318372919],[126.81216365969964,36.03933486423523],[126.81248523877576,36.039638397709595],[126.8141533888835,36.04130404570558],[126.82109756918992,36.04991852534551],[126.86505071866624,36.060710741211025],[126.8710862735315,36.07157197088059],[126.79373729038986,36.13686795169031],[126.79564433308786,36.17919034052734],[126.71367061485392,36.1754505259735],[126.70049880063749,36.17947094917491],[126.69685173740967,36.18643601756967],[126.69448202173669,36.18902757851581],[126.69308954550121,36.18969686809474],[126.69205421331803,36.19009060548251]]]},"properties":{"name":"서천군","code":"34340"}},
{"type":"Feature","geometry":{"type":"Polygon","coordinates":[[[126.899031714518,36.55961720584694],[126.84973472419914,36.5718119089504],[126.82471322104561,36.5287578435431],[126.7731913128953,36.534358775583016],[126.73654493643113,36.4723384036391],[126.71820889925677,36.482025656532],[126.70079661947725,36.4785601499606],[126.6904966104473,36.47033181503834],[126.68363007109319,36.46789042869751],[126.676812651743,36.4626840978259],[126.67544347439315,36.462208233278766],[126.67419034825645,36.46246533657833],[126.67281541222131,36.46198946252725],[126.67192967637882,36.461596010242225],[126.67487941538549,36.4600208990965],[126.6747749454838,36.4555461057086],[126.67548620785949,36.4538107964275],[126.6768472849174,36.45084406482229],[126.67741130057313,36.45038179167954],[126.67824227784975,36.44992868138485],[126.68138788859385,36.44826579408101],[126.68789750198681,36.44760607753933],[126.68866817969946,36.445955037235144],[126.68395338422783,36.43620080861971],[126.69129116738969,36.41045848285555],[126.70852050418083,36.402068244506594],[126.71567405070127,36.3936825027085],[126.71136822192572,36.38819190497643],[126.71516294765242,36.38302527872309],[126.72481680474893,36.37489359096516],[126.72485992920832,36.37542599250828],[126.7251594900673,36.37572777464725],[126.72671857494099,36.37649621820859],[126.73523552406395,36.37852715100572],[126.75357197266553,36.355607829980556],[126.79089078309865,36.351638944986334],[126.8486529696796,36.38704225019159],[126.86214586301324,36.32147695395597],[126.97729723617984,36.33514866270645],[127.02577513607014,36.39709830924297],[127.0202236008159,36.438536526935955],[126.97492629181959,36.46668189675521],[126.91545548251624,36.455653819317014],[126.8835727422493,36.51259836075751],[126.899031714518,36.55961720584694]]]},"properties":{"name":"청양군","code":"34350"}},
{"type":"Feature","geometry":{"type":"Polygon","coordinates":[[[126.7731913128953,36.534358775583016],[126.73759806569828,36.54611348645025],[126.77241923812889,36.594042398524444],[126.74543588378782,36.670676100442925],[126.62818128937816,36.649553482747415],[126.62344815719668,36.60906474950429],[126.58568514841295,36.61836083647294],[126.58897777373801,36.66350464668773],[126.45301969684935,36.62577876435872],[126.44066734822192,36.60033757367525],[126.48300096526555,36.514113121129306],[126.48592373406437,36.519260473962774],[126.50215324287493,36.53186699484572],[126.55611012669813,36.50637713584197],[126.55913874646421,36.52425696535969],[126.56164787992051,36.50826202614188],[126.56169191960234,36.50815699833347],[126.56309046475977,36.507018720245235],[126.56439458729042,36.50838991470172],[126.5645447583302,36.50844987720221],[126.56480134470581,36.50846151151968],[126.56500782955376,36.508449609738356],[126.56571219843097,36.50819394307985],[126.56587530895541,36.50781353466747],[126.56558605082151,36.50689331214802],[126.56499868155201,36.50615137093332],[126.5660653147867,36.50296240835229],[126.56672845723779,36.50271870948434],[126.57166838572614,36.501922757565566],[126.5725025108317,36.50218454855906],[126.57730910012822,36.504671993230836],[126.5801917348336,36.50517361170979],[126.58491700905073,36.50673820103422],[126.59000366946027,36.508890384869034],[126.5905793409613,36.50868149476381],[126.59072455855515,36.508628765155954],[126.59303649302974,36.50670601059497],[126.59270197682375,36.50348413118475],[126.59656903240409,36.49898568161366],[126.5977261148218,36.49284272327333],[126.59866692708432,36.491597755501076],[126.5988078177086,36.49143150196109],[126.59885149169948,36.4913834995043],[126.60022742095732,36.49016323109254],[126.60188364772017,36.48856438076049],[126.60188808085081,36.48855114873602],[126.60189355628206,36.48853427984151],[126.60187007703156,36.48849083799357],[126.6018123668881,36.48838447152229],[126.6004688703972,36.4860375408508],[126.60007770444318,36.485509342690634],[126.59859109380605,36.481154890280415],[126.5989844319461,36.4788642099524],[126.5989847076861,36.47886420842854],[126.60151983230777,36.479114020636075],[126.6017901932691,36.47914020246538],[126.6021397607227,36.47917722152157],[126.60287722097287,36.47933726192924],[126.61101827870871,36.482857106539306],[126.61472578386652,36.48610520269763],[126.61524669832937,36.49198990434969],[126.61864785682937,36.49503325906622],[126.61573405797931,36.49085314354703],[126.61702078218507,36.4890933806342],[126.61595237152765,36.486617590498774],[126.61468279496422,36.484772194985766],[126.6164884566197,36.4835131372842],[126.61698831208822,36.48265106108928],[126.61698432796098,36.48263757596751],[126.61685692194708,36.48220659712625],[126.61753010770701,36.48162264875465],[126.61923359562347,36.48020133730704],[126.62283733135374,36.47782456464913],[126.6317475042274,36.476169244003984],[126.63421132221436,36.46661677236737],[126.63840860930082,36.46530812937095],[126.65288513137621,36.46742214268266],[126.65835700319009,36.45973364832928],[126.67192967637882,36.461596010242225],[126.67281541222131,36.46198946252725],[126.67419034825645,36.46246533657833],[126.67544347439315,36.462208233278766],[126.676812651743,36.4626840978259],[126.68363007109319,36.46789042869751],[126.6904966104473,36.47033181503834],[126.70079661947725,36.4785601499606],[126.71820889925677,36.482025656532],[126.73654493643113,36.4723384036391],[126.7731913128953,36.534358775583016]]]},"properties":{"name":"홍성군","code":"34360"}},
{"type":"Feature","geometry":{"type":"Polygon","coordinates":[[[126.83524403495547,36.786173908303155],[126.83427107501062,36.78624209074469],[126.8335137153128,36.786288621489724],[126.83248667515049,36.78629983686409],[126.82944849060749,36.784521261711134],[126.82335411424775,36.78384985949534],[126.82253590819438,36.784626686960294],[126.82244326985914,36.7847149655232],[126.82101119394122,36.786074608182716],[126.82098047222854,36.7860535117877],[126.81924084132648,36.784859073152845],[126.81689831926853,36.787076400577966],[126.81443702478819,36.78581522403847],[126.8143561199415,36.78575822012822],[126.81432256679852,36.785730853193684],[126.81430331565521,36.785230141422765],[126.81508267216549,36.78448006671024],[126.81896384477672,36.78082731130075],[126.81968185945682,36.780153146501476],[126.82050827087501,36.77937917579297],[126.8215600950331,36.780107009447605],[126.82178483500591,36.78026024802235],[126.8225928213372,36.779496939147265],[126.82331834566239,36.77881121286837],[126.82486444803932,36.777337106937395],[126.8232879797181,36.776123892285646],[126.82311271294732,36.77607350060104],[126.8223782679474,36.77586683542502],[126.82140092867101,36.77586648738693],[126.82037384511693,36.77558980598634],[126.81759275023694,36.77476328246341],[126.81372506200091,36.77341909617996],[126.81264684643558,36.77281871614612],[126.81192944479153,36.7718187542702],[126.81170042047124,36.77150919171864],[126.81149280684242,36.77124247458453],[126.81130333517763,36.771001395037125],[126.81095682515264,36.77057535481652],[126.81072874681803,36.770302404104264],[126.81039405066358,36.77004730407829],[126.80934581899014,36.770226675111104],[126.80871158341891,36.7704337507804],[126.80803037052617,36.77066721316786],[126.80606385566598,36.771866142123365],[126.8052044053074,36.772532674621836],[126.80477391998767,36.77340293918136],[126.8046584293105,36.77359790050893],[126.80458636433437,36.773719421349426],[126.80450880505387,36.77379814123051],[126.80446861198664,36.77383890276859],[126.80412873761887,36.77417767002742],[126.8039320796801,36.77435841216426],[126.80377389487586,36.77448063831439],[126.8022142685454,36.77536451003256],[126.80210768762883,36.775424309549635],[126.8006643836827,36.77504650626587],[126.80081939917716,36.766338398458664],[126.78732147792118,36.76367067942232],[126.77575079718704,36.75377865164143],[126.77369759769151,36.75059391903204],[126.77305469903841,36.74997147971086],[126.77200211278125,36.749262082341055],[126.76780489166957,36.756360580031284],[126.76578335280684,36.75830017931608],[126.76523455528041,36.7588265191426],[126.76438205214843,36.75825008741962],[126.76429579804754,36.758191622786555],[126.76393548670582,36.758535018875094],[126.7632113651959,36.75922630050827],[126.76236347763131,36.76003813037365],[126.75951753324223,36.76285735591215],[126.7591765479039,36.76321870984966],[126.75909879339761,36.76329354063342],[126.75893414308548,36.76340133911853],[126.75431732158772,36.765603501106575],[126.75304686501315,36.76591172823997],[126.74990643779894,36.76634696207099],[126.7474334387012,36.766886309852204],[126.74729943571303,36.76692488820862],[126.74678684223893,36.7674540313868],[126.74515171803665,36.770942035425115],[126.74470897571312,36.77192497217336],[126.74353977048115,36.77796324141947],[126.72793662317127,36.79598202480694],[126.72491384706196,36.79852037358323],[126.72480421942385,36.798573057381496],[126.7246850233133,36.79861952900879],[126.72316029986794,36.7991946512514],[126.72234921655534,36.79884300456631],[126.72195491063952,36.798804349665865],[126.72170147922652,36.79877953321344],[126.71935812349268,36.799627792640926],[126.71353724856492,36.80351592374276],[126.69625299755664,36.80051773959957],[126.69512947088934,36.79876755918269],[126.69521893097111,36.798240932723786],[126.69543906348534,36.79720945779409],[126.69670094868653,36.79704457946999],[126.69692317170113,36.79725296084477],[126.69711388839664,36.796927087540915],[126.69712234906748,36.796912465466875],[126.69713513405664,36.796864344103504],[126.6972446172818,36.79644983800657],[126.69747615194728,36.79483604029475],[126.69745328208674,36.79304729200349],[126.6940484474111,36.78490354557605],[126.69158369198438,36.7842351181273],[126.68386849359017,36.78211351075794],[126.67956066058179,36.78360930853528],[126.67719577940646,36.783959099858315],[126.6760020553061,36.783859827111236],[126.6689831311079,36.78063303469949],[126.66849491503113,36.778947459007924],[126.66859392130516,36.77831188993426],[126.66724679271255,36.77410078963345],[126.66502097934371,36.770918128012845],[126.6625440734948,36.77010968039941],[126.66023578360885,36.770915482679904],[126.65972871706514,36.771242364811144],[126.65854739126863,36.773046249999986],[126.65674223301306,36.77559171808831],[126.65550189432,36.77542395412474],[126.65362104952783,36.77491380561634],[126.65341065210308,36.77396283103498],[126.65034538966958,36.77181408652563],[126.64916477798369,36.77006572232712],[126.65130365482675,36.766476182323366],[126.6475272568886,36.76107561641167],[126.65316297157487,36.75050393020099],[126.60880547706131,36.732959500861945],[126.58897777373801,36.66350464668773],[126.58568514841295,36.61836083647294],[126.62344815719668,36.60906474950429],[126.62818128937816,36.649553482747415],[126.74543588378782,36.670676100442925],[126.77241923812889,36.594042398524444],[126.73759806569828,36.54611348645025],[126.7731913128953,36.534358775583016],[126.82471322104561,36.5287578435431],[126.84973472419914,36.5718119089504],[126.899031714518,36.55961720584694],[126.96766591509957,36.67924702052143],[126.86681395406833,36.72944661188062],[126.83087476899448,36.7620813705821],[126.82913476187674,36.77320051463882],[126.83182816819325,36.77607357775553],[126.83331419957197,36.783733979611256],[126.8343753369459,36.785177246201584],[126.83524387846413,36.786173730742796],[126.83524403495547,36.786173908303155]]]},"properties":{"name":"예산군","code":"34370"}},
{"type":"Feature","geometry":{"type":"MultiPolygon","coordinates":[[[[126.37484215051337,36.596558970734726],[126.35917518628055,36.6124508596509],[126.31162203265066,36.58542421605928],[126.33030892052584,36.44130369456541],[126.42688840167338,36.39918400361735],[126.35881991722297,36.57215022541021],[126.37484215051337,36.596558970734726]]],[[[126.14146093192151,36.72420451888476],[126.14081930746694,36.75404073904534],[126.21144811006127,36.741074443068854],[126.21771277573181,36.710812052933086],[126.1468370892443,36.702821210212],[126.19624839506126,36.674319715159704],[126.2794203635566,36.729895369423964],[126.29220761107766,36.58481191963145],[126.30688945363427,36.59544586750416],[126.31397000053151,36.58838994069749],[126.33540576155929,36.61867239414615],[126.35369539410979,36.618691811463805],[126.36019432162594,36.62489326606732],[126.36019389570626,36.62489511891825],[126.36016516079044,36.62502025334053],[126.36002362307333,36.62558791668465],[126.35420279031253,36.64890592211644],[126.35152007641018,36.65964779075895],[126.34730871008222,36.68024445353653],[126.34617482337684,36.73070773345271],[126.34377829987208,36.74098992348783],[126.3389703215314,36.73986543228805],[126.33748362483475,36.7415086055045],[126.33710837922567,36.74215169818839],[126.33704171846085,36.742468152802864],[126.33701109620198,36.742851577517996],[126.33703068820225,36.74313751653084],[126.33712040344658,36.74391314060586],[126.3398400800507,36.745310312883895],[126.34325217769127,36.74649750814764],[126.34333417938525,36.74654526775404],[126.34336776369982,36.74658555276228],[126.34608407476821,36.75491946377238],[126.34746695265906,36.75620124029959],[126.35058714892169,36.767524855769466],[126.3484932101254,36.776220305521456],[126.3484682645124,36.77634460141239],[126.34832779165485,36.77812363135338],[126.34831975936756,36.7782582930225],[126.34857546805434,36.77882297607633],[126.34905218572963,36.779868183345904],[126.34944686810499,36.780445901128516],[126.35263299996481,36.782837133693526],[126.3550618231635,36.788110227354004],[126.35513006479752,36.79029459741048],[126.34900971250259,36.79970661556716],[126.34196378185146,36.80617386584712],[126.33805861679048,36.81155866828764],[126.33566317793593,36.8142485438548],[126.33511524591032,36.81486021390584],[126.33497935610121,36.81501163669244],[126.3224517027202,36.8198223373571],[126.29114875263,36.79801722976846],[126.2807749393285,36.81778601630112],[126.33072794195148,36.89111646675809],[126.3047225964786,36.978473764990056],[126.2924828699524,36.901088934924516],[126.24777597742597,36.91400275571505],[126.17824057629623,36.886042181681596],[126.18397001704209,36.812914489985516],[126.14913486263434,36.84571598121638],[126.14582780218511,36.79110016747676],[126.11159693387202,36.77279219759472],[126.12011593666166,36.70784861968008],[126.14146093192151,36.72420451888476]]]]},"properties":{"name":"태안군","code":"34380"}},
{"type":"Feature","geometry":{"type":"Polygon","coordinates":[[[127.21701155867875,35.801651168626876],[127.05860322145597,35.838400602276465],[127.05859921661714,35.83305080323015],[127.05858054465929,35.83298606569782],[127.05598233038263,35.83287290328111],[127.05453385984573,35.83298095507046],[127.05450561596305,35.83298439190836],[127.05393961164079,35.83305335209769],[127.05333017334824,35.83315230347693],[127.05215266517652,35.83326803043428],[127.05175208935495,35.83304979887125],[127.05051462530614,35.828932117746405],[127.05049164473614,35.82808060227491],[127.0505024065717,35.82783744905069],[127.05053928573595,35.82770300341464],[127.05061840822232,35.82754693638443],[127.05098421851264,35.82716767377729],[127.051213216337,35.82705328324548],[127.05512727722079,35.825859356884905],[127.06548793249095,35.82487592762071],[127.06922396698396,35.81474414700581],[127.06512699529485,35.802012848252694],[127.06468034864005,35.79441519228142],[127.06509157374575,35.7909759680311],[127.06579906756068,35.790329939021774],[127.06544203749256,35.78616037903986],[127.07415945586673,35.775242990019954],[127.05041797272311,35.75559578722978],[127.08513886877897,35.72857463236245],[127.08598374652547,35.73019779857921],[127.08753807574742,35.73240339762132],[127.09137049122891,35.736167045679444],[127.09449055745841,35.73663840778115],[127.09460057439446,35.736625081908336],[127.09492228106285,35.73686746239988],[127.09546616734698,35.73728529024795],[127.09572946621935,35.73748842813409],[127.09597768776867,35.73896167045323],[127.09553524369747,35.741540199242124],[127.09569468726191,35.74476660551508],[127.10258838880486,35.75249873988192],[127.10454052219262,35.75254009123712],[127.11433862563585,35.7502489801349],[127.1155570694397,35.74953865201555],[127.11587489106222,35.749265158314905],[127.1308361835858,35.75576374447716],[127.13304497837835,35.75787086362713],[127.13659908383143,35.76099163133795],[127.14002325561351,35.76106195415501],[127.14147153965908,35.7608128528391],[127.14181409778965,35.76068303321686],[127.14380704857618,35.76000389671614],[127.14641434225867,35.75951649785386],[127.14643399589261,35.760354783801795],[127.145660062376,35.76155680134917],[127.14631461511676,35.76397618353329],[127.15020017916216,35.76744819486939],[127.15039700702884,35.77459368440319],[127.16185006802633,35.78341298283422],[127.19881526296788,35.774771412942286],[127.2018255811931,35.78512752824346],[127.2012369540559,35.785892892019255],[127.20113421442375,35.78600191699821],[127.20108974480101,35.78604790102607],[127.20059716805466,35.78645794176312],[127.21701155867875,35.801651168626876]]]},"properties":{"name":"전주시완산구","code":"35011"}},
{"type":"Feature","geometry":{"type":"Polygon","coordinates":[[[127.21701155867875,35.801651168626876],[127.22805891997488,35.808488700611875],[127.23095626413458,35.81975943710396],[127.23385302164444,35.82081354649005],[127.23428937480065,35.82120559418374],[127.23415565961322,35.821981913660885],[127.2324581717788,35.82193364444302],[127.22974064840469,35.82194996671558],[127.22909812099644,35.822069753706394],[127.22698761067787,35.822188496691794],[127.22661799922139,35.82208822349591],[127.22266907491596,35.82050118449655],[127.21918598967584,35.81976133299185],[127.21028318364694,35.82553923360143],[127.20777963582529,35.82917743103075],[127.20862514250875,35.83160752545318],[127.20928668609325,35.832173044983016],[127.20993686217922,35.832887432568036],[127.21012342123093,35.84086584285371],[127.19653567798056,35.86031466661824],[127.18467822469245,35.85420779343935],[127.18385062483921,35.85440310965099],[127.18206485091557,35.85472617424453],[127.18148890704116,35.85475647219647],[127.17792968391214,35.853339330469055],[127.17482883926259,35.85353492627981],[127.17421040224876,35.85359130585533],[127.17425657812794,35.853903152512125],[127.17239609140714,35.85408606417716],[127.17118070930867,35.85398414226719],[127.16840378677989,35.85363810539166],[127.15975628118638,35.871450976125395],[127.15498557902842,35.8769187255295],[127.15402073603752,35.8777009424598],[127.153188936293,35.87830976345067],[127.15129943421732,35.87912664406268],[127.15113612739073,35.8796985697067],[127.15096508659704,35.88130553195087],[127.15072670872641,35.88309789887902],[127.15059057133578,35.88403845390865],[127.14994406445088,35.8868088938504],[127.1451917185995,35.89594088976039],[127.14373297811468,35.8967399460682],[127.1433906000046,35.896811323354406],[127.14308368236412,35.896873078542896],[127.14159286425982,35.89716519987477],[127.13980795628285,35.89833804561463],[127.13697833358015,35.90196284811751],[127.11881989923033,35.902740747227746],[127.11156947106939,35.89827177571116],[127.08681654167867,35.89175001699619],[127.08008782757244,35.89767662302018],[127.06150154749442,35.900254212834284],[127.06130199254495,35.90024979647677],[127.06109323575363,35.900218069118004],[127.06101603070819,35.900206282498786],[127.06070860783973,35.90014053519711],[127.06024061359672,35.89992079991756],[127.06011834169398,35.8998096192704],[127.05990410377329,35.89961370353116],[127.05961764922095,35.899134768757065],[127.05946667565746,35.89857466508271],[127.0589275394011,35.89544958368448],[127.05825416336592,35.89475820027699],[127.05576510290938,35.89318161700542],[127.05368407335116,35.892433091397095],[127.05174082148113,35.89223198828872],[127.05037448052961,35.89218805797134],[127.0500166036177,35.89219580040755],[127.0495734278689,35.892251468427375],[127.04895967568633,35.89240406749187],[127.04776655336022,35.89291768448518],[127.0463520505488,35.89399943440898],[127.04428640179994,35.89600179728486],[127.0437898366098,35.89660157924672],[127.04359582046574,35.89688975650249],[127.04351093973412,35.897076234788685],[127.04345706011382,35.89729987944415],[127.04349768788703,35.89754968174561],[127.04343422297414,35.897662349762015],[127.0430546855002,35.8980018628388],[127.04257107539051,35.898253250780094],[127.04041414307409,35.89839309476458],[127.03831259890802,35.897811051719295],[126.99784372026224,35.88417881752897],[127.00641289909065,35.86600656153004],[127.00749387901692,35.86592880041095],[127.00754646931863,35.865924854187796],[127.0109907652749,35.86446798451903],[127.01436725458117,35.86158817998823],[127.0167811740154,35.860522449434576],[127.0230114497266,35.86507421412162],[127.02400499668296,35.86690299636081],[127.02402852111993,35.86693340872407],[127.02693812565295,35.86753441883962],[127.02700608840578,35.86636249389969],[127.02695651429323,35.86603608185284],[127.02638695492826,35.86425032439356],[127.02734096042775,35.862391007869284],[127.02792980575953,35.86181972339818],[127.02827570845206,35.86153631169925],[127.02823624250647,35.860463836544646],[127.0272715449717,35.857996174902965],[127.02720318012638,35.85788958851354],[127.02704138721342,35.85771895391135],[127.02701421138023,35.85768839879359],[127.02696367451406,35.85763151315741],[127.02684164901449,35.857387209527175],[127.0269042884336,35.85689631342841],[127.02702891195382,35.85658605104709],[127.0316290155925,35.852019450924345],[127.0339209478617,35.85043702412105],[127.03435470802143,35.8503133985968],[127.03668939757607,35.85063029342756],[127.03785713610836,35.851057615394154],[127.04100727558644,35.85210488225688],[127.04511749692838,35.85315468628101],[127.04691922042429,35.85319189764503],[127.04789168835596,35.85319336432585],[127.04807378806488,35.853118931024405],[127.0495213040584,35.85236525796093],[127.04967831990061,35.85212292091074],[127.05052037277254,35.85066260890088],[127.05270852594411,35.84667739326059],[127.05356318817442,35.844324376897816],[127.0545115526682,35.84223496714292],[127.0557735188071,35.839593612434754],[127.05765680576442,35.83958631738061],[127.05860322145597,35.838400602276465],[127.21701155867875,35.801651168626876]]]},"properties":{"name":"전주시덕진구","code":"35012"}},
{"type":"Feature","geometry":{"type":"MultiPolygon","coordinates":[[[[126.40473524376985,35.83195600687911],[126.4022658379207,35.80424533847064],[126.42583312661215,35.81815491756705],[126.40473524376985,35.83195600687911]]],[[[126.88288884862335,36.02682089886649],[126.86505071978621,36.060710741370855],[126.86505053609658,36.060710660608216],[126.86435787595806,36.06040683640851],[126.86385826348011,36.06018913317884],[126.84054121505093,36.05296415517284],[126.82109757065435,36.04991852500497],[126.81415338902032,36.04130404580919],[126.81248523977452,36.03963839755049],[126.81216366009751,36.03933486510545],[126.80835206726512,36.035773184362995],[126.80582172037677,36.03436092538641],[126.80276852491582,36.03352283557742],[126.79959509050877,36.03302693674826],[126.79388024657436,36.03213892212072],[126.76971278727747,36.02964008043108],[126.76780911316308,36.028879360970315],[126.76693747063663,36.028529572442885],[126.76472289623717,36.0271764811874],[126.76165525780857,36.0260241412597],[126.75665063532804,36.026294255686864],[126.74915507523737,36.02602441440932],[126.74804736966662,36.0257505848334],[126.73600478024828,35.985528121948875],[126.51281876764412,35.974942552140206],[126.53266143932056,35.93729132425831],[126.49654616317156,35.84708529112591],[126.44386626278052,35.812603379754826],[126.49835253051909,35.83544175362774],[126.53442277921177,35.934010540165666],[126.58827331933999,35.90272311073012],[126.58803653824388,35.94780780511114],[126.6174677545186,35.93992142299274],[126.61287786572356,35.88605350356058],[126.67455092429782,35.889154834060086],[126.6764944272745,35.86986193402828],[126.67649448066373,35.86986193604512],[126.68522936496127,35.87048788331377],[126.69076411726667,35.8709019254141],[126.69232760069396,35.87108005044781],[126.69629809875335,35.87153231601983],[126.70183199779858,35.87220766733385],[126.7073645826669,35.873265094869566],[126.71665181600208,35.87399615275169],[126.75717442897975,35.879542893355385],[126.76271826936745,35.87726573209498],[126.76825894882133,35.87595994767944],[126.77896261762453,35.87684326196698],[126.79039948534682,35.877781541035574],[126.79038713945712,35.88320215153112],[126.7903539081223,35.89572000285498],[126.8431965283311,35.917672115733126],[126.84839475263901,35.91770363819498],[126.85140742793887,35.9169091748556],[126.85659223435613,35.918858948118526],[126.85963935232488,35.917493246833416],[126.87867325254581,35.93450313355792],[126.88124615732686,35.93847850865272],[126.88182873206686,35.93946087904505],[126.88300118691419,35.94799418170331],[126.88426386191142,35.948813571832446],[126.88810654170601,35.951285239396356],[126.89028775419472,35.95266381266653],[126.89133098285191,35.95338980291529],[126.89216789647661,35.95398453446285],[126.89367001464745,35.955126242236226],[126.89270551948232,35.957082473504755],[126.8911264208044,35.95834698598276],[126.88509242007133,35.960817406829506],[126.90297819841243,35.97212585395521],[126.90228513556092,35.97837281079276],[126.90878508881691,35.98139045190416],[126.91317319761401,35.99087993496876],[126.9151412915992,35.99670741019519],[126.91540195447817,36.00052328914635],[126.91494848078496,36.00428178752558],[126.91396451883922,36.00502640913934],[126.90815881557133,36.00676084125233],[126.9027188354977,36.007573502853774],[126.90112677711599,36.00786423412539],[126.88288884862335,36.02682089886649]]]]},"properties":{"name":"군산시","code":"35020"}},
{"type":"Feature","geometry":{"type":"Polygon","coordinates":[[[127.00637876535376,36.15012722797259],[126.88969655433385,36.13962232296884],[126.8710862735315,36.07157197088059],[126.86505071866624,36.060710741211025],[126.86582869268383,36.056509307623436],[126.86471710925869,36.056090943550046],[126.86853562774046,36.04585682990327],[126.87295912181236,36.04350383538837],[126.8704379333773,36.03309385309486],[126.90112677682615,36.007864234046636],[126.90271883529715,36.00757350314879],[126.90815881513882,36.00676084155589],[126.91396451839148,36.00502640945606],[126.91494848044911,36.00428178780851],[126.91484143134996,36.003777998736695],[126.91540195424058,36.00052328918411],[126.91514129128144,35.99670741023344],[126.88509241980404,35.96081740666191],[126.89112642049571,35.958346985847534],[126.89270551938918,35.95708247378269],[126.89367001465989,35.95512624216515],[126.89216789630251,35.95398453428606],[126.8913309828989,35.953389803000235],[126.89028775425568,35.95266381276387],[126.88810654149339,35.95128523944123],[126.88426386165038,35.948813571696576],[126.88300118694542,35.947994181582146],[126.88182873216867,35.939460878482265],[126.8812461573509,35.93847850806488],[126.87867325224207,35.93450313390606],[126.85963935197084,35.91749324710994],[126.85659223389685,35.918858948425296],[126.85140742767523,35.91690917505861],[126.85140754804179,35.91690746449337],[126.8517066677241,35.91289688055783],[126.85312172493049,35.90959700715416],[126.86080643145266,35.90565515186178],[126.89285519083509,35.91414768146824],[126.90995267786211,35.90314510082926],[126.95601981470865,35.91653058323314],[126.99784372026224,35.88417881752897],[127.03831259890802,35.897811051719295],[127.03250644343517,35.90611736503785],[127.03639333537878,35.90906193663399],[127.02870647373679,35.91735704160471],[127.04076491509146,35.92560201219149],[127.0924703710705,35.93136130859101],[127.1063151246583,35.95941421301998],[127.10449356391699,35.964067552403236],[127.10421910670178,35.9661338649355],[127.10409541795975,35.96853941269827],[127.10468044416908,35.97030729926723],[127.10477801268094,35.97060152166881],[127.10577442185395,35.97263070180741],[127.10684825079858,35.97813204868941],[127.10686110492654,35.97841958475383],[127.10688523802096,35.97884933144293],[127.10808024761101,35.98254219300471],[127.1095801388521,35.9860987445311],[127.10971666216545,35.98812469141456],[127.10842489852661,35.98975650838947],[127.10773620311817,35.99304153726203],[127.10748615790293,35.9951033181683],[127.10746436059223,35.99538919827319],[127.10825576784083,35.9959157145447],[127.1096155373173,35.99680051226449],[127.11326678466233,35.99887196858871],[127.12034612671314,36.00234136492359],[127.12284254181387,36.00519265311067],[127.12416686112675,36.00542194885434],[127.1254309180085,36.00535343857904],[127.12532255387134,36.006256372747295],[127.12551094161304,36.01167733767859],[127.12238926861396,36.01530767621651],[127.12216824403846,36.017107526472685],[127.12115435416841,36.02038702603342],[127.1158013846163,36.024097410056854],[127.11646258442293,36.02497209072745],[127.11823856672916,36.02615830552858],[127.11636800537485,36.03053174106383],[127.13972196744692,36.05697470451729],[127.13102863377055,36.0657752935174],[127.06114886249783,36.08899848802393],[127.0448388653308,36.146086019375836],[127.00637876535376,36.15012722797259]]]},"properties":{"name":"익산시","code":"35030"}},
{"type":"Feature","geometry":{"type":"Polygon","coordinates":[[[127.06376818384697,35.6773835224776],[127.06346032153756,35.67682211981876],[127.06233599607286,35.67401605519486],[127.06152896631441,35.67170665898418],[127.061102385797,35.670832208050875],[127.06064190124785,35.670305468612185],[127.05927624939034,35.67051215469087],[127.05794153104499,35.67028634153323],[127.05675823753504,35.66966036781896],[127.05602932973636,35.66872618533315],[127.05471285759623,35.668889570802186],[127.05087016443818,35.67040958295553],[127.04942575373383,35.670243421693336],[127.04799379676484,35.66952873874338],[127.04766059799287,35.66930565634164],[127.04757529802455,35.66922753022724],[127.04754450775184,35.669101931850015],[127.0477058795917,35.6683768681901],[127.04737498184569,35.6677433184446],[127.04061422586452,35.66666868879135],[127.03819536971933,35.66685195910657],[127.0369430428017,35.667298611157996],[127.03641396145349,35.667730676500184],[127.0361697979081,35.66781129446089],[127.03475207388034,35.668158263360574],[127.03071476150483,35.66616462111351],[127.02913887561998,35.666572867414864],[127.027032176636,35.66780484954728],[127.02536666670888,35.668404684876045],[127.02387370444575,35.66832596557281],[127.02177547570093,35.66944152510867],[127.01630396729723,35.67629245436497],[127.01464858949173,35.67706717650161],[127.01418411559608,35.67692063426695],[127.01355915841387,35.676945060876506],[127.01079115756777,35.67744791333668],[127.01037401424513,35.677655372819906],[127.00990189493417,35.67860639801875],[127.00834354678312,35.6794814403627],[127.00807274592034,35.67947187481029],[127.00467013810743,35.680022216056386],[127.00245718138261,35.685423714745426],[127.0006419410196,35.68585182357428],[126.99890216168117,35.68599008377089],[126.99681799817304,35.6867955358622],[126.99401017621105,35.689357547228006],[126.99355202680644,35.68947637821022],[126.99160676832285,35.68945032292068],[126.99219197980725,35.701604465896544],[126.98868721619036,35.706135436129344],[126.98645275236477,35.70676381682884],[126.98171933750557,35.713266795868776],[126.98154652988397,35.714077062257154],[126.98149522938947,35.71416971407162],[126.98144600120796,35.714239419220704],[126.98124044323592,35.714523419814256],[126.97826460839711,35.71619545351601],[126.97612278061776,35.71702770611688],[126.97420564279993,35.71769204018843],[126.97184249907284,35.718596353994556],[126.97098699754478,35.71914224654779],[126.96982494533803,35.72014150917724],[126.9676562478192,35.72120709470472],[126.95274416138201,35.72466877031602],[126.95092521025045,35.72429583178834],[126.95033938082967,35.72410744469908],[126.94846583450962,35.72251448117717],[126.94819368871599,35.722406483380176],[126.94769571289679,35.722208865805534],[126.945930021406,35.72150814212135],[126.94361016645801,35.72095572415313],[126.9432686250959,35.72185527851561],[126.94301681393434,35.72213820911707],[126.94272210203664,35.722264252781635],[126.93938624970619,35.72246451805927],[126.9358648789762,35.72226746132048],[126.93610783576428,35.72002315651573],[126.93600254114558,35.71997408750415],[126.93555937266377,35.71983344631388],[126.93460937465693,35.7205216907005],[126.93245037078134,35.72238779423226],[126.93027056029435,35.72670952160776],[126.92912134375153,35.72907550428434],[126.92871774759674,35.73000103699816],[126.92860230968559,35.732035013882516],[126.9253204096278,35.73659916352205],[126.92046652804753,35.74153029325493],[126.91572295240267,35.74490872914356],[126.90793211338757,35.74689838242125],[126.90022667236849,35.75066530839567],[126.89931478552897,35.751515713740204],[126.897788355369,35.75269351407342],[126.89679655096232,35.75331523039654],[126.8966118140417,35.75336055681894],[126.89419121638184,35.752688810409886],[126.88967947973444,35.75356470894954],[126.88663976771834,35.754541401452244],[126.88629989599005,35.75445644745504],[126.88625292993875,35.754315436729115],[126.88625287482475,35.754314877341066],[126.88631175428863,35.75409876486474],[126.88680090239019,35.753695916744874],[126.88699170860001,35.753639768436685],[126.8880829080212,35.75347998980579],[126.88807353140545,35.752786991145285],[126.88347317849544,35.752822699608146],[126.88210826029294,35.75812219144695],[126.87987864245439,35.75855890120046],[126.87537808270783,35.75872818658574],[126.8735006586315,35.758575664712694],[126.87313877260769,35.75850531247855],[126.87285338030387,35.7576592890938],[126.87501630367912,35.75242289835097],[126.87844482978315,35.75197723380266],[126.87961774817349,35.75124164368585],[126.88075543173929,35.75014465376275],[126.88221229441032,35.74837118326611],[126.88221068940841,35.74830615459137],[126.88209110045814,35.7434607073114],[126.88179836632848,35.74132258730592],[126.87909931797549,35.737881547846584],[126.87846900433377,35.73723086760722],[126.87340254294539,35.732566868836784],[126.8704524623375,35.73096972054408],[126.87002822267723,35.73079153724565],[126.8697590275232,35.73065084349355],[126.86727791994885,35.72754408213986],[126.84283513334609,35.726710527069855],[126.84262993752509,35.72663758894212],[126.83971512663118,35.72500353859938],[126.83886129809278,35.7243822022623],[126.83761730627074,35.72365696892735],[126.8359904185848,35.72278952481683],[126.83130097889199,35.72042941395078],[126.82819871642803,35.71912561114711],[126.82790217664116,35.71896482030647],[126.82988135938199,35.71543008440588],[126.82634383075525,35.712009663745135],[126.83199262817294,35.70518653272838],[126.83403612333491,35.70454217229784],[126.83443741450084,35.704268680531236],[126.83482120145179,35.70378266860463],[126.83482763039795,35.70359635936335],[126.8348298317586,35.703532290181535],[126.83483542634268,35.70333360381678],[126.83477194476215,35.70302905214782],[126.833474025139,35.700860815944885],[126.83666074840156,35.699163088159],[126.839775405311,35.69820576249956],[126.8409051367264,35.69765972545623],[126.84060027018525,35.69582737096128],[126.83921138437327,35.6958249423537],[126.83796205726424,35.69707404779303],[126.83640229286064,35.69221603195731],[126.83616287596124,35.69145272086227],[126.83490329083959,35.68768647527492],[126.8345875688176,35.68703317340531],[126.83252670658838,35.68608086847178],[126.82967964550983,35.68499625609574],[126.82880366872364,35.68437781414971],[126.82792407638154,35.682576814723596],[126.82742803830449,35.681483599566256],[126.82731604669301,35.68019784997452],[126.8270986751674,35.67999460500624],[126.82707258916943,35.67999667694077],[126.82651638324263,35.68004135654759],[126.81917913130242,35.68065812992969],[126.81878398474429,35.68069203170002],[126.81891675894735,35.68173418690449],[126.8157558057028,35.683470641561584],[126.81421935988556,35.683321940453595],[126.8057856005434,35.67578923446398],[126.79800133186387,35.684844376759564],[126.79191301644369,35.67797288940274],[126.78982493837194,35.676235689839544],[126.7896486790807,35.676122874162346],[126.78903280789284,35.67575366047417],[126.78896624837327,35.676000414079915],[126.788905229093,35.6760298775197],[126.78852100958741,35.67617171727697],[126.78711485014274,35.67528765924397],[126.78345594534456,35.67580073723253],[126.77876787511747,35.67865101946313],[126.77720736640123,35.67960250054812],[126.77801009090744,35.68047934553006],[126.77803209799264,35.68050111823969],[126.77728475625618,35.682163125820566],[126.77544902986008,35.683274715136484],[126.77509960404151,35.68348331659282],[126.77297936643822,35.68358057008497],[126.76498761974648,35.67317597473645],[126.76484098182804,35.666861562535026],[126.76527880041759,35.664467568484525],[126.76527886844461,35.66446713580898],[126.76321797219185,35.661971753689386],[126.76224605092466,35.661932369219095],[126.76189515376193,35.6620175821572],[126.76068851683176,35.66231144381054],[126.75600277244423,35.66502061082721],[126.75534563373701,35.66687829513889],[126.75419530889367,35.66714364333652],[126.75173406456902,35.66770651190801],[126.75155309694703,35.66774176398725],[126.75018634226038,35.6634930746618],[126.74609997307282,35.66526464314545],[126.74571014680627,35.66547772488858],[126.7447104888715,35.66603031302563],[126.74399756491354,35.66642658583593],[126.73784627416676,35.65031368495288],[126.72845418219744,35.649332624310944],[126.72683046028226,35.64819712917735],[126.7228442910389,35.63202269352388],[126.72208314581238,35.6318232211846],[126.72130664005655,35.631555117792324],[126.72123694294102,35.631508765580755],[126.72060108722978,35.63097581705573],[126.7202550738272,35.63023497015419],[126.72076994433495,35.628787357799176],[126.72152057310866,35.62692120156649],[126.7220854816931,35.625924063419724],[126.72224588894822,35.625873315198355],[126.72246517871713,35.62441838978382],[126.72214781099328,35.616899151534064],[126.72099853476789,35.615296709849595],[126.71996837902157,35.61049877828234],[126.71996830920251,35.61049819560372],[126.71996005152776,35.61039481782834],[126.7223555864891,35.60102085375991],[126.7223555192855,35.601020278252626],[126.72161285316103,35.59775463529908],[126.72141682531883,35.59715595026376],[126.7213805977235,35.59643781146776],[126.72157192643617,35.59486931812099],[126.72441732650935,35.591813629657274],[126.7242518359427,35.58363688580305],[126.71820378029268,35.58370479834343],[126.71760885979498,35.58321486582998],[126.7166213434822,35.58162599229943],[126.71646641494625,35.581365803000956],[126.71558082550695,35.57962943067466],[126.71552770955509,35.57949143507178],[126.7155276397426,35.579490857340836],[126.71552336532295,35.579383676201935],[126.71576885036653,35.575400141592326],[126.71579017224187,35.57526767555045],[126.7181261512285,35.57327414968691],[126.73971387496111,35.568345046618305],[126.75439316681083,35.57432564903242],[126.76936939942678,35.56077000572227],[126.77262050122673,35.46789771461694],[126.82334269157165,35.48691382643168],[126.86909811711128,35.46152930877159],[126.86183346032264,35.480485800453195],[126.93585838787399,35.481959836077145],[126.93110396809442,35.52477465626093],[126.97506870263562,35.55612685591816],[127.05430560619281,35.50937444303918],[127.10950201478525,35.50929675338962],[127.09295365787398,35.62176246170625],[127.06376818384697,35.6773835224776]]]},"properties":{"name":"정읍시","code":"35040"}},
{"type":"Feature","geometry":{"type":"Polygon","coordinates":[[[127.58486117511039,35.55390555087485],[127.5450289164314,35.467813927079376],[127.48793604409042,35.536718218832725],[127.36365606342771,35.55823634248493],[127.36116169067336,35.55729580658776],[127.36028255824856,35.558405740757976],[127.36009905995799,35.55856950204418],[127.35958770269721,35.558874647851184],[127.35927265942699,35.558911354098555],[127.3588216879774,35.5588418508191],[127.35690887663401,35.55723856890623],[127.35616723879508,35.556439030249635],[127.35577808262772,35.55596107502767],[127.35561255858158,35.55574624392675],[127.35370584583114,35.553849117182764],[127.35253691840742,35.55269690932269],[127.35116310533357,35.551932044062916],[127.35016552223055,35.55154087006215],[127.33779271032678,35.55459704136912],[127.33401683530595,35.55127072426756],[127.33965627744101,35.544457332452154],[127.34681584067611,35.54295417385848],[127.34964631627611,35.53911517659505],[127.3501208362904,35.53549554284126],[127.34751149070414,35.532748533720905],[127.34699491266336,35.530075925168155],[127.34542251105746,35.52723691781545],[127.34252160635717,35.52591650524907],[127.34067649657979,35.52594310494454],[127.34022895026814,35.52749872433841],[127.33887713986492,35.52779742555028],[127.33778126138226,35.527791906376564],[127.33777352078961,35.5277917823561],[127.33777154762713,35.52779173191399],[127.33773889724796,35.527790897235086],[127.33764648177187,35.52620487703422],[127.33767071916603,35.52569796685446],[127.34194630200716,35.52151423616166],[127.35210378696966,35.51431126816205],[127.35374896733097,35.51303550426952],[127.3548137450351,35.51074146597866],[127.35514260910665,35.5056176551159],[127.35700013496484,35.50096003049674],[127.35626071470472,35.499942442164155],[127.35285534659668,35.497403852785396],[127.35141534900086,35.49688824139469],[127.35098483127248,35.49676964322888],[127.35045691444755,35.496671972314374],[127.34368943090699,35.49639074841831],[127.34177949746814,35.496597383132084],[127.3416884121032,35.496601164277855],[127.34135603392804,35.4964458976487],[127.3408394212016,35.49590998841701],[127.34067603879338,35.495711333479704],[127.34067006658259,35.49567597295488],[127.33779319590433,35.49401578541169],[127.33364271274293,35.49189400143727],[127.33289687551583,35.49193063271549],[127.33122120923127,35.49216777765142],[127.32785614129924,35.49471191912851],[127.32565606639929,35.49571161356828],[127.32041117806745,35.493794791612814],[127.31844671045613,35.49424101008972],[127.31653958460988,35.49540636453795],[127.31396186409671,35.49671232840235],[127.31393068035837,35.49670692530904],[127.31389365201838,35.49670050873443],[127.31352706285547,35.49662333248845],[127.3121291134315,35.496045538785246],[127.31151717294776,35.495642870359376],[127.31056318370216,35.4940993462315],[127.3103429953611,35.493491607370736],[127.31003040131706,35.4925031272288],[127.30941574746969,35.49077256002973],[127.30748825280622,35.486551640797],[127.30705327704537,35.485276071353375],[127.30711561928678,35.48411816598711],[127.30864259560909,35.47790953026864],[127.31027488827084,35.47606909383967],[127.31115821298096,35.46932565170067],[127.3142696398057,35.46621939655216],[127.3137783997598,35.46369338486284],[127.29823036756247,35.44416297563989],[127.29650491661191,35.433401488575704],[127.29384756765089,35.429961858178714],[127.2938138290111,35.429910952244356],[127.29245765230542,35.42786219728657],[127.2915888513028,35.42649895555357],[127.28452821295754,35.424012312634176],[127.2783204200168,35.42475683870938],[127.27732223566223,35.4242329096375],[127.27541886701307,35.42089225006684],[127.27370887877976,35.4208644260133],[127.26013959098007,35.42696966146267],[127.22607252765707,35.39877009010149],[127.21658921731081,35.37160414671813],[127.19308168411082,35.356398723570656],[127.18709687301391,35.342482577090315],[127.19371798201686,35.34012244514408],[127.19429931370078,35.339782395541135],[127.19463169850016,35.339200365655195],[127.19456713527696,35.338865572114884],[127.19413791371133,35.338550792771706],[127.19330196815446,35.33812751736955],[127.18779920786825,35.33685483548975],[127.18722787101431,35.33653249878041],[127.18676912428066,35.33621195154985],[127.18773053365462,35.32258100903529],[127.20424526943694,35.31555717518365],[127.22205455189314,35.334885659657374],[127.3845673819259,35.30245770203078],[127.47076581256641,35.36533557770119],[127.57748101195435,35.30890104673478],[127.62073762854403,35.33256272385571],[127.61019737776446,35.365918117502915],[127.67406933815373,35.44572002080564],[127.63668809060307,35.459352016874874],[127.62869361833258,35.53598481760314],[127.58486117511039,35.55390555087485]]]},"properties":{"name":"남원시","code":"35050"}},
{"type":"Feature","geometry":{"type":"Polygon","coordinates":[[[126.85140742767523,35.91690917505861],[126.84839475256587,35.91770363813576],[126.84319652837182,35.91767211565076],[126.82621077594469,35.905853271939264],[126.79035390820168,35.89572000280808],[126.79038713921102,35.88320215097605],[126.7903994851011,35.877781540441745],[126.76825894852323,35.87595994762586],[126.76271826933531,35.87726573229218],[126.75717442897788,35.8795428934392],[126.71665181459662,35.87399615266258],[126.70736458256329,35.87326509506101],[126.70183199791806,35.872207667390285],[126.69629809857004,35.871532315850615],[126.69232760082033,35.87108005078341],[126.69076411736758,35.8709019255937],[126.68522936476101,35.87048788322014],[126.67649448024079,35.86986193635495],[126.67649442709435,35.869861934187455],[126.69820423138022,35.81286901174733],[126.7629594158373,35.79663961392466],[126.78305610982231,35.75174173511839],[126.80669994084062,35.74541549606348],[126.80475914865491,35.726399995288354],[126.81364482726498,35.72897036819194],[126.81306459661722,35.71562918402318],[126.82235492220394,35.71687514175307],[126.82319495300503,35.712638168085],[126.82746776912498,35.714753461919614],[126.82790217623769,35.71896482026212],[126.8281987159905,35.719125610531144],[126.8313009788676,35.72042941337411],[126.83599041721094,35.72278952408568],[126.83761730638956,35.72365696826693],[126.8388612976962,35.7243822022964],[126.83971512633511,35.72500353849228],[126.84262993721319,35.726637589049766],[126.8428351330465,35.72671052633848],[126.86727791951895,35.72754408146861],[126.86975902743573,35.73065084280473],[126.87045246090021,35.73096971985172],[126.87340254249666,35.73256686876858],[126.87846900290275,35.73723086761762],[126.87909931757504,35.737881547952995],[126.88179836492387,35.7413225865443],[126.8820911000911,35.74346070658858],[126.882210688951,35.748306153537904],[126.88221229448284,35.748371182685545],[126.8807554317777,35.750144653819476],[126.8796177467756,35.75124164301318],[126.8784448294708,35.751977233268526],[126.87501630336696,35.75242289834601],[126.8728533803491,35.75765928910654],[126.87313877227352,35.75850531183512],[126.87350065869668,35.75857566397184],[126.87537808268083,35.75872818658225],[126.87987864236818,35.75855890103028],[126.88210826021701,35.75812219078462],[126.8834731782536,35.752822699031256],[126.88807353133342,35.75278699053228],[126.88808290802632,35.75347998983857],[126.88699170856678,35.75363976769884],[126.88680090245441,35.75369591611407],[126.88631175439156,35.75409876425704],[126.88625287444972,35.75431487666224],[126.88625292987733,35.75431543684784],[126.88629989599484,35.75445644739185],[126.88663976760871,35.75454140081528],[126.88967947938977,35.753564708393256],[126.89419121494583,35.75268881061503],[126.89489141303845,35.75328131153893],[126.89637597249519,35.753374582310066],[126.89661181372003,35.7533605570702],[126.89679655108857,35.753315230694064],[126.89778835517842,35.75269351399076],[126.89931478556267,35.75151571399853],[126.9002266724281,35.75066530836621],[126.9079321133157,35.74689838235063],[126.91572295099255,35.74490872937991],[126.9204665276316,35.7415302935648],[126.92532040962101,35.73659916356358],[126.92860230968881,35.73203501388183],[126.92907612064816,35.73082506677529],[126.92902271945222,35.730428619665034],[126.92872554607726,35.730161997424815],[126.92871774767626,35.730001036444015],[126.92912134340047,35.729075504296055],[126.93027056032236,35.726709521915375],[126.93245036935622,35.722387794209865],[126.93460937464843,35.72052169067598],[126.93555937225605,35.71983344640724],[126.93600253973858,35.71997408736653],[126.93610783535536,35.72002315662406],[126.93590021211504,35.720308629015314],[126.9357878486727,35.722180791609105],[126.93586487901102,35.72226746143264],[126.93938624827217,35.72246451745579],[126.94272210158685,35.72226425286601],[126.94301681391113,35.72213820903614],[126.94326862505328,35.72185527842931],[126.94361016609359,35.720955724072375],[126.94593002105894,35.72150814155994],[126.94846583312847,35.72251448056964],[126.95033938052241,35.72410744478591],[126.95092520991157,35.72429583191816],[126.95274416145425,35.72466877017037],[126.96765624639588,35.721207094901985],[126.9718424987589,35.71859635411399],[126.97420564290046,35.717692040164394],[126.97612278042405,35.717027706018484],[126.97826460820704,35.71619545368443],[126.98102801988112,35.714648300851316],[126.98124044333119,35.71452342010189],[126.98144600109575,35.71423941937097],[126.9814952294189,35.714169714020855],[126.98154652992972,35.71407706218973],[126.98171933718365,35.713266796062165],[126.98645275239458,35.70676381671908],[126.98868721611835,35.70613543607814],[126.99219197834803,35.701604466196095],[126.9916067683121,35.68945032291201],[126.99355202638168,35.689476378130244],[126.99401017574785,35.68935754759429],[126.99457349221534,35.68866135639705],[126.99681799783751,35.68679553584249],[126.998902161376,35.68599008372489],[127.00064193963023,35.68585182379851],[127.00245718143701,35.68542371484533],[127.00488169623414,35.681734496389595],[127.0046957540802,35.680507496493824],[127.00469571779738,35.680506930119925],[127.00467013822804,35.68002221591707],[127.00807274589347,35.679471874961806],[127.00834354653578,35.679481440220975],[127.00990189453704,35.678606398013784],[127.01037401435607,35.677655373025694],[127.01079115768589,35.67744791343155],[127.01355915813284,35.676945060949514],[127.01418411540062,35.67692063446357],[127.01464858937545,35.677067176454656],[127.01630396693987,35.67629245438923],[127.02177547525085,35.6694415251273],[127.02387370402691,35.66832596577738],[127.02536666643174,35.66840468484343],[127.02703217667423,35.66780484946661],[127.02913887557821,35.66657286772482],[127.03071476123242,35.666164621011376],[127.03475207361694,35.66815826337646],[127.03616979800586,35.66781129453364],[127.03641396103045,35.667730676510175],[127.03694304290431,35.6672986111348],[127.03819536979655,35.66685195918365],[127.04061422557811,35.66666868886793],[127.04737498153068,35.66774331880988],[127.04770587969549,35.66837686814928],[127.04754450739092,35.669101932126196],[127.04757529800753,35.669227530177174],[127.047660597681,35.66930565633977],[127.0479937963521,35.66952873864692],[127.04942575375179,35.670243421752566],[127.05087016400644,35.67040958316365],[127.05135264946519,35.67032601505174],[127.05471285751364,35.66888957109351],[127.05602932985775,35.66872618523075],[127.05675823763887,35.669660368161146],[127.05794153105539,35.670286341597716],[127.05927624910711,35.67051215477893],[127.06064190121765,35.670305468608724],[127.06110238586565,35.670832208120856],[127.06152896636797,35.67170665885512],[127.06233599599014,35.674016055121655],[127.06346032124281,35.676822120035354],[127.06376818340398,35.67738352237491],[127.0639680907142,35.68059474792014],[127.06903092466793,35.68989338464114],[127.06850067988306,35.69456398266373],[127.06520521917025,35.69696849800684],[127.06438116770373,35.697121300778356],[127.06398040828037,35.69725092358925],[127.06031367750928,35.702073319971085],[127.06157893010179,35.70494789901197],[127.06989800661836,35.7123877927527],[127.06983199835625,35.71287876637777],[127.07111574785561,35.716579854609996],[127.07137808529323,35.71702047758075],[127.07165330469266,35.71737702383988],[127.07460394329706,35.719870945180475],[127.07601710176792,35.720684745370924],[127.07849234878715,35.72152460333555],[127.0803553278598,35.72170097208796],[127.0803577477813,35.72169956496988],[127.08076748923868,35.72147130143344],[127.08156051236789,35.72133769559768],[127.08365944701261,35.72258031136578],[127.08475887067291,35.72347998616643],[127.08650535033813,35.72512526672136],[127.0866787209348,35.72607766790171],[127.08513886877897,35.72857463236245],[127.05041797272311,35.75559578722978],[127.07415945586673,35.775242990019954],[127.06544203749256,35.78616037903986],[127.06579906756068,35.790329939021774],[127.06509157374575,35.7909759680311],[127.0635727872086,35.791811832887696],[127.06260257928145,35.792195509788776],[127.06164451870801,35.792416936497794],[127.06126840902097,35.792426000964284],[127.05846949244157,35.79233554970224],[127.05790289991347,35.79206796320359],[127.05757983641382,35.79154581693464],[127.05740399785842,35.791455339896025],[127.05717783688354,35.7913390028335],[127.05652035379117,35.79133633985684],[127.05611283794057,35.791384690177615],[127.05550101636254,35.79146142790343],[127.04917322000232,35.79476285669542],[127.04246954365985,35.796237050026264],[127.04286594260633,35.797681893252495],[127.0422288493932,35.79832313991725],[127.04012628087492,35.7987774195707],[127.03952406703417,35.79882845061739],[127.03921811413082,35.79883066492363],[127.03874211590434,35.79855155874275],[127.03780341986841,35.79800080854303],[127.03750940139354,35.79762419835146],[127.03748975769207,35.79738889490361],[127.03737198883313,35.797251488217825],[127.03379545022722,35.79803153313137],[127.03317380059477,35.798301508047906],[127.03280308922623,35.79848100966231],[127.03254182100295,35.799732970432544],[127.02917117481155,35.80153166690415],[127.02741385176218,35.80154149527841],[127.02455460224216,35.79999205166882],[127.02103217942422,35.799464179317575],[127.01995997317765,35.79961658029536],[127.01944574104489,35.799701854608216],[127.019103425299,35.80051513596685],[127.01804524172044,35.80136981431104],[127.01559520826626,35.80315266672049],[127.00974717523864,35.80711223149581],[127.00908645996867,35.807265768587605],[127.00837369788667,35.807298906016165],[127.00781064017615,35.80732836233902],[127.00770414913431,35.80733766913586],[127.00677065354414,35.80763428187586],[127.00614399355672,35.80795017143022],[127.00164523719761,35.81139924303884],[127.00145868980198,35.81156626674085],[126.99968019381089,35.813197950322305],[126.99815056558015,35.81518786267726],[126.99828714561313,35.81981468663653],[126.99771577132445,35.822135544711955],[126.99755620315935,35.82252745148311],[126.99755597608676,35.82252799871287],[126.99714181553145,35.823240630421616],[126.996723308778,35.82449919418628],[126.99522475847787,35.82784601201667],[126.99517001487192,35.827958717661986],[126.99515368063317,35.82806075989992],[127.00954032796305,35.84671968916339],[127.0083042708435,35.85567241551435],[127.00710333580663,35.859946216012275],[127.00601111856496,35.862043024708015],[127.00616946623383,35.8636591344892],[127.00628094703663,35.86475443597526],[127.00641289909065,35.86600656153004],[126.99784372026224,35.88417881752897],[126.95601981470865,35.91653058323314],[126.90995267786211,35.90314510082926],[126.89285519083509,35.91414768146824],[126.86080643145266,35.90565515186178],[126.85312172493049,35.90959700715416],[126.8517066677241,35.91289688055783],[126.85140754804179,35.91690746449337],[126.85140742767523,35.91690917505861]]]},"properties":{"name":"김제시","code":"35060"}},
{"type":"Feature","geometry":{"type":"MultiPolygon","coordinates":[[[[127.02827570841015,35.8615363118389],[127.02693812705562,35.867534418528884],[127.02402852099723,35.866933408623915],[127.02400499658476,35.86690299632414],[127.02301144979667,35.86507421470811],[127.01678117424478,35.86052244942828],[127.01436725452591,35.86158818000896],[127.0109907652502,35.864467984498496],[127.007546469712,35.86592485407477],[127.00749388045685,35.865928800382335],[127.00641290051966,35.86600656169334],[127.00628094720904,35.86475443573806],[127.0061694661553,35.86365913424833],[127.00601111849417,35.86204302478855],[127.00710333583791,35.859946215682925],[127.00830427102694,35.85567241558624],[127.00954032834548,35.84671968923257],[126.99515368108557,35.828060760000255],[126.99517001524009,35.827958717406254],[126.9952247587131,35.82784601175158],[126.9967233087621,35.82449919397032],[126.99714181568483,35.823240630448495],[126.99755597610682,35.822527998787606],[126.99755620320812,35.82252745163898],[126.99771577133028,35.822135544481114],[126.99828714557377,35.81981468654022],[126.99815056553336,35.81518786256065],[126.99968019421324,35.81319795028771],[127.00145869119545,35.81156626689877],[127.00164523736541,35.811399242832444],[127.00566859639788,35.80828168081721],[127.00614399346529,35.80795017118754],[127.0067706539689,35.807634281534924],[127.00756222294487,35.807377656910205],[127.00770414907956,35.807337668903884],[127.00781064042756,35.8073283624112],[127.00908645997346,35.80726576869397],[127.00974717663709,35.807112231183474],[127.01559520848754,35.80315266659177],[127.01804524170042,35.80136981405191],[127.01910342542054,35.80051513606754],[127.01944574146333,35.79970185458153],[127.01995997362371,35.799616580349785],[127.0210321808744,35.79946417900268],[127.02455460265988,35.799992051585775],[127.02741385316307,35.80154149525909],[127.02917117481483,35.8015316669031],[127.03254182118205,35.799732970489416],[127.03280308967413,35.7984810095864],[127.03317380049275,35.79830150793814],[127.03379545010567,35.798031533034745],[127.03737198919275,35.79725148826746],[127.03748975782044,35.79738889457639],[127.03750940144842,35.79762419802043],[127.03780342126439,35.79800080824092],[127.0387421173134,35.79855155841868],[127.03921811438111,35.79883066500278],[127.03952406727205,35.79882845060316],[127.04012628081605,35.79877741966011],[127.0422288495107,35.79832313978721],[127.04246954361842,35.79623704990442],[127.05550101629669,35.79146142789332],[127.05611283832005,35.79138469035142],[127.05652035377716,35.791336339858375],[127.05717783730121,35.79133900293875],[127.0574039978486,35.791455339918706],[127.05757983637719,35.79154581691936],[127.0579029000662,35.792067963148504],[127.05846949279676,35.79233554938463],[127.06126841044751,35.79242600076768],[127.06164451877706,35.79241693711069],[127.06260257934622,35.792195510394606],[127.06357278733212,35.79181183283073],[127.06509157377009,35.790975967730766],[127.06503554790807,35.79311227039235],[127.06468034892806,35.79441519198731],[127.06512699572826,35.802012848057736],[127.06922396726496,35.814744147019866],[127.0654879330019,35.82487592770516],[127.05512727738694,35.82585935695226],[127.05121321671946,35.8270532829192],[127.0509842184775,35.82716767368893],[127.05061840849893,35.82754693642139],[127.05053928601627,35.82770300336444],[127.05050240647243,35.82783744901668],[127.0504916452507,35.828080602293376],[127.05051462581402,35.828932117801834],[127.05175208978488,35.8330497989484],[127.05215266536311,35.83326803052372],[127.0533301733334,35.83315230361757],[127.05393961190451,35.83305335212051],[127.05450561590933,35.83298439185163],[127.05453385973041,35.83298095481276],[127.05598233025417,35.832872903055936],[127.05858054496534,35.83298606569083],[127.05859921704501,35.83305080329053],[127.0586032214847,35.83840060216897],[127.05765680608347,35.83958631717997],[127.05577351902178,35.83959361214217],[127.05451155296046,35.84223496709716],[127.05356318825523,35.84432437656599],[127.05270852640382,35.846677393059615],[127.05052037271541,35.85066260887319],[127.0496783202739,35.85212292088202],[127.04952130444018,35.85236525796394],[127.04807378810565,35.85311893109218],[127.04789168837378,35.85319336442962],[127.04691922046958,35.85319189767056],[127.04511749833813,35.85315468638038],[127.04100727547825,35.85210488282772],[127.03785713643079,35.85105761555899],[127.03668939745668,35.8506302931346],[127.03435470794908,35.85031339839823],[127.03392094778859,35.85043702386262],[127.03162901602971,35.85201945106587],[127.0270289118511,35.85658605104914],[127.02690428834634,35.85689631355467],[127.02684164898336,35.857387209492536],[127.02696367452332,35.85763151323915],[127.02701421280346,35.85768839936339],[127.0270413872093,35.85771895370161],[127.02720318044233,35.85788958867925],[127.02727154525886,35.85799617499812],[127.02823624287281,35.860463837152544],[127.02827570841015,35.8615363118389]]],[[[127.09295365787398,35.62176246170625],[127.13206149356543,35.64036900854209],[127.12523422571383,35.69116981550152],[127.17746118174286,35.73762722842587],[127.25927889792943,35.69308872978719],[127.24487588101498,35.75604704756607],[127.26501168042786,35.77681388767384],[127.26751685190882,35.77762860548434],[127.26915219649973,35.777516311961534],[127.27144878733448,35.777585777339056],[127.27147690001539,35.77764667067788],[127.27512072025598,35.781737347010704],[127.27559673907733,35.78319377606837],[127.27451569102168,35.78894948954786],[127.27438011819243,35.78930801101835],[127.27394647241992,35.79041419073593],[127.2759119882686,35.78971063433394],[127.28219064511117,35.792197165910075],[127.28621361457841,35.79291236238535],[127.28681608720534,35.792824647665014],[127.28762681251982,35.795256117607344],[127.2914409556683,35.79709421434115],[127.29545708966396,35.797336440835544],[127.29865526164693,35.79810004653515],[127.30268208300193,35.80034262069513],[127.3030838757137,35.80076617647719],[127.30300734739619,35.80103086865682],[127.30284039854352,35.801597977242956],[127.30215126204345,35.80272167315231],[127.29512976089376,35.80794214453263],[127.29843780448863,35.812798503362934],[127.29840397050188,35.81453502727752],[127.29685841971695,35.81650161850144],[127.29717700053095,35.81734345105603],[127.30139368189849,35.819260682004455],[127.30338460849478,35.82008961347692],[127.31042438962405,35.82448540455841],[127.31068155763606,35.82519854306725],[127.30919717649681,35.826363306105925],[127.30858873529608,35.830365265772556],[127.31074902848309,35.841117839897706],[127.3108851704934,35.84135330057733],[127.31144271977566,35.84230341823906],[127.31760935037666,35.84487041958255],[127.32132770835429,35.8474318443114],[127.32099957540288,35.85070452928467],[127.32380686557993,35.853338458221074],[127.32500841045855,35.85692753744903],[127.31898405994443,35.86302123232714],[127.31994582926629,35.864465883193354],[127.3203907765521,35.86648948452971],[127.32047350362082,35.86754648641937],[127.32055344905335,35.867862330521724],[127.32059542901484,35.86800147955514],[127.32452726924731,35.87103758371762],[127.3289653764333,35.87216287461135],[127.33019188929968,35.87251191912016],[127.33242044374292,35.873170766245764],[127.33329059607384,35.87343178918772],[127.332282910651,35.88302377648439],[127.33311710115393,35.88589235227852],[127.33455397087117,35.887622829402225],[127.33395714675943,35.893451186622215],[127.33226511724315,35.8987064576338],[127.33355411435079,35.90596583986893],[127.33210569166386,35.90744550478194],[127.33205847859935,35.908305550116104],[127.3330077887628,35.908484342672125],[127.3375750926319,35.907994810322],[127.33802047157879,35.908008036284315],[127.33802074889333,35.908008045463134],[127.33854268712666,35.908026135007006],[127.34031024562655,35.908453844258986],[127.34169775323645,35.909012041298716],[127.34904703443009,35.91253719817929],[127.35127403132998,35.912524547366964],[127.35291659973383,35.912933662154735],[127.35374787949377,35.91314309259701],[127.35377795624277,35.913154651894786],[127.3488969931077,35.92698484659292],[127.35132521410735,35.934779407424315],[127.34739362788453,35.939931526648586],[127.34754758141658,35.94180424034661],[127.34856048304661,35.94266582228827],[127.3498949170918,35.94385787992963],[127.35288350620117,35.947844505942314],[127.35281065670203,35.94951757420377],[127.3443193887034,35.95911897304748],[127.34555005027491,35.968513998690696],[127.34199939995717,35.97159195550616],[127.34226012224876,35.97747948822464],[127.342362154888,35.977898051456954],[127.34254109743551,35.97858051947908],[127.34265710845011,35.978943681489],[127.3428333046531,35.97943275226303],[127.34300316850552,35.97990310677071],[127.3436397621873,35.98072230069912],[127.34374908697396,35.98085967681069],[127.35036518065668,35.98397070252387],[127.35200244475253,35.98679755185327],[127.35221159031734,35.98730483603046],[127.35252943250693,35.98809304503673],[127.35268571279548,35.989078139549896],[127.35452968736422,35.98876683816189],[127.35603462906164,35.98873257371379],[127.35687294456527,35.98943296179755],[127.36010233505684,35.9899947375021],[127.3640380777449,35.99075970032714],[127.36167686392875,35.99421031425533],[127.36162948423089,35.994478011817975],[127.36318462091968,35.99854790554549],[127.36342426978018,36.00005786441391],[127.36036633202671,36.005461964830744],[127.36051910948702,36.011375255404204],[127.3624928969098,36.01456868026381],[127.36486958722399,36.0182717804259],[127.36752686691555,36.02116491323743],[127.37216262079788,36.02019932776387],[127.37387446820036,36.020909105148185],[127.37481894093658,36.021308536193516],[127.37611005519305,36.02247802259185],[127.37648712620172,36.02292396136178],[127.37630044237136,36.023748383406186],[127.37683130223583,36.02884395611967],[127.37821345564983,36.0306229052146],[127.3754930927197,36.03330436707654],[127.37354011963163,36.03452061320343],[127.37364002315215,36.04108876596383],[127.37206071931338,36.04372491543334],[127.36037151460488,36.054518173439426],[127.36005792179432,36.089380773938736],[127.35018715285402,36.09460228489041],[127.34947809300326,36.095121412825925],[127.34768539758285,36.09827182262326],[127.35045784414035,36.10394870314339],[127.35261463696008,36.10535701796811],[127.35304378967462,36.10559569881765],[127.3538498067286,36.10625599738489],[127.35492077402094,36.10833801005783],[127.35305503576764,36.11360991872228],[127.35050690822702,36.11639505452398],[127.34440626556024,36.11786445010829],[127.34363522802785,36.11887629240226],[127.34074069252921,36.12428499354186],[127.34009296616428,36.12897927504256],[127.33847704047159,36.13049701596973],[127.33129771599054,36.1295329915586],[127.32810261394442,36.13079414686906],[127.32685995697236,36.13084089430284],[127.32280474053731,36.13063168089789],[127.3229128166067,36.12918432658672],[127.32278415930763,36.12696460956135],[127.31938570107822,36.124228093754446],[127.31854735069226,36.11973387107994],[127.31532187889182,36.11909856115403],[127.30540435235527,36.125799163693216],[127.30431790097401,36.12498106393351],[127.30368054106522,36.12492972797786],[127.30368026298596,36.12492972201937],[127.301690383266,36.12520363490968],[127.29393504172802,36.11307207479922],[127.29242270626507,36.11224890041593],[127.29067602373227,36.11199630865691],[127.28933981340784,36.11280833308581],[127.2852807903739,36.112164080880575],[127.27452164347918,36.10742506785079],[127.26484197529697,36.10868399384556],[127.25969909074182,36.11286237104796],[127.25213028936467,36.113131336742455],[127.25155498785497,36.112436073386974],[127.2504950382251,36.11003262269483],[127.25022296722595,36.10927081791416],[127.25034588671457,36.10736507513378],[127.24850583714287,36.10582894176276],[127.24734471945796,36.10531370241803],[127.24619245824104,36.1047916652746],[127.24582039341963,36.10310379363541],[127.24569109908184,36.10236956230687],[127.24565721492746,36.10195647996388],[127.24558596581385,36.10097317957444],[127.24605266220068,36.09641014055252],[127.24657873595595,36.094853341487585],[127.24761069582561,36.093672622669175],[127.24797003930011,36.09356851829384],[127.24837624632661,36.09356204936012],[127.24866016715092,36.093421209099645],[127.24980837450701,36.09275560625358],[127.25225831222625,36.09067488968296],[127.25471726917283,36.08744366921728],[127.2487023480029,36.08306647818988],[127.24809347223415,36.082960187757244],[127.24809327913272,36.08296015488483],[127.24602475765886,36.083463718796686],[127.24269308819117,36.08498760858817],[127.22870121723665,36.098078573565815],[127.22591861635703,36.09914241414508],[127.22340771811804,36.09866611740921],[127.22273351560149,36.098162920415824],[127.22265831335893,36.0981067874568],[127.22202519037947,36.09692373415001],[127.21953306146588,36.09671398501859],[127.21891089822644,36.097075006168254],[127.21842073141943,36.09749708395067],[127.21705568245987,36.097365896825934],[127.21705540247709,36.09736588350841],[127.21572965964491,36.097444304191534],[127.21387481388678,36.09793819971483],[127.21244494121048,36.10021825637303],[127.21201565818608,36.10064741032923],[127.21173229570053,36.10066927550825],[127.20963934750135,36.10073256718428],[127.20905532602853,36.1003675289571],[127.20882868164973,36.10022682643668],[127.20745560363645,36.1002429959747],[127.2059130865326,36.10059006253],[127.20486954949969,36.1001750369726],[127.2007969132838,36.09162261586181],[127.20066525233341,36.090119216243004],[127.20073073330958,36.089874942016586],[127.2022299282342,36.088462043073534],[127.19904616868322,36.08635483546035],[127.1980423253372,36.08579161209189],[127.19530068853594,36.086225481249265],[127.19341362770004,36.08664815679218],[127.19064653556487,36.08777371340079],[127.18690642589526,36.09231829000679],[127.1835974160331,36.094314763759115],[127.18244088275227,36.09469045275967],[127.18009896371156,36.09461628468232],[127.17867603070836,36.0942311738616],[127.16877672198113,36.08398058631941],[127.15371078691487,36.08474984025275],[127.15120383146765,36.09004000218312],[127.14884556958737,36.09033187204948],[127.14805815519584,36.09037620424656],[127.14675245877969,36.09036875599219],[127.14578393979386,36.09029025152521],[127.13964962145404,36.08786730219723],[127.1377013137865,36.08683904805233],[127.13661696907222,36.08599032309727],[127.13519238885489,36.084187518879666],[127.13377437027022,36.081492497420356],[127.13102863520201,36.06577529328919],[127.1397219677674,36.05697470439128],[127.11636800579349,36.03053174079734],[127.11823856813865,36.026158306117516],[127.11646258435903,36.02497209050607],[127.11580138450745,36.02409740993482],[127.1211543541047,36.02038702576626],[127.12216824447252,36.01710752635853],[127.12238926880534,36.01530767609015],[127.12551094206557,36.01167733731707],[127.12543091816403,36.00535343869381],[127.12416686130916,36.005421948550094],[127.12284254208949,36.005192653036524],[127.12034612699385,36.00234136468745],[127.11326678516987,35.99887196827672],[127.10961553746749,35.99680051213098],[127.10825576795837,35.99591571444629],[127.10746436052631,35.99538919802627],[127.1074861582365,35.9951033181965],[127.10773620312581,35.993041537255706],[127.10842489894753,35.98975650805963],[127.10971666220472,35.98812469158796],[127.10958013915173,35.986098744185874],[127.10808024780917,35.982542192808836],[127.10688523790499,35.9788493312425],[127.10686110483512,35.97841958440733],[127.10684825122233,35.97813204843352],[127.10577442237961,35.97263070196127],[127.10477801298978,35.97060152164323],[127.1046804444876,35.97030729903918],[127.10409541794665,35.96853941272445],[127.10421910695734,35.966133864952006],[127.1044935642856,35.96406755211197],[127.10631512520051,35.95941421265708],[127.09247037145215,35.93136130827075],[127.06677466142861,35.915685215642185],[127.02870647410062,35.91735704158482],[127.036393335676,35.90906193633824],[127.03250644365414,35.906117364979536],[127.03781416648356,35.902017192883555],[127.03862877190367,35.900714359456316],[127.03800050467298,35.90034954806978],[127.03818392304936,35.898757114684486],[127.03831259900929,35.89781105161737],[127.04041414303262,35.898393094640966],[127.04257107575651,35.8982532505568],[127.04305468557014,35.89800186253424],[127.0434342229907,35.897662349705556],[127.04349768797361,35.897549681749275],[127.04345706156994,35.89729987952435],[127.04351094007039,35.89707623483822],[127.04378983695727,35.89660157904624],[127.04428640223257,35.89600179694646],[127.04635205056871,35.89399943433755],[127.04776655375723,35.89291768412814],[127.04843127569448,35.89259861101476],[127.048959675694,35.89240406728921],[127.04957342786071,35.89225146834969],[127.05001660391802,35.89219580049743],[127.05037448083014,35.89218805764387],[127.05174082176387,35.892231988234144],[127.05368407338821,35.89243309116461],[127.05576510331676,35.89318161691517],[127.05751824526467,35.89419864939899],[127.05825416372373,35.89475819995675],[127.0589275398064,35.89544958357925],[127.0594666760694,35.89857466515361],[127.05961764916813,35.89913476853394],[127.05990410420384,35.899613703565144],[127.06011834159337,35.89980961985449],[127.06024061349181,35.899920800495465],[127.06070860781787,35.900140535239984],[127.06101603076954,35.90020628256487],[127.06109323606383,35.900218069193805],[127.06130199252462,35.900249796436015],[127.06172599143778,35.90021437692942],[127.06297055951603,35.89993915143257],[127.06732957898701,35.89856985323236],[127.080087827914,35.89767662268488],[127.08318423628542,35.89227300215322],[127.08681654170697,35.89175001697146],[127.13697833349455,35.90196284791017],[127.13980795619082,35.89833804563267],[127.14159286427314,35.897165199570864],[127.14308368230186,35.896873078436],[127.14339060143546,35.89681132304855],[127.14373297956224,35.89673994614187],[127.1451917200271,35.89594088945978],[127.14994406489649,35.886808893646375],[127.1505905714914,35.88403845370817],[127.15072670863741,35.88309789895255],[127.15096508647069,35.88130553166065],[127.151136127401,35.87969856934467],[127.15129943408691,35.87912664395029],[127.15318893630261,35.87830976323392],[127.15402073609594,35.87770094246595],[127.15498557924788,35.87691872557309],[127.15975628128305,35.871450976294554],[127.16726483844865,35.85861470726084],[127.1678394295,35.857094742125064],[127.16795024480099,35.856187102167745],[127.1684037872313,35.85363810503525],[127.17239609281987,35.85408606386386],[127.17425657832847,35.85390315214532],[127.17421040237218,35.85359130556494],[127.17482883958047,35.8535349263069],[127.17792968425591,35.85333933104386],[127.18148890698576,35.85475647280456],[127.18206485083647,35.85472617483406],[127.18385062473173,35.85440310976059],[127.18467822506753,35.85420779322708],[127.19653567799276,35.8603146665547],[127.21012342114,35.84086584259181],[127.20993686248205,35.83288743314883],[127.20928668612572,35.83217304468355],[127.208625142525,35.831607525460086],[127.20777963621869,35.829177430784995],[127.21028318369667,35.82553923420011],[127.21918598972249,35.819761333563214],[127.22266907486784,35.8205011846609],[127.22661799954814,35.82208822406088],[127.22698761066181,35.822188496338505],[127.22909812087828,35.822069753488464],[127.22974064836986,35.821949966795444],[127.23415565950106,35.82198191423629],[127.23428937522998,35.821205593829674],[127.22805892023973,35.808488700297964],[127.2170115586548,35.80165116837746],[127.21123223486848,35.793822988956386],[127.2069115323802,35.79043046634656],[127.2025199326478,35.787777203900184],[127.20059716798143,35.786457941702885],[127.20108974484276,35.78604790084286],[127.20113421485014,35.786001917125],[127.20123695451332,35.785892891944485],[127.20182558258446,35.78512752837439],[127.19881526292055,35.77477141260388],[127.1618500679301,35.78341298259516],[127.14641434233855,35.75951649787417],[127.14380704848709,35.76000389683281],[127.1418140991759,35.760683033161804],[127.14147153980856,35.76081285275043],[127.14002325559822,35.76106195395843],[127.13659908387956,35.76099163120672],[127.13304497829878,35.7578708633159],[127.13083618348938,35.75576374453744],[127.11587489105733,35.74926515843711],[127.11555706931453,35.74953865199207],[127.11433862551064,35.75024897989658],[127.10258839025433,35.752498739687546],[127.09929735503387,35.74773537348337],[127.09569468758845,35.744766605450835],[127.09553524388905,35.74154019980523],[127.09597768921607,35.73896167041477],[127.09572946616821,35.73748842821562],[127.09546616754454,35.73728529026868],[127.09492228141747,35.73686746232342],[127.09460057445706,35.73662508191981],[127.0944905577081,35.73663840837967],[127.09137049147017,35.73616704539041],[127.08598374655611,35.730197798506055],[127.08513886907954,35.72857463291978],[127.08619425722982,35.7272433190695],[127.08667872120286,35.72607766806446],[127.08650535023475,35.72512526646285],[127.08475887057882,35.72347998620027],[127.08365944735148,35.722580311405515],[127.0815605123654,35.72133769566618],[127.08035532926243,35.7217009720874],[127.07849234900914,35.721524603427724],[127.07601710164911,35.72068474517927],[127.07460394329107,35.71987094489411],[127.07165330475581,35.717377023743076],[127.07137808558727,35.717020477718094],[127.07111574778187,35.71657985427496],[127.06983199826506,35.712878766277775],[127.06989800806247,35.7123877924363],[127.06157893020631,35.704947899052684],[127.06031367746512,35.702073319762945],[127.06398040834566,35.69725092349774],[127.06438116780859,35.697121300555786],[127.06520521920244,35.696968498045514],[127.06850068032001,35.694563982703855],[127.06892853656025,35.69253304858405],[127.0690309248683,35.6898933843159],[127.06396809211523,35.680594748077354],[127.06376818384697,35.6773835224776],[127.09295365787398,35.62176246170625]]]]},"properties":{"name":"완주군","code":"35310"}},
{"type":"Feature","geometry":{"type":"Polygon","coordinates":[[[127.5244245521689,35.98507735111982],[127.45674606539531,35.983276216654765],[127.4345571659708,36.02949512658128],[127.40122304496573,36.008735860752516],[127.39201794869979,36.01693037034037],[127.38964325558773,36.01620921853921],[127.38387037168349,36.021271487490395],[127.38160908078196,36.02136541315835],[127.3795263402153,36.02186147506109],[127.37763569392214,36.022769765155786],[127.37648712512983,36.02292396062567],[127.37611005520483,36.02247802197308],[127.37481893960873,36.02130853559536],[127.37387446679125,36.02090910523757],[127.37216262063463,36.0201993268341],[127.36752686694318,36.02116491225504],[127.36486958557887,36.018271779733944],[127.36249289681655,36.01456867965988],[127.36051910925504,36.011375254807156],[127.36036633195451,36.00546196398912],[127.3634242682349,36.00005786387877],[127.36318462098853,35.99854790456228],[127.36242154601032,35.99653784409087],[127.36162948429089,35.99447801094921],[127.36167686295029,35.99421031367239],[127.36343408007892,35.991612439757],[127.36403807784822,35.99075969943992],[127.35603462912144,35.98873257359341],[127.35452968602436,35.98876683740851],[127.35268571269452,35.98907813965649],[127.35252943107899,35.988093045053645],[127.35221158892523,35.98730483543549],[127.35200244482823,35.98679755191165],[127.35036518077254,35.98397070197303],[127.34917397080407,35.983025549645085],[127.34635800097685,35.98196357870427],[127.34374908575865,35.98085967618943],[127.34363976213557,35.9807223000019],[127.34300316815612,35.97990310596921],[127.34283330430245,35.979432751544294],[127.34265710701044,35.97894368041136],[127.3425410962226,35.97858051930774],[127.34236215361564,35.977898050686825],[127.34226012231436,35.97747948736646],[127.35281065677121,35.94951757425774],[127.35288350602566,35.94784450539111],[127.3498949155303,35.9438578800027],[127.34856048164704,35.94266582147841],[127.34754758110725,35.941804239595356],[127.34739362744239,35.93993152684543],[127.35132521406393,35.93477940746495],[127.34889699174596,35.92698484595392],[127.35030649379672,35.91760001843678],[127.35295958985003,35.91523917475135],[127.3529736618383,35.915204841686254],[127.35377795581545,35.91315465118831],[127.35374787947856,35.913143092027504],[127.35291659851069,35.91293366218599],[127.3512740299186,35.912524547347786],[127.34904703424611,35.91253719757787],[127.34169775327658,35.90901204070991],[127.34031024574746,35.90845384439669],[127.33854268568925,35.90802613506689],[127.33802074855323,35.90800804557644],[127.3380204715097,35.908008036186665],[127.3375750925897,35.90799481029219],[127.33300778843058,35.90848434213299],[127.33205847845123,35.90830554952086],[127.3321056916113,35.90744550403364],[127.33355411393653,35.90596583973822],[127.33226511679668,35.898706456892874],[127.33395714535935,35.8934511860367],[127.33455397089406,35.88762282877818],[127.33311710118106,35.88589235223824],[127.33228290922166,35.88302377652926],[127.33329059466996,35.8734317890301],[127.33242044355056,35.87317076614617],[127.33019188924489,35.87251191842467],[127.32896537535974,35.872162873785875],[127.32452726787821,35.87103758303519],[127.32059542907021,35.86800147898396],[127.32055344884603,35.86786232987444],[127.32047350359178,35.86754648632442],[127.32039077626621,35.866489484661535],[127.3199458292539,35.86446588339955],[127.31898405849411,35.863021231754594],[127.32500841020382,35.85692753670219],[127.32099957405984,35.85070452870613],[127.32132770796663,35.84743184355114],[127.31760935008266,35.84487041902493],[127.31144271947966,35.84230341764093],[127.31088516908005,35.84135330056824],[127.3107490272338,35.84111784001303],[127.30858873520644,35.830365265714484],[127.30919717511755,35.826363305968314],[127.30921767947378,35.82632558232013],[127.3098183952995,35.82586177225285],[127.31068155756184,35.82519854243512],[127.31042438957247,35.82448540441324],[127.30338460843755,35.82008961343825],[127.30139368190584,35.81926068207597],[127.29717700063021,35.8173434511233],[127.29685841846916,35.816501618603404],[127.29770348957584,35.81518394610683],[127.29840397055239,35.814535026532894],[127.29843780305235,35.81279850322335],[127.29512976082478,35.807942144439366],[127.30215126083031,35.80272167244786],[127.30284039850235,35.80159797727477],[127.30300734597667,35.80103086793003],[127.30308387550218,35.800766175895006],[127.30268208161036,35.80034262003619],[127.29865526044208,35.79810004643469],[127.29545708947563,35.79733644008699],[127.29144095560316,35.79709421361832],[127.287626812571,35.79525611703706],[127.28681608589663,35.79282464764438],[127.2821906450556,35.792197165277955],[127.27591198830257,35.78971063415633],[127.27394647209732,35.79041418978633],[127.27559673879567,35.78319377631369],[127.27512071865652,35.781737347079215],[127.27390239046584,35.7807876458285],[127.27147689885254,35.77764666998554],[127.27149034089884,35.77762349038969],[127.27209086045171,35.77658801646407],[127.27247713665555,35.77581642600738],[127.27245303153907,35.7741037382009],[127.26866927765067,35.77224305404783],[127.26834226928503,35.7719213735161],[127.26609065982557,35.76930635953253],[127.26598134395148,35.769125918914376],[127.26568984282213,35.76845843427786],[127.26539168671088,35.76683704877654],[127.26531076252381,35.76497861917592],[127.26529853614211,35.764574898870215],[127.26560625522185,35.76313490369871],[127.265978878402,35.762335396789474],[127.26759343226259,35.760147441396505],[127.26862619174739,35.75879631376024],[127.2748787886415,35.754512080895246],[127.29346750480939,35.71781464456432],[127.28807523961832,35.68710364207454],[127.31768983925018,35.67730122824768],[127.32334632441572,35.663575517592705],[127.32351830568373,35.66331818820385],[127.3252941404331,35.66191558201233],[127.32627866817745,35.66137049103782],[127.32710994711212,35.66095999487093],[127.3276346775727,35.660820797470095],[127.32772162136528,35.660858008305475],[127.32792764052788,35.66094751512667],[127.33150526076474,35.663441233822226],[127.33568291977537,35.66507665376253],[127.35630266488971,35.6691069693719],[127.35685907672232,35.66913556679332],[127.35925629640984,35.668671007735625],[127.35992160544829,35.6682637105422],[127.36106866218496,35.66746509771648],[127.36190382659971,35.66675559567657],[127.36217888006732,35.66584006255219],[127.36235992138255,35.66477535063443],[127.36222543389006,35.66441610088737],[127.36251984612464,35.66324269868723],[127.36425054766396,35.6606654811698],[127.36453156264439,35.660366594050785],[127.36475278654059,35.66034665938633],[127.36631282329013,35.66048544137343],[127.36678347448834,35.66053211451241],[127.36699846983164,35.66113748011891],[127.36724885322364,35.66177678432887],[127.36765041505087,35.66265418011689],[127.37770202875518,35.66443863239367],[127.42829750268213,35.642034628013185],[127.42886577373639,35.64042199759984],[127.42902393943956,35.63997314399069],[127.42991131922956,35.63877919043289],[127.43137358761696,35.63768891857013],[127.43187875042977,35.63697727248544],[127.4322059944276,35.63650762953974],[127.43267758491582,35.63453294367979],[127.43043906315364,35.63180816066958],[127.43049817534599,35.63000532821116],[127.43130197771843,35.628763532070245],[127.43158987989642,35.62840948448539],[127.43206262073875,35.627965656868795],[127.4330979570477,35.62765913241968],[127.43468799020255,35.62619061065536],[127.43519826198789,35.62433406491097],[127.43524038159116,35.623045790869774],[127.43628582551936,35.62213875001901],[127.46872472431022,35.62136727425295],[127.45978045182693,35.67455773750081],[127.52245800225322,35.754314927813475],[127.52038929363353,35.811010656822994],[127.57866339035078,35.793869220957],[127.61996048471984,35.83894326321077],[127.5244245521689,35.98507735111982]]]},"properties":{"name":"진안군","code":"35320"}},
{"type":"Feature","geometry":{"type":"Polygon","coordinates":[[[127.88505877268402,35.90960563827731],[127.88815709148494,35.91481656011874],[127.88240115185475,35.919474515222845],[127.88223681364822,35.92888402931176],[127.9113673784293,35.949181509407],[127.87559740836737,35.99691275484291],[127.8767739752315,36.02251177245244],[127.86614734145414,36.024290714091435],[127.85280793514708,36.03910627697121],[127.84855132615891,36.03972171211851],[127.83908684589143,36.035877232707676],[127.83850042732405,36.03629474073183],[127.83703720515153,36.036196803113455],[127.83039572353753,36.035228776790575],[127.82395676287447,36.03184717208572],[127.81979296855977,36.029796719251976],[127.81911908317576,36.02927129692759],[127.81910812425903,36.02925109450778],[127.81895291571583,36.02896067030298],[127.81894761943391,36.02895056769621],[127.81603810551955,36.028180414069425],[127.81109074411394,36.02737439905554],[127.80550038469805,36.025957137228886],[127.80463996850031,36.025997824665744],[127.8034972690043,36.02630652573772],[127.80073493286352,36.026559278891234],[127.79944095128883,36.026066046481596],[127.79804854012325,36.02543770660734],[127.79726590785604,36.025008633822125],[127.79519673221786,36.0221255646463],[127.79230058713455,36.01993873508056],[127.79081414470282,36.01879837338056],[127.79036899213965,36.01834252895544],[127.79009134057944,36.017856869804596],[127.7900818298918,36.01766824811037],[127.79001220284482,36.01725555131073],[127.78988684952097,36.016955600226254],[127.78988613963205,36.01695448757896],[127.78862032629975,36.0152978368992],[127.78843063087275,36.015114894792106],[127.78788952448575,36.01469769182155],[127.78761896109974,36.01450402244338],[127.78361995382052,36.016420432615],[127.78286387485761,36.016522519893606],[127.7822042101364,36.016524283034485],[127.78153398388581,36.01650892543631],[127.77527418301152,36.01537876291567],[127.77268457132034,36.01411630501282],[127.77174338949494,36.01368386521406],[127.76883342681057,36.01254785493056],[127.7679091396927,36.01235212061526],[127.76688647571034,36.01227077540128],[127.76607214881373,36.012226123003146],[127.76505269452963,36.012297675435526],[127.76426780354564,36.0124299647321],[127.76348901975572,36.012656547155125],[127.76155600580857,36.01332472390559],[127.75928382433854,36.015211626943575],[127.76160501180249,36.02517885625728],[127.70192551036048,36.03527103181521],[127.6950188718684,36.04590818534598],[127.69603920655857,36.050380955129434],[127.69588580434994,36.05431557901567],[127.6952931082833,36.05629376217896],[127.69502156365144,36.057916932263346],[127.69504210801266,36.05875548737448],[127.68901549973127,36.06267155556731],[127.68808985638516,36.06274473068304],[127.68580160947009,36.06228045940935],[127.68554675903972,36.06219094642724],[127.68487919788602,36.06172473392359],[127.68413091735184,36.06116827141968],[127.68391208579456,36.06099097189919],[127.68376552461362,36.06058767298367],[127.68084047557235,36.05823779849321],[127.67800461489432,36.056744317301735],[127.6743480662898,36.05471833390442],[127.66977609776133,36.05137454195634],[127.67273573249281,36.04163009601218],[127.66905901947821,36.03865525006436],[127.66441318488839,36.03751058767769],[127.66089836624056,36.0381940463267],[127.66022890818255,36.03854131016526],[127.65942157977555,36.03963479288597],[127.65442685370705,36.05590289022815],[127.63820316323464,36.06822897051807],[127.62055096113781,36.0642052508972],[127.63974825483817,36.032252393996224],[127.61073511186046,36.025348537933894],[127.61348534895991,36.00060618377189],[127.53142107064211,36.04084277480648],[127.5244245521689,35.98507735111982],[127.61996048471984,35.83894326321077],[127.69973549282088,35.78823092643387],[127.74445289534297,35.84442172585683],[127.84175147280692,35.86624703469159],[127.85954023521825,35.906490587418574],[127.88505877268402,35.90960563827731]]]},"properties":{"name":"무주군","code":"35330"}},
{"type":"Feature","geometry":{"type":"Polygon","coordinates":[[[127.69973549282088,35.78823092643387],[127.61996048471984,35.83894326321077],[127.57866339035078,35.793869220957],[127.52038929363353,35.811010656822994],[127.52245800225322,35.754314927813475],[127.45978045182693,35.67455773750081],[127.46872472431022,35.62136727425295],[127.43628582551936,35.62213875001901],[127.42527883887607,35.6147731241637],[127.42237629323549,35.61498168793115],[127.41965958338386,35.615228985783446],[127.41670126868837,35.614575136646216],[127.41602163010491,35.61439659040423],[127.41189110964635,35.6148482834847],[127.4112535051305,35.615045454051305],[127.41013127957963,35.61498056079502],[127.40020266635236,35.61285582083024],[127.38694291088818,35.61469352516556],[127.37267808835988,35.60618697443256],[127.37176795532204,35.58661541439293],[127.37697697598517,35.58361044118757],[127.37922539897062,35.57751621942091],[127.37232007331322,35.57157332780962],[127.36797561321134,35.57040527303719],[127.36601896535788,35.569203057703696],[127.36349966567506,35.566816226641535],[127.36217916998267,35.5623390369472],[127.36436148999451,35.558769010185834],[127.36365606342771,35.55823634248493],[127.48793604409042,35.536718218832725],[127.5450289164314,35.467813927079376],[127.58486117511039,35.55390555087485],[127.67943626714428,35.76849873642546],[127.69973549282088,35.78823092643387]]]},"properties":{"name":"장수군","code":"35340"}},
{"type":"Feature","geometry":{"type":"Polygon","coordinates":[[[127.30864259707474,35.47790953095319],[127.30705327842682,35.48527607127792],[127.30941574862135,35.49077256110915],[127.31003040234326,35.49250312810373],[127.3103429954585,35.4934916071726],[127.31056318364409,35.49409934621538],[127.31151717422173,35.49564287027578],[127.31212911351193,35.49604553986473],[127.3135270638992,35.49662333326124],[127.31389365249572,35.49670050859498],[127.3139306819613,35.49670692592243],[127.31396186510287,35.49671232821265],[127.32041117949396,35.49379479215453],[127.32491999117603,35.495692462188394],[127.32565606686425,35.49571161364979],[127.32785614266784,35.49471192009711],[127.33122120945836,35.49216777770438],[127.33289687543751,35.49193063363273],[127.33364271371413,35.49189400143666],[127.33779319593644,35.494015785525136],[127.34067006805908,35.4956759738953],[127.34168841370709,35.496601163964556],[127.34177949770384,35.49659738321233],[127.34368943142789,35.496390748560565],[127.35045691606712,35.49667197224223],[127.35098483277638,35.49676964339698],[127.35141535057267,35.49688824210705],[127.35285534675042,35.49740385352594],[127.35626071479179,35.499942442866754],[127.35700013504265,35.50096003035136],[127.35514261021312,35.50561765483704],[127.35481374541676,35.51074146575088],[127.35390337840322,35.512760522448026],[127.35374896727589,35.51303550436789],[127.3376707206115,35.52569796688616],[127.3376464816573,35.52620487671602],[127.33773889727489,35.527790897250796],[127.33777352104995,35.52779178253061],[127.33778126144706,35.52779190630955],[127.33887714093109,35.527797425653674],[127.34022895054389,35.52749872435532],[127.34067649700957,35.525943104955495],[127.34542251105853,35.52723691839115],[127.34699491300613,35.530075925068026],[127.34751149213601,35.53274853360895],[127.35012083736639,35.53549554294808],[127.34964631622519,35.53911517734149],[127.34681584196032,35.542954173870505],[127.33965627776416,35.5444573325026],[127.33401683652193,35.55127072502455],[127.35016552358925,35.551540870075115],[127.35116310522797,35.551932044661356],[127.35253691843437,35.55269690933839],[127.35370584603811,35.55384911714938],[127.35561255960955,35.5557462439278],[127.35577808407487,35.55596107502217],[127.35616723867142,35.556439030126036],[127.35690887651737,35.557238569079374],[127.35882168848693,35.55884185092165],[127.35927265954436,35.55891135477212],[127.3595877027411,35.5588746480254],[127.36009906110363,35.55856950194583],[127.36028255925073,35.558405740740476],[127.36116169057226,35.55729580648885],[127.36365606374251,35.5582363430328],[127.36436149111846,35.55876901016755],[127.36217917123183,35.562339036832235],[127.36349966700935,35.56681622658035],[127.36601896660025,35.56920305783786],[127.36797561465372,35.57040527281406],[127.3723200737503,35.571573327441854],[127.37889943600327,35.576374636894194],[127.37922540038235,35.577516220292104],[127.37697697606589,35.58361044129754],[127.37176795636275,35.58661541410592],[127.3726780898513,35.60618697426314],[127.38694291252556,35.61469352483937],[127.4002026678861,35.61285582053283],[127.41013127945361,35.614980560676756],[127.41125350505115,35.61504545465862],[127.41189111004319,35.614848284492126],[127.41602163164143,35.61439659050286],[127.4196595837001,35.61522898554045],[127.42237629466017,35.61498168883619],[127.42527883914408,35.61477312471754],[127.4268000380471,35.61587149728123],[127.43079533523772,35.61854434169924],[127.43513686640318,35.62140487637301],[127.43628582567993,35.62213875015451],[127.4346879904487,35.62619061039379],[127.43309795720306,35.62765913237556],[127.43206262104955,35.627965656650424],[127.43158987983514,35.62840948427649],[127.43130197914878,35.62876353177238],[127.43049817558463,35.63000532792144],[127.43043906340824,35.631808160617595],[127.43267758504335,35.634532943419046],[127.43220599447315,35.63650762925782],[127.43187875039547,35.63697727224837],[127.43137358799436,35.63768891874275],[127.42991131950139,35.63877919045751],[127.42902393976561,35.63997314367724],[127.4288657737269,35.64042199736809],[127.42829750274824,35.64203462770223],[127.37770202896509,35.66443863202653],[127.36765041550218,35.66265417995079],[127.36678347463373,35.66053211468497],[127.36631282330902,35.6604854410739],[127.3647527881611,35.66034666006685],[127.3645315628314,35.66036659385799],[127.36425054799008,35.660665481014135],[127.36251984626446,35.66324269833765],[127.362225434034,35.664416100648744],[127.36235992182796,35.66477535078621],[127.3621788801623,35.66584006253716],[127.36190382665299,35.666755595466896],[127.3610686623938,35.66746509738723],[127.3599216054133,35.668263710194175],[127.35925629644744,35.66867100783939],[127.35685907696534,35.66913556667279],[127.3563026652526,35.669106969201344],[127.32763467898067,35.66082079750099],[127.3271099473353,35.66095999495824],[127.3262786682105,35.6613704907304],[127.32529414045392,35.66191558188714],[127.32351830567205,35.66331818812881],[127.32334632454338,35.66357551745623],[127.32293539333173,35.66507874016223],[127.322331321201,35.66888138094246],[127.3219165359642,35.67027270829731],[127.31768984066464,35.677301227922094],[127.28807523998523,35.68710364210407],[127.29346750518557,35.71781464439838],[127.27487878870832,35.754512080952416],[127.26862619183336,35.75879631392137],[127.26759343221157,35.76014744111711],[127.26597887830874,35.762335396548735],[127.26560625548264,35.763134903561685],[127.26529853654385,35.76457489892894],[127.26531076295227,35.76497861896349],[127.26539168658216,35.76683704847056],[127.26568984426956,35.768458434013716],[127.2660906602413,35.769306359243465],[127.2686692780558,35.77224305369359],[127.2724530316856,35.77410373797119],[127.27247713804039,35.77581642613574],[127.27209086047637,35.77658801616104],[127.27149034097165,35.77762349025493],[127.27147690001539,35.77764667067788],[127.27144878733448,35.777585777339056],[127.26915219649973,35.777516311961534],[127.26751685190882,35.77762860548434],[127.26501168042786,35.77681388767384],[127.24487588101498,35.75604704756607],[127.25927889792943,35.69308872978719],[127.17746118174286,35.73762722842587],[127.12523422571383,35.69116981550152],[127.13206149356543,35.64036900854209],[127.09295365787398,35.62176246170625],[127.10950201478525,35.50929675338962],[127.14419036059351,35.46191054574355],[127.20300187475071,35.48979427292443],[127.23017088087536,35.47458908997457],[127.24463167634548,35.484468349539654],[127.27143950235593,35.473223217387115],[127.284295669096,35.47893591422649],[127.29247131044714,35.475836239195],[127.29842502129046,35.47820567476846],[127.30190236765401,35.47845485852245],[127.3046911134286,35.478180439450306],[127.30864259707474,35.47790953095319]]]},"properties":{"name":"임실군","code":"35350"}},
{"type":"Feature","geometry":{"type":"Polygon","coordinates":[[[126.86909811711128,35.46152930877159],[126.91945074556928,35.40194227017355],[126.92016311671615,35.40306638128129],[126.93003364592083,35.40600564677456],[126.93316210303831,35.406081319957664],[126.93333834429946,35.40579450162516],[126.93326394794701,35.40517745421622],[126.93317465458962,35.40468204067168],[126.93213911530452,35.401586317727336],[126.93081402212829,35.4015117035718],[126.93032692303758,35.401041958528296],[126.93002519293435,35.40056200806787],[126.93063836338257,35.39875552471482],[126.93536776407325,35.39455619416447],[126.93863761478488,35.39511505241711],[126.94174051078991,35.39427516306105],[126.95426973977135,35.39663514719076],[126.96310274146506,35.394954465774795],[126.97016549069623,35.39697397708164],[126.97381993635803,35.39992758681794],[126.97610144454029,35.40004563571896],[126.9764718958339,35.400742008543915],[126.97657738945472,35.4036014704566],[126.9759796040857,35.40726955473454],[126.97029084082837,35.41979232348472],[126.97019140457944,35.423041403443996],[126.97056200677434,35.42451984392503],[126.97123398034505,35.42713878295853],[126.9713806131773,35.42767121570588],[127.00001615803517,35.4628747820538],[127.00302699597522,35.46446392282582],[127.01429200862074,35.457819349312075],[127.03472214767118,35.46657185056906],[127.05231520767603,35.42651610478841],[127.04692990026275,35.40219371648966],[127.02746315606812,35.394679437836444],[127.0390976834195,35.380143306422],[127.05761859407329,35.38265334184526],[127.06432265778153,35.37600951090171],[127.063594633236,35.36989715701975],[127.06691896116669,35.36818853204839],[127.06867921237057,35.36627989000404],[127.07060767356596,35.36551344161808],[127.07063269055314,35.365211419961945],[127.07024925127855,35.339636574104716],[127.06986201715627,35.339344709976686],[127.06891781964192,35.33873305923493],[127.06508262845747,35.33653057339684],[127.06303206415498,35.33623140245561],[127.06238117716882,35.3362511823546],[127.05525206579058,35.341063274737095],[127.0540444037033,35.34076504237047],[127.05233393455218,35.340264817458205],[127.0521726604893,35.33996264294599],[127.05127777138422,35.33526767533552],[127.0509460781427,35.32937276485836],[127.04875503837052,35.32700242662032],[127.04720047012341,35.32562309747545],[127.04670692093906,35.32556135289457],[127.04648734187425,35.325533973090636],[127.0448578886349,35.324373790860896],[127.0444585049816,35.32404741829751],[127.04309201006686,35.32188539010636],[127.04339305323461,35.321458045673076],[127.0462067546239,35.31859763111058],[127.05090789205919,35.316716443757315],[127.06178389756172,35.31712925513406],[127.06805640117871,35.311417528159055],[127.08119591984685,35.31003877627952],[127.09676395666983,35.30181144243112],[127.11551218544282,35.29959824422808],[127.1454725472247,35.30898042614223],[127.1680463201888,35.332014693609786],[127.17295958244094,35.33046686970944],[127.18616259066543,35.3369492383063],[127.18618617010455,35.33694300189031],[127.18676912563133,35.336211952141376],[127.18722787147387,35.33653249888885],[127.18779920828844,35.33685483605421],[127.19330196936775,35.33812751821778],[127.19413791529176,35.33855079344563],[127.19456713659368,35.33886557289469],[127.26013959096427,35.42696966135592],[127.27370887910868,35.42086442572051],[127.2754188683475,35.42089224987983],[127.27732223593667,35.42423290960173],[127.27832042159463,35.42475683962082],[127.29158885125713,35.42649895617849],[127.29245765219002,35.427862198249514],[127.29381382908612,35.42991095237639],[127.29384756884558,35.42996185925309],[127.29650491813992,35.433401488484755],[127.2982303679377,35.444162975775946],[127.31377839995413,35.46369338461553],[127.31426964090454,35.466219396598575],[127.31115821324876,35.46932565180834],[127.31027488926668,35.47606909379967],[127.30864259707474,35.47790953095319],[127.3046911134286,35.478180439450306],[127.30190236765401,35.47845485852245],[127.29842502129046,35.47820567476846],[127.29247131044714,35.475836239195],[127.284295669096,35.47893591422649],[127.27143950235593,35.473223217387115],[127.24463167634548,35.484468349539654],[127.23017088087536,35.47458908997457],[127.20300187475071,35.48979427292443],[127.14419036059351,35.46191054574355],[127.10950201478525,35.50929675338962],[127.05430560619281,35.50937444303918],[126.97506870263562,35.55612685591816],[126.93110396809442,35.52477465626093],[126.93585838787399,35.481959836077145],[126.86183346032264,35.480485800453195],[126.86909811711128,35.46152930877159]]]},"properties":{"name":"순창군","code":"35360"}},
{"type":"Feature","geometry":{"type":"Polygon","coordinates":[[[126.7181261512285,35.57327414968691],[126.71622308295402,35.57294145594886],[126.71052919417346,35.573720706279104],[126.7051380744153,35.57482151360897],[126.70415043444648,35.57477913534357],[126.69877891125266,35.57096692110741],[126.69333382213485,35.57080166834628],[126.69267766908327,35.56966655635461],[126.69228093120101,35.569520584458196],[126.69217280906243,35.56948147078934],[126.69213896322253,35.56947075944473],[126.68661830578107,35.56949563012764],[126.68534769645181,35.56981431673509],[126.68451435637229,35.57010247993042],[126.68269911214642,35.570841545907165],[126.6776582069256,35.57196223864943],[126.67403007845674,35.5701783544434],[126.6722740172138,35.56959026986303],[126.66926456034318,35.56984770814573],[126.67513696358327,35.54621496374709],[126.62603579333428,35.57346964599927],[126.59538547634537,35.529748884535906],[126.48501051405869,35.52235918784216],[126.42947138866589,35.44963933366304],[126.4502165489897,35.42788436820784],[126.4917327360108,35.411148472848325],[126.4773810898037,35.38617868754816],[126.53232360916931,35.306743536125715],[126.58491449325241,35.30078730229879],[126.60417090732201,35.33565839769684],[126.64479907524732,35.31977534498866],[126.72621126843727,35.370928235109325],[126.75420029432895,35.41650415517158],[126.73771534769612,35.44949358375131],[126.77262050122673,35.46789771461694],[126.76936939942678,35.56077000572227],[126.75439316681083,35.57432564903242],[126.73971387496111,35.568345046618305],[126.7181261512285,35.57327414968691]]]},"properties":{"name":"고창군","code":"35370"}},
{"type":"Feature","geometry":{"type":"MultiPolygon","coordinates":[[[[126.30386196369253,35.621908697139006],[126.24848537434889,35.5872683298342],[126.26571245680724,35.56709406835419],[126.30386196369253,35.621908697139006]]],[[[126.82746776912498,35.714753461919614],[126.82319495300503,35.712638168085],[126.82235492220394,35.71687514175307],[126.81306459661722,35.71562918402318],[126.81364482726498,35.72897036819194],[126.80475914865491,35.726399995288354],[126.80669994084062,35.74541549606348],[126.78305610982231,35.75174173511839],[126.7629594158373,35.79663961392466],[126.69820423138022,35.81286901174733],[126.70649947449658,35.79635452834912],[126.63146006518906,35.79948613794549],[126.62862178297453,35.74906634290726],[126.56937428390876,35.686425349706624],[126.52446451405378,35.732653863393466],[126.55636748181483,35.69778057719342],[126.45810934559518,35.637790116151166],[126.46647072408834,35.59867963719899],[126.50869639006588,35.57920026898011],[126.5935658301226,35.5901023856997],[126.65754248819066,35.58687821610289],[126.66479306015275,35.57593940111196],[126.67316661566184,35.56994788475716],[126.67765820646638,35.57196223876269],[126.6826991119444,35.570841546165724],[126.6845143562313,35.570102479802856],[126.68534769619615,35.569814316652526],[126.68661830558356,35.569495629515416],[126.69213896280895,35.569470758772084],[126.6921728088397,35.56948147064274],[126.69228093126056,35.5695205847511],[126.69267766882992,35.56966655646932],[126.69333382217444,35.57080166858709],[126.69877891093434,35.57096692136258],[126.7041504342266,35.57477913555977],[126.70513807436075,35.57482151367306],[126.71052919390317,35.57372070636557],[126.71622308271473,35.57294145595012],[126.71812615118817,35.573274148956024],[126.71660779762553,35.574135817398215],[126.71649664594322,35.5742211845042],[126.7157901721986,35.575267675565314],[126.71576885035147,35.57540014147795],[126.71552336529362,35.57938367644582],[126.71552763977247,35.5794908575904],[126.71552770919062,35.57949143508543],[126.71558082546875,35.579629430828675],[126.71646641491152,35.581365802911975],[126.71662134361418,35.58162599246688],[126.71760885959489,35.583214866118546],[126.71820378030714,35.58370479862986],[126.72425183574857,35.58363688603443],[126.72441732649881,35.59181362963009],[126.72157192638964,35.59486931824854],[126.72138059742268,35.596437811356815],[126.72141682496894,35.5971559504325],[126.72161285289178,35.59775463538029],[126.72235551924065,35.601020278204075],[126.72235558653321,35.601020853876605],[126.71996005161668,35.61039481766092],[126.71996830922157,35.610498195635714],[126.71996837864171,35.61049877853541],[126.72099853448489,35.61529671011913],[126.722147810704,35.61689915178508],[126.72246517860064,35.62441839000602],[126.72224588850554,35.62587331513932],[126.72208548145062,35.62592406328802],[126.72152057307119,35.626921201868434],[126.72076994415733,35.62878735787481],[126.72025507364589,35.63023496949724],[126.72060108679814,35.63097581730052],[126.7212369429362,35.63150876484921],[126.7213066397834,35.631555117929835],[126.72208314420836,35.63182322132058],[126.72284429005899,35.63202269369646],[126.72683045879559,35.64819712840901],[126.72845418206329,35.64933262333645],[126.73784627411912,35.65031368417264],[126.7439975649006,35.66642658571891],[126.74471048861058,35.66603031334643],[126.74571014652176,35.66547772519515],[126.7460999732033,35.66526464337977],[126.75018634200467,35.66349307489108],[126.75155309665142,35.66774176421276],[126.75173406428361,35.6677065121961],[126.75419530841793,35.66714364355475],[126.75534563359653,35.66687829434576],[126.75600277212997,35.665020610156276],[126.76068851645908,35.66231144409283],[126.76189515348631,35.66201758220764],[126.76224604933272,35.66193236903783],[126.76321797176433,35.66197175359714],[126.76527886844708,35.66446713600905],[126.76527880040456,35.66446756837191],[126.7648409814141,35.66686156272726],[126.76498761948305,35.673175974983316],[126.77297936620843,35.683580570193826],[126.77509960413306,35.68348331661204],[126.77544902966976,35.68327471541463],[126.77728475595235,35.68216312576345],[126.77720736647703,35.679602500637685],[126.77876787486714,35.67865101933679],[126.78345594496132,35.6758007374893],[126.78711484986903,35.675287658469465],[126.78852100930821,35.676171717605676],[126.78890522882149,35.676029877834374],[126.78896624795715,35.67600041439638],[126.78903280771702,35.675753660584256],[126.78964867865457,35.67612287414505],[126.78982493814785,35.67623568967198],[126.79191301610074,35.67797288962015],[126.79800133178723,35.68484437700496],[126.80578560041377,35.67578923472579],[126.81421935965638,35.68332194074831],[126.81575580533091,35.683470641763044],[126.81891675861017,35.6817341869556],[126.81878398448245,35.68069203101193],[126.81917913121468,35.68065812920297],[126.8265163833281,35.680041356650385],[126.8270725892516,35.679996676277526],[126.82709867514703,35.6799946049887],[126.82731604635177,35.68019784986802],[126.82742803819797,35.68148359939854],[126.82792407594113,35.682576813959685],[126.8288036682682,35.684377813501946],[126.82967964536842,35.68499625597009],[126.83252670646195,35.686080868357664],[126.8345875686491,35.68703317367839],[126.83490329074127,35.68768647541631],[126.8361628757505,35.69145272102065],[126.8364022929283,35.69221603186717],[126.83796205719875,35.69707404709462],[126.8392113840527,35.6958249424798],[126.84060026986195,35.69582737089277],[126.84090513665815,35.697659724828235],[126.83977540507114,35.69820576265427],[126.83666074798636,35.699163087981674],[126.83347402484901,35.700860815768245],[126.83477194449071,35.703029052204606],[126.83483542605029,35.703333604054826],[126.8348298315965,35.703532290068125],[126.83482763024371,35.70359635960305],[126.83482120117881,35.70378266897311],[126.83443741427469,35.70426868046325],[126.83403612294067,35.70454217232049],[126.83199262805135,35.70518653255003],[126.8263438306769,35.71200966304401],[126.82638801256995,35.71383296031943],[126.82746776912498,35.714753461919614]]]]},"properties":{"name":"부안군","code":"35380"}},
{"type":"Feature","geometry":{"type":"Polygon","coordinates":[[[126.4583352033948,34.79337128503172],[126.41235018274476,34.843840166094644],[126.35000005002554,34.79635703943061],[126.44544359651407,34.79134232079474],[126.4583352033948,34.79337128503172]]]},"properties":{"name":"목포시","code":"36010"}},
{"type":"Feature","geometry":{"type":"MultiPolygon","coordinates":[[[[127.29920600245168,34.056981355439696],[127.28098342335657,34.03545047325951],[127.32305375791603,34.00592681504141],[127.29920600245168,34.056981355439696]]],[[[127.25981315575133,34.24658641769554],[127.22647553704898,34.21312932825277],[127.2585586836289,34.21201154938114],[127.25981315575133,34.24658641769554]]],[[[127.76967029303665,34.53045815673085],[127.75776007289153,34.551498317302226],[127.69630446659426,34.538878596779156],[127.78991543327545,34.48690382567407],[127.76967029303665,34.53045815673085]]],[[[127.6637225387136,34.5830697452495],[127.63880515874068,34.55677939324849],[127.70453405442757,34.56402742662331],[127.6637225387136,34.5830697452495]]],[[[127.53484160179141,34.59769710643684],[127.56410523501661,34.61359633268467],[127.52217935320093,34.61520752375755],[127.53484160179141,34.59769710643684]]],[[[127.78639441704846,34.71202563759696],[127.73691294090179,34.73130841920502],[127.7630422771026,34.687589179725656],[127.71170703841742,34.62146508759941],[127.78966699193019,34.58479028330482],[127.80654173115528,34.6608068049577],[127.75917106872812,34.70389520038554],[127.78639441704846,34.71202563759696]]],[[[127.59898806490379,34.88284410696304],[127.61327073421344,34.89209564255433],[127.61230828092587,34.893098896281],[127.60704039624551,34.895898157865915],[127.60227961729929,34.89820722316647],[127.6012515447273,34.89859962123235],[127.60029063036367,34.8986743070726],[127.59970586407255,34.89864518611021],[127.59962961233454,34.89861554740462],[127.5988601814428,34.89831619834738],[127.59868440463066,34.898109834799364],[127.59808050375392,34.897400802534634],[127.593696593404,34.8901022448008],[127.59311499221936,34.88974182350719],[127.59051329123729,34.88876339292191],[127.58919034804019,34.88834056048288],[127.58748314231084,34.887612195636535],[127.59195014130437,34.882670182151955],[127.59171318244474,34.88261977413449],[127.59110933267577,34.882690304921354],[127.59085835204027,34.88281115560963],[127.58627675069773,34.887474180350736],[127.54937634407267,34.88948025995673],[127.5480442940596,34.88901415786769],[127.54792064911123,34.8889534469447],[127.54762222761548,34.88877521670903],[127.5469907545014,34.88775568563248],[127.54691575445088,34.88763222838196],[127.54181709336166,34.88491789391593],[127.53843645561594,34.8828895524987],[127.53697522304913,34.881110847079555],[127.5369562705205,34.88108768477819],[127.53609229398315,34.87979152995968],[127.53548611660793,34.878078890619015],[127.54131497521601,34.86782892370745],[127.55066980086644,34.863943572855646],[127.55005777976572,34.85515224135148],[127.54836571471193,34.85297357821926],[127.54463975897286,34.84990500035722],[127.54279091001783,34.840263498359995],[127.53808749375602,34.83166792585512],[127.5260440187186,34.82245013922908],[127.52314772561438,34.8104107450919],[127.55743106286984,34.80674046353583],[127.59411449150818,34.74845560613091],[127.54850387403921,34.712956000577435],[127.58139641747711,34.69373862835682],[127.55286165657114,34.693504154836155],[127.55362480433563,34.65854190805454],[127.63720078308604,34.62600191526416],[127.61378840776038,34.70686374115207],[127.64279270755779,34.706211525338006],[127.66253699703466,34.75676156975574],[127.69839762768315,34.72100817428147],[127.75480780269561,34.738676980753795],[127.77616097142528,34.85603644290042],[127.69499682446077,34.86473728649469],[127.63621028543363,34.82808078139221],[127.59898806490379,34.88284410696304]]],[[[127.72563260942397,34.89375423634326],[127.69796371246919,34.87296174096818],[127.74615311070572,34.87330004358165],[127.72563260942397,34.89375423634326]]]]},"properties":{"name":"여수시","code":"36020"}},
{"type":"Feature","geometry":{"type":"Polygon","coordinates":[[[127.57858543744896,34.91883126483283],[127.54783523687831,34.959085654466826],[127.56779559393438,35.00155093986025],[127.52608503475275,35.066064790261684],[127.53190365466173,35.0841009223298],[127.5290418212734,35.09481485067077],[127.53475305304475,35.10517467872732],[127.53505262262506,35.10535898725295],[127.53500544900348,35.10553566017669],[127.53372491352009,35.106905851020066],[127.53221426161949,35.10802802779423],[127.53189479008053,35.10866093774194],[127.53201250548331,35.109583179932166],[127.53213582560805,35.1102310511317],[127.53218162026216,35.11142555233423],[127.53190289598673,35.11250332514145],[127.52689754889985,35.11408050778029],[127.51873064781206,35.12580379413032],[127.4961204539943,35.12761672033594],[127.48133464459087,35.15222152557942],[127.44536883026473,35.16867086623757],[127.4354684805355,35.17850842675431],[127.42132816780378,35.186867098735206],[127.41507492261859,35.189118734037386],[127.40955980915008,35.1881433120379],[127.40918182956896,35.18534659689146],[127.40886329748676,35.18401396012295],[127.40842948892248,35.18302000294565],[127.40735603674909,35.181168667500344],[127.40678348490097,35.17986335739421],[127.40731635328724,35.17622253094624],[127.41155496309788,35.168638789981095],[127.41154287604769,35.165547080697905],[127.4103766775227,35.161955355021114],[127.41209697567567,35.15752223061094],[127.41228028790633,35.15721261889224],[127.41197034928365,35.15641583272867],[127.41145199366129,35.15563849098725],[127.41081311810221,35.15411384909571],[127.41087563009776,35.1487568195332],[127.41076180555206,35.147496577992385],[127.41044309672095,35.14644251868318],[127.4099779346462,35.14548809990449],[127.40943682366404,35.14518205781057],[127.40528076931102,35.14372987215897],[127.40011724552225,35.138680535485115],[127.39561399221782,35.128688864071194],[127.38684491508569,35.125988220946006],[127.375935258026,35.10097672571437],[127.34467138114644,35.09836331885573],[127.3225552388097,35.0694578730108],[127.26144063752925,35.08200900050471],[127.2600493188791,35.096925004767584],[127.24634081369734,35.110212931438284],[127.24177244386618,35.101605877083074],[127.23221819328673,35.115394815607225],[127.21949784523223,35.11845201342202],[127.21810529350935,35.12187036927982],[127.21806159920546,35.12433637140022],[127.21911028914913,35.12592736225467],[127.21929418499204,35.12655332137776],[127.21968269069261,35.12876391255446],[127.21955753833706,35.129014689449114],[127.21951814150438,35.12909333983757],[127.21892872494145,35.129620476889244],[127.21458174087095,35.13261009278622],[127.21383741691818,35.13284076508988],[127.20416781171663,35.12901425433046],[127.19783530467954,35.13165745767471],[127.19220150497972,35.130066680207406],[127.1922289556065,35.12853278987318],[127.19168729288502,35.12752650871117],[127.18926099134264,35.124716371671816],[127.18808804808701,35.1227254698611],[127.18868158350355,35.121642222801405],[127.18953265961461,35.12007972382499],[127.18965969455648,35.11923619787824],[127.18859510765115,35.11618167216542],[127.18860417612001,35.11617025662068],[127.19083990202695,35.11229825587643],[127.19083867144474,35.11228713640483],[127.19062942084771,35.11103358068129],[127.19049303558778,35.11023721691409],[127.19034772337892,35.10980268236032],[127.1901566848487,35.1092342741918],[127.19014358757262,35.109205847216764],[127.18929053177999,35.10843157967418],[127.1884807258995,35.10813129924727],[127.18758768445878,35.10656628016049],[127.18726006364697,35.101915615900545],[127.18306740802977,35.09889113975979],[127.18168905121789,35.094969171768255],[127.1826264275497,35.09251480569438],[127.1858512169923,35.09225065865908],[127.18564704694946,35.069192935322626],[127.19240496106654,35.06402709046541],[127.18767717284926,35.012368708472046],[127.18441398651517,35.011499761139426],[127.18254188614179,35.01112990987788],[127.17787903828756,35.006511588900054],[127.177540364687,35.005745911123114],[127.1775145591639,35.00568735946254],[127.17751713322639,35.005686651911056],[127.17791965174162,35.005574377515245],[127.17814748344149,35.00549334762826],[127.17836226910049,35.005000232723525],[127.17795592530449,35.00253936367502],[127.17773974131174,35.00222024893533],[127.17771965885034,35.00219380555756],[127.17690778653744,35.001690634143664],[127.1757571990273,34.99853155136303],[127.17577509283298,34.99793056812734],[127.17656945445675,34.996419753555855],[127.17732023785845,34.99559067192855],[127.17785319316573,34.99470499732432],[127.17781550611954,34.99461055199286],[127.17749682669883,34.99381244850667],[127.17686499974876,34.992550306896675],[127.17568471993994,34.992114414650366],[127.1755174109079,34.99166509198513],[127.17488419616603,34.98907242658436],[127.17489610624465,34.98863298806862],[127.1757519682986,34.98694603970373],[127.17618054690038,34.98657290147145],[127.17754669571552,34.985772649615726],[127.17883486265508,34.98540570590014],[127.17922624954117,34.98509387961222],[127.17742925306197,34.98198998394469],[127.17585588396726,34.98018442012896],[127.17517389454979,34.97901247708255],[127.17493448100122,34.97851170515047],[127.17489899569654,34.978401905686006],[127.17484365142032,34.97812354818024],[127.17526023112947,34.97762878772058],[127.17587654373456,34.97787291855365],[127.1775727565305,34.976493468510704],[127.183380009629,34.96838669303838],[127.18905099930016,34.96785943713991],[127.19820945621069,34.98751897218731],[127.22124196219163,34.955400797568494],[127.22740045564504,34.89498276712642],[127.30651451040356,34.903041306366816],[127.33882850854603,34.868178472234284],[127.36677749818165,34.86767856376418],[127.38079373953707,34.842758898079595],[127.40380423098999,34.84254707232612],[127.40555685658605,34.84203535648222],[127.41034677592586,34.838993063271445],[127.41161977141383,34.8385115237417],[127.41198220424684,34.838342158513775],[127.41385697634756,34.83702294771568],[127.41534050282482,34.8353475804717],[127.4170219302345,34.83267027570044],[127.48595837394275,34.841743010884855],[127.5178510057516,34.87867681429692],[127.53986810942958,34.841572055389406],[127.54298340650767,34.843568732519095],[127.54463975896893,34.8499050009312],[127.54836571470985,34.852973578227896],[127.55005778017814,34.85515224134321],[127.550827391064,34.86305264225209],[127.55066980094163,34.86394357347188],[127.54984598277407,34.86461111875089],[127.54642650127478,34.866435830002544],[127.54131497564806,34.86782892442308],[127.53548611688574,34.878078890493704],[127.53609229410823,34.87979153004312],[127.53695627095438,34.88108768474793],[127.53697522301286,34.881110847174504],[127.53843645610677,34.882889553105116],[127.54181709386646,34.884917894608634],[127.5469157544295,34.88763222837122],[127.54699075449965,34.8877556862505],[127.54762222791042,34.88877521659866],[127.54792064928682,34.88895344747459],[127.54804429423284,34.889014157982814],[127.54937634408768,34.88948026000321],[127.58627675102642,34.887474180907766],[127.59085835220235,34.8828111562152],[127.59110933288805,34.882690305541864],[127.59171318252803,34.8826197740409],[127.59195014161313,34.88267018207845],[127.59217806068408,34.882741454138745],[127.58748314277146,34.8876121956052],[127.5891903479258,34.88834056042114],[127.59051329138752,34.888763393481696],[127.59311499212502,34.889741824201],[127.5936965936922,34.890102245390416],[127.58560634670566,34.91870519913284],[127.57858543744896,34.91883126483283]]]},"properties":{"name":"순천시","code":"36030"}},
{"type":"Feature","geometry":{"type":"Polygon","coordinates":[[[126.77134636292975,35.07018331266589],[126.73265603903714,35.112855427498914],[126.65519808816407,35.1148558709104],[126.6231973101967,35.086917899556184],[126.59506956098696,35.09837859591881],[126.5988712535367,34.99651735244693],[126.54117946765912,34.975032765253744],[126.54240998903505,34.91992244607927],[126.51330964985053,34.92077514142527],[126.55699849561891,34.86904983757794],[126.60486671041566,34.93008276859975],[126.63148272706253,34.88881460746479],[126.67544594684747,34.882093441251655],[126.67629135179851,34.94623020437547],[126.72515227655121,34.88954475491124],[126.82387771440203,34.87108368383101],[126.87643128480255,34.89887092365498],[126.89198856860664,35.07795308446632],[126.80731450013269,35.05102029910285],[126.77134636292975,35.07018331266589]]]},"properties":{"name":"나주시","code":"36040"}},
{"type":"Feature","geometry":{"type":"MultiPolygon","coordinates":[[[[127.5936965936922,34.890102245390416],[127.59808050362332,34.897400803252275],[127.59868440456019,34.898109834829185],[127.59886018171639,34.89831619829238],[127.59962961221382,34.89861554742303],[127.59970586438963,34.89864518668921],[127.6002906306899,34.89867430723507],[127.60125154496218,34.89859962186691],[127.60227961740938,34.89820722314682],[127.60704039673196,34.895898157953376],[127.61230828082017,34.893098896345215],[127.61353014797771,34.89478099056095],[127.58560634670566,34.91870519913284],[127.5936965936922,34.890102245390416]]],[[[127.73795412390304,34.94011421543666],[127.70462769267303,34.913290031968614],[127.78424059386799,34.88653062996962],[127.73795412390304,34.94011421543666]]],[[[127.57858543744896,34.91883126483283],[127.59894086658142,34.92628883601898],[127.62273541592053,34.9053379304651],[127.65637722460542,34.90925983659049],[127.6243593157974,34.902178583830526],[127.63933848916076,34.88378495460671],[127.73109121184787,34.954852787109],[127.76854019033479,34.93379405191505],[127.75271827432282,34.961994103960805],[127.76403108011498,34.97671534974043],[127.77164631316246,34.981061666059624],[127.7768402294077,34.98681951928473],[127.78003573040766,34.98919103221399],[127.78034204040331,34.98973128412344],[127.78057050556171,34.99040019682581],[127.78047700859236,34.994006201430686],[127.78128513786237,34.996856742371044],[127.78448153570616,35.00343559468532],[127.78529227253557,35.005672188540395],[127.78622290220386,35.00888046340189],[127.78676760635986,35.010926101711384],[127.786480490147,35.0163125160121],[127.78643647268304,35.016865588712555],[127.7862648708647,35.01761030090484],[127.78551955201206,35.01983947812401],[127.78520772936469,35.020423988804986],[127.78484075964856,35.020935338267776],[127.78390788531527,35.02174157991009],[127.7816800238461,35.02334229374555],[127.77878848726272,35.02472681186417],[127.77162500863511,35.033722561777566],[127.76966441172493,35.04622819404651],[127.7680703359801,35.05039995217142],[127.76769097353653,35.05089358011418],[127.7653215186811,35.053628035220214],[127.76428237129063,35.05448592923952],[127.76344637899024,35.054832279504446],[127.76155250472836,35.055093580505876],[127.7597508672437,35.05518175120122],[127.75715284252098,35.05501811720382],[127.7515415376921,35.05672437537484],[127.74326140300624,35.06095584110517],[127.73635453450072,35.07360047663105],[127.71612093872605,35.08347125069099],[127.70662406544862,35.09540920555304],[127.69726290630601,35.10177829727502],[127.6953337005268,35.10538457561275],[127.69500445210517,35.106007545795244],[127.69485365773632,35.106293168972115],[127.69489362036784,35.11404615339051],[127.69523293962062,35.120712429295764],[127.69478390676258,35.124320347670206],[127.69462885487404,35.124998076207206],[127.69384836157055,35.12793104473181],[127.69328429126529,35.128933623443125],[127.68868386537079,35.13517112081151],[127.65933574716618,35.15896476923238],[127.64837176045448,35.16039172782714],[127.63999616290177,35.17073601630648],[127.63749559229667,35.173125880671485],[127.63202952453983,35.17620054197209],[127.62902688213289,35.180228619083834],[127.62745753722507,35.181595075619825],[127.62658647770456,35.18204348179861],[127.62525641413409,35.1824534074317],[127.62462470363792,35.18257410994679],[127.62367597809555,35.18235562973952],[127.62050172266213,35.180644291269175],[127.62040104600648,35.18053340991084],[127.61995571907616,35.180032199786794],[127.61995462411765,35.17997770105805],[127.61996294008453,35.178720586044385],[127.62001133414428,35.17854260587547],[127.62019435528308,35.17822493352984],[127.62012446272082,35.17744437373469],[127.61995694005518,35.17715876742686],[127.61864372307745,35.175206335504576],[127.61609245639156,35.173059339841174],[127.61565618254079,35.17056119437816],[127.61470047964443,35.168208735479666],[127.61050679166695,35.16367915719045],[127.60911679769207,35.16169558824165],[127.60748927250555,35.16095056364136],[127.6069270838453,35.15918830571097],[127.60635525809134,35.15669910719699],[127.60601660806844,35.15303981420924],[127.6059139460668,35.152723164081024],[127.60503445155936,35.150471388734395],[127.60422611308019,35.149701802438216],[127.604145088544,35.14943349772048],[127.60410213516317,35.14900191694997],[127.6039273883679,35.14688323193068],[127.60494476736383,35.14438539705364],[127.60650201316278,35.14334136982581],[127.60681413511261,35.14281788151759],[127.60687796277531,35.14210775681658],[127.60686755339441,35.14167418354367],[127.60685293100568,35.1412272466206],[127.60646020874036,35.13855025267443],[127.60585343188937,35.13643540847426],[127.6051356212298,35.13571707513691],[127.6043239450637,35.13354423301932],[127.6042490235723,35.13324124971961],[127.60425788390339,35.13309318800618],[127.60427368559928,35.13286579954742],[127.60430770326042,35.132643251854255],[127.60501629192153,35.12853749373367],[127.60407148469864,35.11854199347917],[127.59871916069933,35.120062686654414],[127.5948311971381,35.12213022855442],[127.58381893616901,35.11902611055292],[127.56375746529449,35.10828143882855],[127.56338714920406,35.10591543350623],[127.56388974271334,35.10473331948273],[127.56384568770764,35.102087788610675],[127.56331109982995,35.10077725434598],[127.5622701561488,35.09896698279848],[127.56153529441288,35.098006783448945],[127.55964420858446,35.09560354754437],[127.55929235083505,35.095467144158015],[127.55442795443577,35.095293381028824],[127.54239581050878,35.09962597790093],[127.53732110357232,35.1030999687937],[127.53520116947635,35.104643173573244],[127.53475305304475,35.10517467872732],[127.5290418212734,35.09481485067077],[127.53190365466173,35.0841009223298],[127.52608503475275,35.066064790261684],[127.56779559393438,35.00155093986025],[127.54783523687831,34.959085654466826],[127.57858543744896,34.91883126483283]]]]},"properties":{"name":"광양시","code":"36060"}},
{"type":"Feature","geometry":{"type":"Polygon","coordinates":[[[127.09676395670408,35.301811441797405],[127.08119591946021,35.31003877562674],[127.06805640116937,35.311417527081396],[127.06178389617249,35.31712925455068],[127.0509078917621,35.31671644288376],[127.04620675455321,35.31859763049146],[127.04339305331713,35.32145804512939],[127.04309201006551,35.32188538938624],[127.04445850357827,35.32404741735901],[127.04485788726551,35.32437378999738],[127.04648734172282,35.32553397210843],[127.04670692106761,35.325561351999696],[127.0472004688036,35.32562309677242],[127.04875503833215,35.32700242559099],[127.05094607798604,35.32937276423541],[127.05100820507886,35.329529262530016],[127.0512777714731,35.335267674610456],[127.0521726603557,35.339962642810065],[127.05233393324711,35.34026481656156],[127.05404440341027,35.340765041714434],[127.05525206585236,35.34106327404627],[127.06238117593061,35.33625118179907],[127.06303206381536,35.336231401659425],[127.06508262684385,35.33653057251683],[127.06891781835093,35.338733058291844],[127.06986201708942,35.33934470920351],[127.0702492499234,35.33963657329613],[127.0674482226088,35.34546386860514],[127.06990030453184,35.35140449438817],[127.06517043298527,35.356545463054914],[127.06525609760637,35.35776412607374],[127.06825425763842,35.3603085840016],[127.07060767212204,35.365513440640115],[127.06867921240767,35.36627988908594],[127.06691895985823,35.36818853106647],[127.06359463270731,35.36989715637257],[127.06432265617609,35.37600951015115],[127.05761859386017,35.38265334129255],[127.03909768352581,35.38014330587753],[127.02746315508418,35.39467943709048],[127.05231520743723,35.42651610419158],[127.03472214725406,35.466571849732006],[127.01429200866292,35.45781934855428],[127.00302699453155,35.46446392200821],[126.99454552706274,35.43980412825427],[126.98162538013273,35.426646418663005],[126.97138061322558,35.42767121506172],[126.97123398025055,35.4271387821033],[126.9705620054966,35.42451984322662],[126.97019140318734,35.423041402630616],[126.97029084044513,35.41979232286684],[126.97597960378016,35.40726955391185],[126.97657738896402,35.40360146949663],[126.97647189437691,35.400742008004165],[126.97610144438251,35.4000456348388],[126.97381993625861,35.39992758622333],[126.9701654902278,35.39697397618866],[126.9631027411232,35.39495446510777],[126.95426973977965,35.39663514627609],[126.94480036627445,35.394449454543704],[126.94174051061707,35.3942751622336],[126.93863761319251,35.39511505160244],[126.9353677641065,35.394556193557236],[126.93308605614405,35.39583935596492],[126.93063836339017,35.39875552393312],[126.92999647349016,35.40018506788789],[126.93002519147768,35.4005620075267],[126.93032692305387,35.401041957741356],[126.93081402226547,35.40151170287258],[126.93213911541378,35.401586316711885],[126.9331746546969,35.404682039937995],[126.9332639474854,35.40517745363309],[126.93333834383904,35.40579450101825],[126.93316210296044,35.406081319098064],[126.93003364546377,35.406005646153574],[126.92016311625258,35.40306638053168],[126.91945074513443,35.40194226931928],[126.92071343276376,35.40114175783781],[126.92167011005087,35.40060071039717],[126.9246068952795,35.399359303857416],[126.92565617585126,35.39685145921861],[126.9254210344687,35.394796105793795],[126.92474572117288,35.3937982702754],[126.92426055212665,35.3931213653152],[126.92432344893864,35.39085834028284],[126.92510929015901,35.386656634338394],[126.92431944388946,35.383126266115916],[126.92436990890985,35.381698277965455],[126.92454351206385,35.38065990970954],[126.92431663786111,35.37992877554466],[126.92426906194163,35.37987064706321],[126.92395222807531,35.37948968976093],[126.92387713188303,35.37942770781136],[126.92301838977824,35.37972261907418],[126.92196332567678,35.38031177096489],[126.92194151952161,35.380326944573405],[126.92144865597378,35.38070490365644],[126.9205930780404,35.383019123000025],[126.91490837425918,35.387131831702725],[126.91436686123356,35.383727103186],[126.91349003236624,35.382425527881104],[126.90286704589587,35.37779677249107],[126.89562299668329,35.366103831488246],[126.88417846094896,35.36212556954674],[126.88298798950066,35.35091101691798],[126.87883481085537,35.34948724925726],[126.87844946407961,35.347688980342696],[126.87653150012996,35.3444862298757],[126.87596711856706,35.34294038560296],[126.87595142805985,35.34289260778678],[126.87579619642636,35.34239626182577],[126.87579506547705,35.34239049788762],[126.87598921421329,35.341793943841196],[126.87618996451893,35.34149264102626],[126.877689844551,35.34082506743902],[126.88407936554378,35.33182618656868],[126.8867109101516,35.327870601316654],[126.88775778155824,35.326032036605895],[126.88034032861816,35.32143558082997],[126.8744079105444,35.32309340616447],[126.86277941031106,35.322439276646385],[126.86118288155642,35.32096741683725],[126.8542026127407,35.29447803576516],[126.87958128539726,35.251521559567195],[126.8786565171516,35.24947197544664],[126.87864242755705,35.24935731825338],[126.87921010121094,35.24804292853611],[126.88953320293678,35.246668508335674],[126.909419834036,35.258442816927946],[126.92937210379534,35.25241483434258],[126.96814715635995,35.18114273135205],[127.02141648311681,35.173037999780064],[127.00871297976344,35.1337492095974],[127.08018469924177,35.12001749067556],[127.06395178322208,35.18106819465938],[127.11799807851307,35.194943205209135],[127.08123250880458,35.2476688414439],[127.09676395670408,35.301811441797405]]]},"properties":{"name":"담양군","code":"36310"}},
{"type":"Feature","geometry":{"type":"Polygon","coordinates":[[[127.3845673819259,35.30245770203078],[127.22205455189314,35.334885659657374],[127.20424526943694,35.31555717518365],[127.18773053365462,35.32258100903529],[127.18676912428066,35.33621195154985],[127.14547254599138,35.30898042517106],[127.11551218383548,35.299598243418316],[127.09676395670408,35.301811441797405],[127.08123250880458,35.2476688414439],[127.11799807851307,35.194943205209135],[127.18595166976608,35.21414964660677],[127.20103519205934,35.18681686272741],[127.18868879917851,35.16461202906731],[127.19716452390014,35.15683442006257],[127.1959049116453,35.13880727834138],[127.19753709829214,35.1326080943875],[127.19778823460311,35.13170297900294],[127.19783530437228,35.13165745669579],[127.20416781144824,35.12901425325391],[127.2145817407192,35.132610091724935],[127.21892872503811,35.129620476200145],[127.21951814129731,35.12909333926136],[127.21955753791897,35.129014688519305],[127.21968269073807,35.128763911784226],[127.21929418506288,35.12655332071854],[127.219110289283,35.12592736134023],[127.21806159923571,35.12433637039043],[127.21810529319602,35.121870368451525],[127.21949784522073,35.11845201270449],[127.24177244342134,35.101605876450044],[127.2457627031435,35.10186536261746],[127.24634081339178,35.11021293078355],[127.26144063724468,35.08200899962726],[127.3225552388544,35.06945787214805],[127.34467138121107,35.09836331809868],[127.37593525754401,35.10097672487132],[127.40997793452722,35.14548809887165],[127.41044309663617,35.146442517775405],[127.41076180524621,35.14749657725617],[127.41081311775243,35.15411384831896],[127.41145199313047,35.15563849003954],[127.41172493176114,35.156001763392155],[127.41197034926329,35.156415831674785],[127.41228028792413,35.15721261827426],[127.41209697526672,35.15752222996711],[127.41037667755117,35.16195535444715],[127.41154287557656,35.16554708003906],[127.41155496286189,35.16863878903712],[127.40731635322705,35.176222530101015],[127.40678348497181,35.17986335638441],[127.4073560368027,35.181168666538085],[127.40842948895467,35.18302000196753],[127.40886329697277,35.18401395935839],[127.40955980877766,35.188143311244396],[127.36688861466631,35.225003881354965],[127.4027904167091,35.24148428786527],[127.3845673819259,35.30245770203078]]]},"properties":{"name":"곡성군","code":"36320"}},
{"type":"Feature","geometry":{"type":"Polygon","coordinates":[[[127.57748101195435,35.30890104673478],[127.47076581256641,35.36533557770119],[127.3845673819259,35.30245770203078],[127.4027904167091,35.24148428786527],[127.36688861466631,35.225003881354965],[127.40955980877766,35.188143311244396],[127.40992787927442,35.187966176569965],[127.41432547385521,35.18715912683955],[127.41507492255505,35.18911873323356],[127.4213281678409,35.18686709803271],[127.44536882975792,35.16867086553305],[127.48133464428012,35.15222152467167],[127.49612045355164,35.127616719274116],[127.51873064740131,35.12580379322004],[127.52689754886957,35.114080507030216],[127.5319028957432,35.11250332454288],[127.53218161996202,35.11142555221913],[127.53213582566022,35.11023105030764],[127.53201250516035,35.109583178922385],[127.53189479020885,35.10866093711423],[127.53221426159885,35.1080280271595],[127.5337249134437,35.10690585033517],[127.535005448957,35.10553565928397],[127.53505262224634,35.10535898623879],[127.53475305273584,35.105174678034565],[127.53520116914275,35.1046431727801],[127.53732110307786,35.10309996778663],[127.54239581027916,35.099625977367545],[127.55442795443992,35.09529338087842],[127.55929235078425,35.095467143563816],[127.5596442083333,35.09560354698549],[127.56153529395576,35.09800678257051],[127.56227015605864,35.09896698266046],[127.5633110998647,35.10077725358883],[127.5638456874315,35.10208778766172],[127.56388974281785,35.10473331886819],[127.56338714920031,35.10591543286976],[127.56375746480407,35.1082814379528],[127.5654867530124,35.10915504061739],[127.56932355663895,35.11035732504243],[127.57529022715065,35.11343407909649],[127.58032192716462,35.115151169457384],[127.58381893564751,35.11902610998372],[127.60407148436079,35.11854199330264],[127.60408046686686,35.119971649457035],[127.60414541492018,35.121714858411494],[127.60501629143037,35.1285374935652],[127.604307703257,35.132643250891945],[127.60427368559587,35.1328657985675],[127.60425788393776,35.133093187241094],[127.60424902362695,35.133241248897285],[127.60432394506041,35.133544232152126],[127.60513562085868,35.135717074153796],[127.60585343140177,35.136435407785385],[127.60646020879851,35.13855025207223],[127.60685293109148,35.14122724585283],[127.6068675533856,35.141674182567286],[127.60687796269573,35.1421077558288],[127.6068141350739,35.14281788063281],[127.60650201314226,35.14334136890755],[127.60494476688989,35.144385396150746],[127.60392738833274,35.14688323126958],[127.60410213478892,35.14900191607693],[127.60414508854647,35.14943349714652],[127.60422611309393,35.149701802304534],[127.60503445159803,35.15047138799573],[127.60591394602584,35.152723163103786],[127.60601660767196,35.153039813596],[127.60635525757675,35.156699106450006],[127.60692708385366,35.159188305549996],[127.6074892726204,35.16095056294666],[127.6091167972987,35.16169558757822],[127.61470047913373,35.168208734570676],[127.61565618251373,35.170561193473134],[127.61609245634232,35.17305933918536],[127.6186437227363,35.17520633469672],[127.61995694013045,35.17715876684138],[127.62012446220167,35.1774443730001],[127.62019435477022,35.17822493269485],[127.62001133378918,35.17854260508788],[127.6199629401337,35.17872058521148],[127.61995462366168,35.17997770024678],[127.61995571854074,35.180032198918376],[127.6204010460567,35.18053340908147],[127.6205017227735,35.180644290437094],[127.62367597791513,35.182355628893646],[127.62462470262841,35.182574109830014],[127.57748101195435,35.30890104673478]]]},"properties":{"name":"구례군","code":"36330"}},
{"type":"Feature","geometry":{"type":"MultiPolygon","coordinates":[[[[127.47850309018699,34.464124274762966],[127.45482140604501,34.47579404656627],[127.44966983451407,34.44898808241655],[127.48533944282886,34.4476971924671],[127.46280151363273,34.443641447002065],[127.4872327139243,34.41348888898541],[127.53123592606471,34.4229790156954],[127.53705067436123,34.44802248009997],[127.47850309018699,34.464124274762966]]],[[[127.2173714435881,34.49521123767945],[127.1416404838921,34.472771755939476],[127.12111227419392,34.49022563330463],[127.09926238035156,34.443184165986615],[127.20850835614681,34.429415450500144],[127.2173714435881,34.49521123767945]]],[[[127.46627968146046,34.543640535653715],[127.43387112683874,34.51999409274081],[127.45259374142746,34.47861977327425],[127.50643717057648,34.49201611578208],[127.4576706324216,34.51378452673585],[127.46627968146046,34.543640535653715]]],[[[127.24071340721967,34.75981295356449],[127.26429402061896,34.73167387911734],[127.32687215861267,34.75183442800099],[127.34457784620159,34.709912747633695],[127.31421594424037,34.664408868047346],[127.27753538062962,34.67454118124745],[127.28099051363975,34.718325983215145],[127.2513788734482,34.711736528682],[127.1127701976705,34.54746297740905],[127.14581871278007,34.52101585435852],[127.25526689998571,34.52075073995793],[127.32782172958215,34.44160930178473],[127.34009228050343,34.488439097448826],[127.43078205862638,34.513631679192876],[127.43846566386833,34.54869717463665],[127.396333287805,34.559603108414755],[127.39540468507377,34.58681340761826],[127.48746790961641,34.57360135960889],[127.50835752214215,34.59279840231678],[127.45835805600942,34.646974237116204],[127.48950146563779,34.64934586509199],[127.37880715135395,34.72719277366073],[127.3903724462087,34.78963942312682],[127.34055838925339,34.82773708121144],[127.24850262089804,34.78971217007244],[127.24071340721967,34.75981295356449]]]]},"properties":{"name":"고흥군","code":"36350"}},
{"type":"Feature","geometry":{"type":"Polygon","coordinates":[[[127.3903724462087,34.78963942312682],[127.42615834650488,34.815173040762836],[127.35351590808571,34.83944290991932],[127.40077586124612,34.825098423357076],[127.41799888263859,34.82896303278499],[127.41591311816222,34.83429808059864],[127.41241041229571,34.837119647779986],[127.4116270030656,34.83796284200582],[127.41157808606812,34.838056337823325],[127.41161977122681,34.83851152280651],[127.38079373959987,34.842758897475726],[127.36677749825516,34.86767856322109],[127.33882850834402,34.868178471703175],[127.30651451001299,34.90304130562665],[127.22740045565456,34.89498276650666],[127.22124196222353,34.955400796983135],[127.19820945632576,34.987518971445425],[127.18905099923656,34.967859436137786],[127.18338000910477,34.968386692205904],[127.1752602295583,34.97762878785745],[127.09049004311719,34.93634559023287],[127.08973424883285,34.87317085019151],[127.03744640653345,34.83815376370011],[127.03135239804145,34.82365473638304],[127.0240013991825,34.82198766214019],[127.02298458062064,34.82229987015067],[127.021815956567,34.82233545620584],[127.0215726155164,34.82181772099805],[127.0158356902177,34.78772337129949],[127.0244669741375,34.775783702109344],[127.01192407855041,34.77052418566531],[127.02019396880165,34.74862969950751],[127.01459568300645,34.73854422022154],[127.01539510829868,34.73662605254932],[127.01322381504282,34.73444543798364],[127.0124780230521,34.734395884169246],[127.01166946422661,34.73448538532725],[127.0097127998583,34.735365742546335],[127.00865032148903,34.73482977118183],[127.00585698351037,34.731560714514394],[127.00467798120026,34.730483078609744],[127.00228448658427,34.7284553779028],[127.0008364198081,34.72739867322161],[126.99296609323004,34.7240459153429],[126.98882341080534,34.720714277891915],[126.98826770547701,34.71736202716291],[126.98773870229724,34.71679160383459],[126.98690902553422,34.71624063236568],[126.98594301055586,34.71551097529102],[126.98502373262386,34.71452042839915],[126.98371616592618,34.71283388470226],[126.98288559692935,34.711680140812426],[126.98186729676597,34.71085445104887],[126.98053369846906,34.710032385830814],[126.97981163690542,34.709896280088664],[126.97981136062185,34.709896280712684],[126.97820404263402,34.7100066170152],[126.97629032923469,34.710388214555756],[126.9750494943838,34.71108997640168],[126.97411771458006,34.71071107750791],[126.97316665798849,34.70997674332431],[126.97223555999507,34.70890480542479],[126.97184456666075,34.70805064094869],[126.97186817529246,34.70719916380929],[126.97192532518359,34.70607224609977],[126.97464056187935,34.70181793497633],[126.97396512988482,34.69736098698866],[126.97422659428906,34.696818704402446],[126.9774703552342,34.69516364086659],[126.98048205118947,34.689289911349135],[126.98076665578309,34.68722516587206],[126.97851437014482,34.684665220243524],[126.97901050377813,34.6830671677703],[127.00583100643934,34.68001658675622],[127.0210487240493,34.6805768529019],[127.0302195227042,34.662433708189255],[127.0420191273959,34.65418413926634],[127.04249762814985,34.65088353656795],[127.04507089289127,34.64791137400641],[127.04618177618887,34.64447251718768],[127.04621061769318,34.64380757469496],[127.04459278826639,34.64122688222448],[127.04560797249805,34.63881157345599],[127.04614064524038,34.63496590172535],[127.12425770125233,34.70135510781602],[127.18464778727513,34.69454160253129],[127.24071340721967,34.75981295356449],[127.24850262089804,34.78971217007244],[127.34055838925339,34.82773708121144],[127.3903724462087,34.78963942312682]]]},"properties":{"name":"보성군","code":"36360"}},
{"type":"Feature","geometry":{"type":"Polygon","coordinates":[[[127.19783530437228,35.13165745669579],[127.19778823460311,35.13170297900294],[127.19753709829214,35.1326080943875],[127.1959049116453,35.13880727834138],[127.19716452390014,35.15683442006257],[127.18868879917851,35.16461202906731],[127.20103519205934,35.18681686272741],[127.18595166976608,35.21414964660677],[127.11799807851307,35.194943205209135],[127.06395178322208,35.18106819465938],[127.08018469924177,35.12001749067556],[127.00871297976344,35.1337492095974],[127.004275822453,35.121107040216366],[126.95188207919388,35.07315661085583],[126.91941978864831,35.0915540944776],[126.89198856860664,35.07795308446632],[126.87643128480255,34.89887092365498],[126.82387771440203,34.87108368383101],[126.85794818258005,34.86880365265317],[126.85909519984787,34.86977048670925],[126.86050126659714,34.87173707788333],[126.8630207713718,34.872782651755614],[126.86697216137665,34.87220398204235],[126.87138903809095,34.874517558140504],[126.87593044549405,34.873888539245044],[126.87606095687205,34.875044651729176],[126.87611315678537,34.87519229162808],[126.87657452172438,34.87644186750015],[126.87712923960295,34.87782693422186],[126.89920153837943,34.87275356711617],[126.90615594496899,34.846117661413224],[126.94090839595556,34.82369773641454],[126.96925001047603,34.85084099712233],[126.9933764350006,34.83612991042629],[127.00844714720674,34.84122088687448],[127.01396444657362,34.83898409065465],[127.01919119309895,34.84084879101437],[127.01947422125589,34.83985505344903],[127.0207060238247,34.83968190464542],[127.02356751147799,34.83955257997914],[127.02518384621533,34.83976147244937],[127.0337997154605,34.83949837463518],[127.03654833146172,34.83922981447132],[127.03744424604548,34.83849268299882],[127.03744640653345,34.83815376370011],[127.08973424883285,34.87317085019151],[127.09049004311719,34.93634559023287],[127.1752602295583,34.97762878785745],[127.1748436514088,34.978123547566604],[127.17489899526302,34.978401904918016],[127.17493448095829,34.97851170409027],[127.17517389447148,34.97901247630581],[127.17585588377796,34.98018441928853],[127.17742925274715,34.98198998318319],[127.1792262491674,34.985093878602235],[127.17883486260409,34.98540570497731],[127.17754669523801,34.98577264859137],[127.1761805465344,34.98657290065962],[127.1757519683154,34.986946038966884],[127.17489610616076,34.98863298708405],[127.17488419614453,34.98907242579104],[127.17551741052746,34.991665091036765],[127.17568471952664,34.992114413624414],[127.17620978079358,34.99227365391069],[127.17642830997808,34.99234066232671],[127.17686499987227,34.992550305960215],[127.17749682671446,34.99381244751709],[127.17781550615898,34.994610550931135],[127.17785319295854,34.994704996393146],[127.17732023780202,34.995590671302466],[127.17656945455128,34.99641975291697],[127.17577509286504,34.99793056731744],[127.17575719867536,34.998531550508964],[127.17690778617384,35.00169063324994],[127.17761029268286,35.002118895447836],[127.17771965836764,35.002193804744536],[127.17773974104753,35.002220248350966],[127.1779559248175,35.002539363132335],[127.17836226864142,35.00500023215274],[127.17751455886271,35.0056873584774],[127.17754036427223,35.005745910176415],[127.17787903796426,35.00651158809362],[127.1825418861217,35.01112990898067],[127.1844139860979,35.01149976024999],[127.18767717232642,35.01236870747139],[127.18752787905878,35.01296257375158],[127.18706663022533,35.014219146941],[127.18629979411547,35.01570688249507],[127.18613387687056,35.02269743203244],[127.18731462137472,35.0279592226458],[127.18285902614056,35.035737554079454],[127.18387936273004,35.048712022365706],[127.1924049607228,35.06402708958587],[127.18564704649627,35.06919293478887],[127.18168905134033,35.09496917085999],[127.1830674080619,35.098891139201754],[127.18726006364658,35.10191561516367],[127.18758768449955,35.1065662793022],[127.18848072557708,35.10813129864078],[127.18929053129322,35.10843157860319],[127.19014358724661,35.10920584642623],[127.19015668486145,35.10923427336865],[127.19034772330798,35.10980268128072],[127.19049303520049,35.110237215893555],[127.1906294204269,35.11103358001556],[127.19083867120995,35.11228713557578],[127.1908399021561,35.11229825515573],[127.1886041761239,35.11617025559146],[127.18859510751847,35.116181671544446],[127.18965969462404,35.119236197294754],[127.18953265916073,35.12007972311073],[127.188088048031,35.12272546880178],[127.18926099085743,35.12471637100767],[127.18942660032268,35.12479892242203],[127.19037003012177,35.125733181867936],[127.1916872927366,35.12752650798712],[127.19222895563469,35.128532789211214],[127.19220150455136,35.13006668038174],[127.19783530437228,35.13165745669579]]]},"properties":{"name":"화순군","code":"36370"}},
{"type":"Feature","geometry":{"type":"Polygon","coordinates":[[[126.890432055908,34.456143781376724],[126.97874160228329,34.47128411531135],[126.96374940935632,34.496547824711364],[127.00679723222797,34.5696564746688],[126.97897745392423,34.574116583736625],[127.00905676672438,34.607603672573255],[126.95698606856763,34.630561301985274],[127.01378863179961,34.62490479162151],[127.03848352555582,34.63625694573537],[127.04381006995727,34.63659632485667],[127.04392477569073,34.636541647033795],[127.0461406453927,34.63496590271999],[127.04621061776632,34.64380757535291],[127.04618177606346,34.64447251771719],[127.04507089296415,34.6479113749083],[127.04249762835656,34.650883537547834],[127.04201912752103,34.65418413938024],[127.03021952300716,34.662433708332024],[127.02104872442362,34.680576853804084],[127.00583100663455,34.68001658745693],[126.97901050380456,34.68306716831624],[126.97851437123744,34.684665221292455],[126.98076665711235,34.68722516693431],[126.98048205142796,34.68928991140282],[126.97747035568798,34.69516364060065],[126.97396513001216,34.697360986752145],[126.97464056225962,34.701817934704785],[126.97192532533349,34.70607224701611],[126.9718681752258,34.70719916473967],[126.97184456679375,34.708050641671214],[126.97223556044732,34.708904806083524],[126.9731666590598,34.709976743396574],[126.97411771450714,34.71071107723706],[126.97504949569291,34.71108997698661],[126.9762903302685,34.7103882146569],[126.97820404295587,34.710006617053395],[126.9798113620368,34.70989628057852],[126.97981163730952,34.70989628010254],[126.98053369942704,34.71003238663082],[126.98186729817252,34.71085445175126],[126.9828855980926,34.71168014068244],[126.98371616595014,34.71283388479642],[126.98502373282575,34.71452042903564],[126.98594301079302,34.71551097609321],[126.98690902586235,34.7162406329437],[126.98773870243754,34.71679160374253],[126.98826770583611,34.71736202721885],[126.98882341207096,34.72071427796221],[126.99296609443587,34.72404591507739],[127.00083641979282,34.72739867310072],[127.00228448813571,34.72845537782178],[127.00467798216346,34.73048307844175],[127.0058569833915,34.73156071441686],[127.00865032177659,34.734829771805416],[127.009712801085,34.735365743465195],[127.01047377280199,34.735131913996845],[127.01166946572579,34.734485385261756],[127.01247802340559,34.734395884282314],[127.01322381530629,34.734445437804865],[127.01539510858194,34.73662605355331],[127.02019396981979,34.74862969927797],[127.01192407869688,34.7705241856252],[127.02375186812185,34.77307890592922],[127.02446697562705,34.77578370292253],[127.0158356904957,34.78772337213525],[127.02157261592612,34.821817720693026],[127.02181595654636,34.82233545590177],[127.0229845810398,34.82229987024461],[127.02400139920555,34.82198766314666],[127.03135239824368,34.82365473745096],[127.03123605573765,34.834222219141566],[127.03337172975199,34.8366096828551],[127.036916233421,34.83751514042127],[127.03716988466896,34.837801974170254],[127.03744626774956,34.83815358714095],[127.0374464069432,34.83815376434522],[127.0374442461164,34.838492683688436],[127.0365483318558,34.83922981524582],[127.03379971585697,34.83949837535775],[127.02518384660397,34.83976147340794],[127.02356751155328,34.83955258063533],[127.02070602415243,34.839681905417066],[127.01947422129449,34.83985505397914],[127.01919119314724,34.840848791713604],[127.01396444698028,34.8389840912514],[127.00844714750303,34.84122088788822],[126.99337643552555,34.836129911041205],[126.9692500105882,34.850840997792794],[126.94090839589144,34.82369773737307],[126.90615594493838,34.846117662405334],[126.89920153867095,34.872753567880046],[126.87712923976471,34.8778269350221],[126.87657452168968,34.87644186842356],[126.87611315718061,34.87519229263471],[126.87606095705372,34.8750446525762],[126.87593044571744,34.87388853994521],[126.87138903808004,34.874517559017356],[126.8669721618649,34.872203982608305],[126.86302077177454,34.87278265246027],[126.86050126682014,34.87173707875348],[126.85794818263722,34.868803653687124],[126.85838170344753,34.868268194086944],[126.85924073496878,34.86683070707742],[126.85922421745992,34.86512289976608],[126.85626480047,34.8550878877584],[126.85349302854415,34.8496561434248],[126.85245951842143,34.847957960768056],[126.84463924472362,34.84055098985126],[126.80728409124838,34.82820146006783],[126.79293441067149,34.794153221081565],[126.79351370133976,34.791401873274616],[126.79524411823623,34.78851858160997],[126.79538890738188,34.78130025949286],[126.79928968548023,34.77808618172477],[126.7994761596046,34.777750922483186],[126.79935858953098,34.777310695539406],[126.81233199906646,34.78050715557751],[126.8140912469073,34.779548694839875],[126.81676031701019,34.77648773467696],[126.81726087300729,34.77526799248703],[126.81697831331495,34.77230110462455],[126.81687918554944,34.771944952218725],[126.81575326089973,34.77009018351366],[126.81402205431108,34.76820250991809],[126.81407092825862,34.76755410005741],[126.81460523536688,34.766692135513615],[126.81771415082653,34.76506708615202],[126.81914367085415,34.76291937731102],[126.82539982414818,34.74379386096958],[126.84947690169622,34.72266833548543],[126.85580144282461,34.67869101587719],[126.86793229074324,34.668988097398106],[126.87964578369844,34.62598060441251],[126.87778264175333,34.62441366688147],[126.8764824885799,34.62311983849818],[126.87494124130677,34.620464943314204],[126.87428117366788,34.61981059252146],[126.87031624386638,34.6195241286134],[126.86832524351193,34.6199013251471],[126.85822680472148,34.62361289206104],[126.85199293504759,34.62134932686413],[126.85082260924588,34.62025226661245],[126.84930945790285,34.61829111138554],[126.85028761065145,34.61752711208099],[126.85366940126464,34.615630137899934],[126.8561461664957,34.600405537862216],[126.8680800692441,34.59510410491721],[126.87881124169786,34.57552245648017],[126.87845956820097,34.57501698856424],[126.8771506105564,34.57407611059178],[126.87670341254058,34.57381748910632],[126.87592129023264,34.57321667116367],[126.87595116803638,34.5728566408304],[126.87657565588441,34.57022173595555],[126.87867629887715,34.56748305023694],[126.87869630183357,34.56738877074622],[126.87915730717596,34.56519355415788],[126.87890532168868,34.563725148908134],[126.87647293081552,34.56018988505321],[126.87671667110914,34.55722582805552],[126.8764207231483,34.55137793089911],[126.88410268482903,34.54779447615451],[126.88584861801876,34.544420136322735],[126.86577951334127,34.53205189465252],[126.865475273635,34.53101867857317],[126.8648203418854,34.529190885685566],[126.8627110018676,34.52823781819022],[126.85960618506496,34.52798917283346],[126.85831658853908,34.527872733667266],[126.85695241151312,34.522826598684354],[126.85433287630099,34.519269296453686],[126.85305518636606,34.51880108941268],[126.8508502760035,34.517462470747624],[126.84912259609145,34.5123686909339],[126.84293254695802,34.51356893265493],[126.8396224771267,34.510755712354985],[126.84123984132856,34.50662421633776],[126.84592589421719,34.50268364582122],[126.85048567447963,34.49492799840363],[126.85406442975528,34.47447717664923],[126.84497445615774,34.451249769665075],[126.88479406685319,34.42206211053903],[126.890432055908,34.456143781376724]]]},"properties":{"name":"장흥군","code":"36380"}},
{"type":"Feature","geometry":{"type":"Polygon","coordinates":[[[126.73486367099248,34.45560677841648],[126.7788908902164,34.6131039719498],[126.78828152566462,34.46100497559444],[126.84296111606295,34.448080630459906],[126.83962247709692,34.51075571140743],[126.84024858030041,34.51100271702717],[126.84187830581669,34.51180028632497],[126.84293254668292,34.51356893191651],[126.84912259606885,34.51236869027963],[126.8508502760271,34.517462470032825],[126.85305518638138,34.51880108949221],[126.85433287627373,34.51926929653474],[126.85695241105164,34.5228265985051],[126.85831658816477,34.5278727337694],[126.8596061846513,34.527989172241426],[126.86271100050213,34.528237817382745],[126.86482034187135,34.52919088556942],[126.86547527335249,34.53101867863969],[126.86577951301146,34.532051894778675],[126.88584861784055,34.54442013652897],[126.8764207227949,34.55137793032945],[126.87671667102545,34.55722582814071],[126.87647293089445,34.56018988431404],[126.87890532179954,34.56372514902776],[126.87915730724465,34.56519355350584],[126.87869630181216,34.56738877076214],[126.87867629851635,34.567483050220304],[126.87657565548962,34.570221736071716],[126.87595116801134,34.57285664090091],[126.875921289934,34.57321667052032],[126.8767034126001,34.57381748840316],[126.87715061060729,34.57407610990531],[126.87845956806468,34.57501698798866],[126.87881124178693,34.5755224558115],[126.8769019947952,34.57760623283594],[126.86967374337148,34.58319423547311],[126.8680800693733,34.595104104024195],[126.85614616649903,34.600405537289994],[126.84930945789691,34.618291110641536],[126.85082260884843,34.62025226648634],[126.85199293468779,34.621349326144674],[126.8582268043947,34.62361289133121],[126.86832524346059,34.6199013250334],[126.87031624396951,34.619524127791585],[126.87428117333468,34.619810592343796],[126.87494124129132,34.62046494252876],[126.87648248831448,34.62311983765862],[126.87964578376818,34.62598060362662],[126.87857964805465,34.62648087196154],[126.87708463268388,34.62720739934753],[126.8746578360898,34.62930336457031],[126.87150336470253,34.6338622949754],[126.86793229061983,34.66898809652229],[126.85580144287049,34.67869101518015],[126.84947690173881,34.72266833453828],[126.8253998242283,34.74379386029652],[126.81407092823078,34.76755409929128],[126.81402205392615,34.76820250923099],[126.81444001001078,34.768547436833884],[126.81575326089525,34.77009018276001],[126.81687918514503,34.771944951172216],[126.81697831339542,34.772301103789474],[126.81726087263894,34.77526799172164],[126.81409124699734,34.77954869388773],[126.80031996321269,34.77709025167929],[126.79935858925826,34.77731069459486],[126.79928968557621,34.77808618109851],[126.79538890747763,34.78130025864732],[126.70401933653812,34.76660357979403],[126.66416088347496,34.72405529066623],[126.66862879425962,34.722674864393376],[126.67020769907046,34.69094266954581],[126.70569460887046,34.68182456741975],[126.67166324178578,34.59241950495527],[126.6950899115758,34.563948646727624],[126.66712893518407,34.53861780183391],[126.68164185689142,34.47075213393376],[126.73486367099248,34.45560677841648]]]},"properties":{"name":"강진군","code":"36390"}},
{"type":"Feature","geometry":{"type":"Polygon","coordinates":[[[126.38781670115736,34.72585521613464],[126.3549248671586,34.6935068314785],[126.28590218181222,34.75787617194613],[126.255343008989,34.664226353141686],[126.2941681831773,34.62941663996529],[126.2590047789243,34.612151110493784],[126.31358435863798,34.56762871886867],[126.38335220282713,34.561830813555936],[126.38646205568284,34.532493418486816],[126.41499903637008,34.55816444774212],[126.46045504116148,34.53200944789631],[126.47758776687873,34.450119966996986],[126.45623100180994,34.447782991919404],[126.48194527519371,34.42574819924314],[126.50698265154071,34.44070752947169],[126.51679101723657,34.41423706054243],[126.46469134843827,34.36214144078406],[126.5198879149486,34.360844351731444],[126.52138608925421,34.292952450623694],[126.55889518039838,34.32193860208763],[126.60563099008462,34.31510399526455],[126.61607311444234,34.40201024242161],[126.73486367099248,34.45560677841648],[126.68164185689142,34.47075213393376],[126.66712893518407,34.53861780183391],[126.6950899115758,34.563948646727624],[126.67166324178578,34.59241950495527],[126.70569460887046,34.68182456741975],[126.67020769907046,34.69094266954581],[126.54391300248871,34.65783784179773],[126.46285940041706,34.70945303545761],[126.38828115902614,34.725777680434966],[126.38781670115736,34.72585521613464]]]},"properties":{"name":"해남군","code":"36400"}},
{"type":"Feature","geometry":{"type":"Polygon","coordinates":[[[126.82387771440203,34.87108368383101],[126.72515227655121,34.88954475491124],[126.67629135179851,34.94623020437547],[126.67544594684747,34.882093441251655],[126.63148272706253,34.88881460746479],[126.60486671041566,34.93008276859975],[126.55699849561891,34.86904983757794],[126.51112611116808,34.770898780473544],[126.4583352033948,34.79337128503172],[126.44544359651407,34.79134232079474],[126.36568124823638,34.751211081834334],[126.38781670115736,34.72585521613464],[126.38828115902614,34.725777680434966],[126.47817668335223,34.73899137009296],[126.46285940041706,34.70945303545761],[126.54391300248871,34.65783784179773],[126.67020769907046,34.69094266954581],[126.66862879425962,34.722674864393376],[126.66416088347496,34.72405529066623],[126.70401933653812,34.76660357979403],[126.79538890747763,34.78130025864732],[126.79293441075293,34.79415322029142],[126.79483915194903,34.79704892034345],[126.79910038798337,34.80132301927359],[126.79893654717819,34.80344207853989],[126.80104201493847,34.80389174921739],[126.8072840912072,34.82820145924353],[126.84463924465948,34.8405509887785],[126.85245951814345,34.84795795997948],[126.85349302813208,34.84965614270772],[126.85626480012601,34.85508788679513],[126.85683722019948,34.858247241444175],[126.85650316445779,34.86064233639769],[126.85922421722798,34.865122899087844],[126.85794818258005,34.86880365265317],[126.82387771440203,34.87108368383101]]]},"properties":{"name":"영암군","code":"36410"}},
{"type":"Feature","geometry":{"type":"Polygon","coordinates":[[[126.45756262314926,35.073985691676754],[126.40333709477876,35.02707986751998],[126.39161632736635,35.08580544613471],[126.37013263565872,35.061778720431505],[126.33120168531711,35.094727928127135],[126.34581107747043,35.15972443698279],[126.32061668471279,35.12748159039648],[126.2710445626649,35.150118914475605],[126.24334279173911,35.11144843776897],[126.26192819414284,35.1020526025605],[126.25939046654548,35.09366455027729],[126.25686828834768,35.1016278056132],[126.25353108235866,35.10160279696138],[126.25086811916353,35.09669118115457],[126.25081103035384,35.09669803879012],[126.24827953454229,35.09711422110529],[126.24898128457866,35.095097784477616],[126.24918035606612,35.0942244886785],[126.24906533725829,35.09291558044447],[126.24894261693063,35.091519000025315],[126.24889264082854,35.091324730836234],[126.24766482911838,35.08858937809019],[126.24530880441664,35.08594292090054],[126.24485463525185,35.0849589895781],[126.2446062500011,35.083185268638964],[126.24456619375773,35.082899218653715],[126.24440363066009,35.07972849170146],[126.24459307176593,35.077128625980016],[126.24513853660875,35.07599697918258],[126.26097856854649,35.06547837492602],[126.26202183298372,35.058482286875346],[126.26206655193118,35.05674883380195],[126.26204879311713,35.056447316598856],[126.26185277384573,35.05386200418446],[126.26183047899224,35.0536408094373],[126.28553645731459,35.06207548749234],[126.3048234053081,35.04548299979899],[126.32735612669471,35.08930621767833],[126.35260601453504,35.03884641093686],[126.38197959983614,35.048411708982925],[126.3902313553567,35.02429549764486],[126.33238643938999,34.99337765519033],[126.35746514782987,34.98371963312752],[126.29506869729185,34.965578081641574],[126.30682500164943,34.92819035924393],[126.36753601426337,34.92004928810615],[126.37366448280663,34.99890584737822],[126.41235018274476,34.843840166094644],[126.4583352033948,34.79337128503172],[126.51112611116808,34.770898780473544],[126.55699849561891,34.86904983757794],[126.51330964985053,34.92077514142527],[126.54240998903505,34.91992244607927],[126.54117946765912,34.975032765253744],[126.46636382907096,35.02481580265285],[126.45756262314926,35.073985691676754]]]},"properties":{"name":"무안군","code":"36420"}},
{"type":"Feature","geometry":{"type":"Polygon","coordinates":[[[126.6532540822508,35.192448733553086],[126.65294325458918,35.19254144917598],[126.65131779505475,35.193235421707826],[126.65109828791732,35.193344101108835],[126.65175185529152,35.19647905821307],[126.6489827858385,35.19891669911119],[126.64265163777628,35.20691721037634],[126.64261393066177,35.20696369723106],[126.64244434827908,35.20712355235359],[126.63402765314513,35.21068119123899],[126.63345732706738,35.2111194250059],[126.6294309571405,35.21452319066577],[126.6260568450216,35.219163620362345],[126.62524696287127,35.21961109929679],[126.62464550596171,35.219804963465315],[126.6244796151432,35.21985838371037],[126.62203835003679,35.22038315458656],[126.61429848251085,35.225878650024654],[126.61353567054142,35.228550024030326],[126.61212130029134,35.2298020472635],[126.60868117781979,35.231708753175695],[126.60640564806735,35.232940389160056],[126.60416016519842,35.23371648086679],[126.60390179965356,35.23385999177681],[126.60273634896808,35.23480225357903],[126.6020977645022,35.23525552561651],[126.60196676965296,35.23534753051722],[126.60121040937445,35.235547747919725],[126.60105772304327,35.23558222278124],[126.60101979865283,35.23558068777491],[126.60009632725058,35.23549786101362],[126.60000981631552,35.23547966400932],[126.59657340062651,35.23463889172115],[126.59235075087808,35.23234224316968],[126.59205496530602,35.23203310389993],[126.59048587614772,35.230901929959316],[126.59020777004618,35.23069033472265],[126.58937931306535,35.22934869146236],[126.59086769078066,35.2260638793775],[126.59163596269852,35.225068377952645],[126.59078591844789,35.22255650070132],[126.58998427713689,35.22201850268223],[126.58950610522308,35.22023580659741],[126.59097579539426,35.21698653022165],[126.59057861620782,35.214404408912344],[126.59037549436216,35.21367296798433],[126.59014538374247,35.21305652891152],[126.58894432949046,35.211223168328665],[126.58715509680798,35.20967847504598],[126.58456516472289,35.202023696406904],[126.58433268023138,35.20176399628396],[126.58344983846543,35.2010322679855],[126.58232020687956,35.1997688793621],[126.58128908754922,35.19769847980109],[126.58053875999276,35.196124981886726],[126.56117440937211,35.18831575101475],[126.47720526045487,35.19357672174994],[126.43525782059666,35.17285113091645],[126.42208217698831,35.18446072848853],[126.4131827280789,35.18688554246016],[126.40793729071069,35.18640030481234],[126.40833680900369,35.183912247608454],[126.40856502757714,35.18313892091993],[126.40843337809191,35.18262737236374],[126.40805377574765,35.182018446727746],[126.4074525856736,35.18144519070692],[126.40476025957643,35.17940755991713],[126.40265118199667,35.17790951920112],[126.40013945772164,35.17642310731796],[126.39224546485305,35.17970017055613],[126.3717562124036,35.16766396299332],[126.42167555459366,35.10706926760156],[126.46355827867109,35.10168262025637],[126.4358010838207,35.086027379231844],[126.45756262314926,35.073985691676754],[126.46636382907096,35.02481580265285],[126.54117946765912,34.975032765253744],[126.5988712535367,34.99651735244693],[126.59506956098696,35.09837859591881],[126.6231973101967,35.086917899556184],[126.65519808816407,35.1148558709104],[126.6532540822508,35.192448733553086]]]},"properties":{"name":"함평군","code":"36430"}},
{"type":"Feature","geometry":{"type":"MultiPolygon","coordinates":[[[[126.0227947549386,35.363390993688014],[125.99583032342116,35.356808108987174],[126.01403354854367,35.33170624278138],[126.04140453181391,35.3463620168756],[126.0227947549386,35.363390993688014]]],[[[126.4502165489897,35.42788436820784],[126.4099262510017,35.43265537363948],[126.4020038164014,35.39614744580718],[126.44798658773004,35.34858896775998],[126.39718543432315,35.369227474478386],[126.37150704221777,35.28430918908841],[126.3288608017373,35.279288873239544],[126.29944552834759,35.21094199812282],[126.3422512695848,35.21395411485675],[126.33840980947923,35.19094057657101],[126.37679743743809,35.211896335479466],[126.37031756853919,35.16369226930984],[126.3717562124204,35.16766396379899],[126.39224546477821,35.17970017117252],[126.4001394576899,35.17642310816279],[126.4026511822896,35.177909519350635],[126.40476025947247,35.179407560634516],[126.40745258573237,35.18144519128666],[126.40805377601387,35.1820184476739],[126.40843337802339,35.18262737307969],[126.40856502801593,35.18313892179366],[126.40833680900447,35.18391224843421],[126.40793729080542,35.18640030566977],[126.4131827280335,35.186885543293435],[126.42208217705434,35.18446072860781],[126.43525782077961,35.17285113169274],[126.47720526052906,35.193576721908876],[126.56117440929482,35.18831575195703],[126.58053876018914,35.196124982738645],[126.58128908748736,35.197698480533056],[126.58232020733733,35.19976888025034],[126.58344983847927,35.20103226895227],[126.58433268070543,35.20176399629704],[126.58456516507519,35.20202369637065],[126.58715509680488,35.209678474941875],[126.58894432951922,35.211223168349846],[126.58978557704948,35.21241953797094],[126.59014538414745,35.21305652877527],[126.59037549465418,35.21367296854551],[126.59057861610475,35.21440440901794],[126.59097579532002,35.21698653034066],[126.58966410534114,35.21790632413066],[126.58949689583847,35.2200624130077],[126.58950610520127,35.22023580720729],[126.589984277495,35.22201850271028],[126.59078591877633,35.2225565006948],[126.5916359630604,35.22506837803002],[126.59086769108052,35.22606387924133],[126.58937931300984,35.22934869143977],[126.59020777007566,35.23069033458357],[126.59048587635881,35.230901930087526],[126.59205496528827,35.232033104435864],[126.59034784540874,35.23465279131782],[126.58331690845586,35.23941020900698],[126.584839781652,35.257886986395604],[126.64479907524732,35.31977534498866],[126.60417090732201,35.33565839769684],[126.58491449325241,35.30078730229879],[126.53232360916931,35.306743536125715],[126.4773810898037,35.38617868754816],[126.4917327360108,35.411148472848325],[126.4502165489897,35.42788436820784]]]]},"properties":{"name":"영광군","code":"36440"}},
{"type":"Feature","geometry":{"type":"Polygon","coordinates":[[[126.86909811711128,35.46152930877159],[126.82334269157165,35.48691382643168],[126.77262050122673,35.46789771461694],[126.73771534769612,35.44949358375131],[126.75420029432895,35.41650415517158],[126.72621126843727,35.370928235109325],[126.64479907524732,35.31977534498866],[126.584839781652,35.257886986395604],[126.58331690845586,35.23941020900698],[126.59034784540874,35.23465279131782],[126.59205496528827,35.232033104435864],[126.59235075091318,35.232342242817566],[126.59657340087195,35.23463889155901],[126.60000981657545,35.23547966399346],[126.60009632748809,35.235497860793316],[126.60101979881259,35.23558068759629],[126.60105772311768,35.23558222294539],[126.60121040973296,35.235547747916925],[126.6019667700435,35.2353475303359],[126.60209776480963,35.23525552557458],[126.6027363489578,35.23480225344318],[126.60390179983858,35.23385999193562],[126.60416016532142,35.23371648071078],[126.60640564806715,35.232940389083275],[126.60868117777177,35.23170875324913],[126.612121300369,35.22980204723043],[126.61353567051165,35.22855002410479],[126.61334891155691,35.22837111444539],[126.61330963814669,35.228331609674925],[126.61304546327915,35.22802790353229],[126.61315916720714,35.227554678261754],[126.61429848245334,35.225878649789834],[126.62203835044306,35.22038315422654],[126.62447961534997,35.21985838334539],[126.62464550609018,35.21980496349512],[126.62524696323734,35.21961109928341],[126.62605684497197,35.21916362048948],[126.62943095762819,35.214523190613626],[126.63345732756738,35.21111942470111],[126.63402765307968,35.21068119124187],[126.64244434827202,35.20712355221248],[126.64261393069059,35.206963696942275],[126.64265163799422,35.206917210263235],[126.64898278628037,35.198916699019016],[126.65175185531743,35.196479058304654],[126.65131779498232,35.19323542186828],[126.65294325506753,35.19254144897573],[126.6532540825956,35.19244873371645],[126.6562455674159,35.19409859466113],[126.65667034968827,35.19377658376496],[126.65696898526237,35.193424507958945],[126.6590708875676,35.19226266454428],[126.66416959527791,35.19236879468277],[126.66811251198632,35.192641942090646],[126.66838545057657,35.1928559198092],[126.6692824302851,35.19393915362977],[126.669759536574,35.19436718315458],[126.67206101858595,35.19425713745099],[126.67443340892102,35.191180265373994],[126.67597292804531,35.1907181096917],[126.67635428613579,35.19080926050527],[126.67711746773739,35.191046787661165],[126.67726202274135,35.1914974176799],[126.67771235446642,35.19361806181237],[126.67758378958956,35.20254059170979],[126.68705342689479,35.215194053459555],[126.69042853883983,35.21499939941178],[126.69063947310141,35.21449660544503],[126.69068932780243,35.21438082958642],[126.69149216309845,35.21314987413345],[126.69151960562141,35.21310867710217],[126.69665894766952,35.20977704395807],[126.70255613454893,35.207564450201104],[126.71069933249859,35.21227279867481],[126.71567575170451,35.21210183886935],[126.71769487139974,35.21238966358733],[126.71773631733403,35.21241581683423],[126.71853674627152,35.21318820394985],[126.72021677052498,35.21602232815687],[126.72072177085465,35.218830048067154],[126.71847734633616,35.22179869129162],[126.71866507532164,35.22234852511918],[126.71874850352961,35.222592788121524],[126.7256768885876,35.23496022599821],[126.72698737390544,35.23651265995648],[126.72790496894962,35.23638277606681],[126.72791660254057,35.23639166896917],[126.72909043272237,35.23730101641904],[126.73041165052672,35.24066146937379],[126.729955377939,35.243597115379536],[126.73625248282578,35.250690801327174],[126.73709590211801,35.25187382514381],[126.73715427522576,35.251982672627],[126.73718466499288,35.25208512702603],[126.73724696529074,35.252622969564165],[126.73724023258804,35.252885388310894],[126.74187319498799,35.250995330399256],[126.7505368819248,35.256416162376134],[126.75505546854012,35.25646008967908],[126.75790439462293,35.25836683342203],[126.76028936539896,35.258703976894076],[126.76338400875107,35.25651922386083],[126.76384865008959,35.25402871568816],[126.76370515163791,35.25336749096983],[126.76278829580319,35.25244140239594],[126.76062709874776,35.24715021024038],[126.75522130380621,35.2411333122318],[126.75525910775748,35.23436123652334],[126.7570549200156,35.23373055352593],[126.75917007407288,35.23358396840385],[126.76030969806189,35.233973122614394],[126.76216432712197,35.23363893856805],[126.77487566301616,35.23047856242458],[126.79527046515709,35.219798618906374],[126.8043959448568,35.22131581273762],[126.8053904335687,35.21827497924767],[126.82505053661582,35.23183450920607],[126.83282039325488,35.228697223899296],[126.83504182924254,35.22877060547799],[126.83529571407604,35.22990041006143],[126.8353377046084,35.2299277958895],[126.83685803032024,35.22996803652384],[126.83725520001013,35.2299681501604],[126.83965158804213,35.23190729377152],[126.83965613686622,35.23204546297129],[126.84031537563206,35.23397435743373],[126.8408065063756,35.2343944232447],[126.8442992186475,35.23699247822637],[126.85940763312642,35.24000472842634],[126.86002039578852,35.24034358801489],[126.8602301675197,35.24054212763156],[126.86110756903388,35.241525888997096],[126.86107071911299,35.2428847668942],[126.86112354688835,35.24320818440481],[126.86123443009141,35.24362039259066],[126.86128770388693,35.24378663482697],[126.8613573049224,35.24394219565223],[126.86138193063731,35.243997018007626],[126.86144406490877,35.244107638749455],[126.86254494353163,35.24523868331191],[126.86261098936671,35.24527284450407],[126.86315043930257,35.24554047791707],[126.86391446385882,35.2458047073073],[126.86677774981982,35.24616832318298],[126.86913879324545,35.24617895278609],[126.87659323267481,35.25047739064248],[126.87958128564456,35.2515215592372],[126.85420261319578,35.294478036618024],[126.86130476332578,35.30116016400124],[126.86167304328895,35.30729038093917],[126.8602400597397,35.31029593906323],[126.86222857802241,35.31864226878389],[126.86153820028542,35.32085803823457],[126.8612755203159,35.32094240931414],[126.86118288164619,35.32096741772073],[126.86277941061525,35.32243927745528],[126.87440791066248,35.32309340673902],[126.88034032854623,35.32143558153122],[126.88775778199631,35.32603203736079],[126.88671091058262,35.32787060229782],[126.8840793656996,35.33182618713373],[126.87768984500251,35.340825068122705],[126.87618996488382,35.34149264179227],[126.87598921428432,35.34179394481086],[126.87579506588945,35.34239049876483],[126.87579619629317,35.34239626279791],[126.87595142795952,35.3428926086772],[126.87596711878088,35.3429403864492],[126.87653150004982,35.3444862307944],[126.88417846104188,35.362125570336005],[126.89562299719927,35.36610383235621],[126.90286704630158,35.37779677346413],[126.91349003238052,35.38242552858365],[126.91490631393782,35.38713049718079],[126.9149083741641,35.38713183236777],[126.9205930779333,35.38301912369584],[126.9213755620634,35.381998067816035],[126.92144865595291,35.38070490432271],[126.92194151994366,35.380326945248854],[126.92387713234734,35.379427708595315],[126.92395222811956,35.37948969064766],[126.92426906202799,35.37987064777492],[126.92431663822825,35.37992877653596],[126.92454351209429,35.38065991027306],[126.92431944418173,35.38312626705314],[126.92510929008633,35.38665663504319],[126.92432344916122,35.39085834104187],[126.92426055230814,35.39312136596043],[126.92542103454264,35.39479610659086],[126.92565617624531,35.39685146022059],[126.9246068956459,35.399359304812606],[126.92167010996715,35.40060071052779],[126.92071343320593,35.40114175842002],[126.91945074556928,35.40194227017355],[126.86909811711128,35.46152930877159]]]},"properties":{"name":"장성군","code":"36450"}},
{"type":"Feature","geometry":{"type":"MultiPolygon","coordinates":[[[[126.55035974484859,34.17716246605855],[126.50449037907056,34.15968372140755],[126.51187437817617,34.12205796430807],[126.62065303242996,34.15523126258587],[126.55035974484859,34.17716246605855]]],[[[126.6543629751164,34.19835731622352],[126.62781071311522,34.14562264288091],[126.65990607387481,34.11098872560689],[126.68286407307626,34.1485620797443],[126.65598965887862,34.171680962823714],[126.68470904074174,34.18158887540908],[126.6543629751164,34.19835731622352]]],[[[126.89039279219269,34.217413435472935],[126.85728673886868,34.1992864658183],[126.85645601557623,34.15051500399852],[126.91788586004866,34.15826962086384],[126.9284714999505,34.18957372119014],[126.89039279219269,34.217413435472935]]],[[[126.56791349076084,34.23380871840139],[126.5484666255317,34.18925950370704],[126.61374651343581,34.181447182684984],[126.62400827637774,34.206199135636695],[126.56791349076084,34.23380871840139]]],[[[126.99187260203489,34.33586057761747],[126.9573365089466,34.32722550767118],[126.97247612848557,34.30110282716212],[127.01622824909703,34.32373500068341],[126.99187260203489,34.33586057761747]]],[[[126.8392889120422,34.312393171965894],[126.8825523934436,34.310864006336274],[126.89924729587567,34.342182772707616],[126.834806808685,34.358691698639845],[126.75168873352091,34.335346755328985],[126.8392889120422,34.312393171965894]]],[[[127.0299049002408,34.339683680507775],[127.05359468352937,34.33698309339908],[127.04212435718931,34.30834490493803],[127.06752855307587,34.34731953023403],[127.10099722132165,34.338045027137106],[127.02989337417307,34.38084658314529],[126.98629761315128,34.36045651270278],[127.0299049002408,34.339683680507775]]],[[[126.69443410813243,34.39847458956949],[126.6389807421924,34.382143240626505],[126.64556341348109,34.32813132920456],[126.69479120989935,34.292496102471624],[126.77772184316655,34.287574640438834],[126.69443410813243,34.39847458956949]]],[[[126.94316324750538,34.39294679111851],[126.9433745503976,34.41290465277629],[126.93072730598335,34.39063567496822],[126.86175161265905,34.40671289775939],[126.87198941746105,34.39759456743435],[126.863703033905,34.37338078145075],[126.90742897761174,34.35346602043087],[126.9478896234915,34.36776934171788],[126.94316324750538,34.39294679111851]]],[[[126.83319147346525,34.437081875577746],[126.7642121404954,34.40945632794494],[126.76832478488521,34.35689400684171],[126.79330438363094,34.38232826164913],[126.82335181049294,34.38699719409939],[126.83014202989762,34.37807945194918],[126.86564894605084,34.38983157370589],[126.85015723595122,34.41825977818035],[126.8240510200127,34.41927639401529],[126.83319147346525,34.437081875577746]]],[[[127.04334101193656,34.459873055827984],[127.02230495529366,34.454951203030824],[127.06203490036154,34.40171847850982],[127.04334101193656,34.459873055827984]]]]},"properties":{"name":"완도군","code":"36460"}},
{"type":"Feature","geometry":{"type":"MultiPolygon","coordinates":[[[[126.05910600325144,34.24912149602838],[126.02385958514088,34.23113587273049],[126.05782715391236,34.224784196653],[126.05910600325144,34.24912149602838]]],[[[126.04236255179232,34.31645707440727],[126.02320231621475,34.28552476992696],[126.09529359512932,34.2753919745172],[126.0884223991939,34.311151846628015],[126.04236255179232,34.31645707440727]]],[[[126.02670672350008,34.342838922869745],[125.99667847481908,34.324777520035596],[126.05935729030054,34.31958889426595],[126.02670672350008,34.342838922869745]]],[[[126.25220730270205,34.58421634513843],[126.20489536424392,34.49570401292493],[126.19067408908755,34.51431558962689],[126.09608098137774,34.435704826988506],[126.11453962119514,34.38127683975235],[126.14302275816269,34.38515348668911],[126.13000949054387,34.35926673903959],[126.18004151473825,34.3489488711228],[126.26548841408685,34.397307713708024],[126.28854558972483,34.364213926230754],[126.29261477965997,34.40889658084188],[126.31425121947507,34.400063150302046],[126.32022803085776,34.42450849552634],[126.32899830464613,34.39415025960603],[126.36566519250202,34.44329478422586],[126.37737926475384,34.512408947106145],[126.25220730270205,34.58421634513843]]]]},"properties":{"name":"진도군","code":"36470"}},
{"type":"Feature","geometry":{"type":"MultiPolygon","coordinates":[[[[125.09958818636758,34.095621889407155],[125.08580735948416,34.07408445488016],[125.14261604848411,34.04982864925389],[125.09958818636758,34.095621889407155]]],[[[126.05819394429015,34.62848636437279],[126.08701815531418,34.58446124235683],[126.06394171424778,34.55933044702625],[126.03082938986633,34.56117831981143],[126.06093691693876,34.54871959559837],[126.03123070750819,34.53098531379811],[126.09940996588978,34.552279586958726],[126.11142482268386,34.58861067829792],[126.05819394429015,34.62848636437279]]],[[[125.85578756077929,34.629780768247926],[125.80359833245075,34.62287726212867],[125.81136349545025,34.59658776134323],[125.86109474083229,34.604262501109176],[125.85578756077929,34.629780768247926]]],[[[126.01744132540513,34.635530042232524],[126.01917251516434,34.56416958575201],[126.05588832109132,34.568190996085455],[126.05601383590141,34.60264965532323],[126.01744132540513,34.635530042232524]]],[[[125.96875808310512,34.63717522125744],[125.94641593318849,34.634754037190646],[125.9766501811467,34.619079829021544],[125.96875808310512,34.63717522125744]]],[[[126.16036351575872,34.66903611765239],[126.10968090223362,34.64867424538406],[126.12203016218093,34.61544038849292],[126.20122529360316,34.63537862601802],[126.16036351575872,34.66903611765239]]],[[[126.19506817535006,34.70307833291003],[126.16019325162634,34.68851818629106],[126.18931334494177,34.680432870851526],[126.19506817535006,34.70307833291003]]],[[[125.42513933496132,34.69665650620166],[125.38670810826353,34.65726987734682],[125.40127246105509,34.62509540485092],[125.46409029114461,34.687345744645036],[125.42513933496132,34.69665650620166]]],[[[125.97001748017297,34.725566988592114],[125.9141141228888,34.697016755849106],[125.96517188830647,34.656338117801475],[126.01397515316988,34.70105333121353],[125.97001748017297,34.725566988592114]]],[[[126.14556542098168,34.70145568592561],[126.17797500282491,34.7064393649843],[126.1736675941599,34.75333417868256],[126.06483818060545,34.769174819104336],[126.07478743381009,34.70888968003182],[126.13723895897427,34.728556440550854],[126.14556542098168,34.70145568592561]]],[[[125.99344292880606,34.80695171160644],[125.90001169362641,34.78025489996235],[125.89285373409984,34.72776281134551],[125.93626900751727,34.72021566761046],[125.93072208754359,34.75408158418664],[125.99832771309647,34.76167291035149],[125.99344292880606,34.80695171160644]]],[[[126.15873617330962,34.82179673599223],[126.14766024187011,34.79753165008518],[126.08178959216129,34.78839345065233],[126.16407896984673,34.764949516637394],[126.15873617330962,34.82179673599223]]],[[[126.1158674272887,34.88197815363232],[126.11518912270644,34.85074124670949],[126.05964693760805,34.84768393732609],[126.07992419957594,34.81895894236644],[126.04299807259493,34.82582426712388],[126.07576028523705,34.79426145648495],[126.07132775103798,34.81333407347964],[126.11852648468182,34.80027153361431],[126.15033958020396,34.842660531744926],[126.15459461612717,34.869315224765174],[126.1158674272887,34.88197815363232]]],[[[126.29446632113857,34.84996339212508],[126.33428592824474,34.848499100286936],[126.34982828104123,34.81367782248698],[126.37302285280155,34.83294157103936],[126.35696336578718,34.86368884256879],[126.31446482178023,34.866586007711334],[126.35046703410408,34.89872894025903],[126.2967012727609,34.92203804654708],[126.30342201984428,34.887141624802666],[126.22594727841336,34.84960640122828],[126.29446632113857,34.84996339212508]]],[[[126.06307682547113,34.93279281394613],[125.96827469129111,34.87172308528535],[126.02511936213405,34.872245408356555],[126.04242814969444,34.84446025869523],[126.08436904465633,34.8642390086103],[126.09861639368266,34.909777226005],[126.06307682547113,34.93279281394613]]],[[[126.25160459885566,35.00612251610031],[126.24447700935578,34.97540915799471],[126.27059197526924,34.97611352859218],[126.25160459885566,35.00612251610031]]],[[[126.16351550479,34.96292997890694],[126.16552806694916,35.02055280792115],[126.12693313368092,35.02635949750991],[126.09800082577154,35.002652131902074],[126.14515877441275,34.988649065407024],[126.12347626743325,34.94737009606178],[126.16351550479,34.96292997890694]]],[[[126.14507433982205,35.059431743630554],[126.12830558707475,35.04827242662521],[126.19114733290183,35.00726315598721],[126.20068226383285,35.03901246237191],[126.14507433982205,35.059431743630554]]],[[[126.2039582037321,35.10619888792828],[126.15927030235315,35.09880012250437],[126.16152390676358,35.06677514214756],[126.23273412180616,35.052968741726595],[126.2273057200122,35.019784981653636],[126.25540900413817,35.012632917188235],[126.27454747881131,35.03446744800923],[126.26069175464536,35.049758782505585],[126.26029066754452,35.05258052814382],[126.26066548407833,35.05342530408858],[126.26183047937599,35.05364081026169],[126.26185277388588,35.053862004931375],[126.26204879324332,35.05644731739068],[126.26206655213572,35.05674883444049],[126.26202183348904,35.058482287593556],[126.26146742642761,35.064308532214255],[126.26097856879672,35.06547837552012],[126.24459307227492,35.07712862680664],[126.24440363101112,35.079728492352096],[126.24456619393112,35.08289921880502],[126.24460625007475,35.08318526928585],[126.24485463561018,35.0849589903829],[126.24530880427247,35.08594292164203],[126.24537532351154,35.08601764175651],[126.24766482948084,35.08858937862824],[126.24889264069832,35.091324731577],[126.24894261716325,35.09151900064743],[126.24906533868312,35.09291558107888],[126.24918035598485,35.09422448930089],[126.24898128476337,35.095097785079865],[126.2483117023942,35.097031602532084],[126.24827953462834,35.097114221224864],[126.2039582037321,35.10619888792828]]],[[[126.05561275030041,35.075191036170615],[126.03776735694586,35.06545967974357],[126.10130702284604,35.047994396094175],[126.12440995248527,35.134737687074434],[126.16385872008564,35.145785781636185],[126.11403068664066,35.14326652070873],[126.0489576141774,35.10275144735981],[126.05561275030041,35.075191036170615]]]]},"properties":{"name":"신안군","code":"36480"}},
{"type":"Feature","geometry":{"type":"Polygon","coordinates":[[[129.51729962720376,35.841876038184175],[129.51905557507246,35.929033865319944],[129.58441896892091,36.01653784369752],[129.5702851878491,36.077855189868046],[129.54718035684746,36.084892837096504],[129.45149052536775,35.99157833958818],[129.39556448127144,36.01794155242507],[129.43149810012983,36.030394097943415],[129.37259383485235,36.04986702894151],[129.3511953704085,36.01415181022201],[129.2863384923917,36.06269625996439],[129.2772345275153,36.0273692928113],[129.3612025113191,35.86497404707123],[129.40704573921272,35.85784251834934],[129.42578765727947,35.884020936670574],[129.45235439382637,35.84785564651885],[129.51729962720376,35.841876038184175]]]},"properties":{"name":"포항시남구","code":"37011"}},
{"type":"Feature","geometry":{"type":"Polygon","coordinates":[[[129.37259383485235,36.04986702894151],[129.4399011787026,36.11248478239913],[129.3949970676668,36.14162779112574],[129.37602702002584,36.26820297624075],[129.30411563904136,36.26786605657926],[129.2977329114592,36.323865872275704],[129.25180739678015,36.321540218703724],[129.17098230801696,36.22480015558285],[129.13281044972877,36.262054638213584],[129.05939219385075,36.27059525600868],[129.08185896453367,36.234989389905444],[128.98949105798607,36.168106906710086],[129.09849228186155,36.121878013957264],[129.15132697676438,36.054831165498406],[129.1812375262974,36.02754253754095],[129.24730880309139,36.07496257731452],[129.2863384923917,36.06269625996439],[129.3511953704085,36.01415181022201],[129.37259383485235,36.04986702894151]]]},"properties":{"name":"포항시북구","code":"37012"}},
{"type":"Feature","geometry":{"type":"Polygon","coordinates":[[[129.44978703980394,35.651069276649714],[129.51729962720376,35.841876038184175],[129.45235439382637,35.84785564651885],[129.42578765727947,35.884020936670574],[129.40704573921272,35.85784251834934],[129.3612025113191,35.86497404707123],[129.2772345275153,36.0273692928113],[129.2863384923917,36.06269625996439],[129.24730880309139,36.07496257731452],[129.1812375262974,36.02754253754095],[129.15132697676438,36.054831165498406],[129.1440334267011,36.010394864634065],[129.1109333377965,36.00599764586473],[129.1335793039616,35.92761141001536],[129.0649845977709,35.94127964868273],[129.01522969866434,35.84619920140281],[128.97287755022236,35.737417149890334],[129.0035643828388,35.694569951672584],[129.03736144549856,35.69499634305265],[129.04690108035405,35.65051760682825],[129.08085479919868,35.64325313474673],[129.07722107459787,35.69293562190192],[129.14613113993607,35.72491979030361],[129.25685043705957,35.700703365838336],[129.25550370543715,35.660455676372976],[129.29642290786649,35.64351244155218],[129.35355872577395,35.67938023028171],[129.44978703980394,35.651069276649714]]]},"properties":{"name":"경주시","code":"37020"}},
{"type":"Feature","geometry":{"type":"Polygon","coordinates":[[[127.87677397654082,36.02251177245872],[127.91136737877143,35.949181509183774],[127.9061037191431,35.940632285278326],[127.88223681367494,35.9288840290095],[127.88815709248045,35.91481655983975],[127.88478334943456,35.89310653346139],[127.89352074475015,35.88679852874049],[127.92022246507635,35.89321888597834],[127.9257827934255,35.855622736193574],[127.98174909158139,35.858735241913536],[127.99699369706902,35.83705155742801],[128.00588535945715,35.83394133868178],[128.01121554174077,35.82907886731658],[128.011780526675,35.828934017603764],[128.01425214423125,35.830322185381405],[128.01567829624787,35.8313772518677],[128.01750714710184,35.832520130945355],[128.02036039612983,35.83322779205315],[128.0216098543869,35.833518108450065],[128.02427655001355,35.83291600274218],[128.0297816895132,35.83564868225484],[128.05165367191003,35.82988263695808],[128.06978579014685,35.841201899584334],[128.07420635530175,35.83895837678828],[128.07735973214125,35.83965734267602],[128.07331272107953,35.85050735173277],[128.07354169763653,35.85078835209245],[128.07429673178262,35.85114109338633],[128.07495232937382,35.852351729320205],[128.07580473330205,35.853995983496226],[128.07652705531868,35.85540637608965],[128.07664437428699,35.858048931929815],[128.07664645021325,35.860047060912116],[128.07760710091688,35.86183239095218],[128.08684877426225,35.87242619942016],[128.05730062212268,35.901994477819734],[128.0467528046389,35.92816757819857],[128.04665086711933,35.93247221210843],[128.04938577534895,35.936724242811295],[128.05135646751594,35.93856721204548],[128.0522553197438,35.938670513785475],[128.05253440833457,35.938773112134655],[128.0535519145835,35.93937982735588],[128.05387727820286,35.94033335898544],[128.0556153767679,35.94166059967665],[128.0561461928342,35.94178350560001],[128.0572464522907,35.94147221170274],[128.05795785992217,35.941190820659294],[128.0590394138081,35.940750402077185],[128.06310406073752,35.9384193187318],[128.0654157768086,35.93724109509001],[128.06599895712583,35.93698528522962],[128.07095110930481,35.93647998028556],[128.0739516030843,35.92793330854327],[128.0790793620911,35.927043647226654],[128.08480117338286,35.92085054907351],[128.08836197125706,35.92142328853488],[128.09125273435032,35.931071066438854],[128.08859674023205,35.94663947866379],[128.09552807457453,35.954233176060036],[128.0963343900289,35.95470683796559],[128.09812479356395,35.955710520917194],[128.1046043342199,35.95809220529861],[128.10742093271475,35.96021503545976],[128.1088218919101,35.96342468644339],[128.10884426724303,35.96343997535053],[128.10924610221312,35.96371280900835],[128.11078857113037,35.96462142114027],[128.11821970863906,35.959302476319905],[128.1234888980374,35.96222871488932],[128.13578473291076,35.960646174582514],[128.14555980220328,35.96502490836443],[128.14804429173466,35.96504879374322],[128.15094033329171,35.966321511782475],[128.15100030073364,35.96633251236809],[128.15244937622853,35.96818016651021],[128.15291716005063,35.96885578000439],[128.15089005969233,35.975824686992425],[128.1557872208755,35.978959665697346],[128.15698426983622,35.98592153339762],[128.15766903312092,35.98739792883342],[128.16227699831398,35.98806423417457],[128.1651551479062,35.98839315355651],[128.1659995433841,35.98782314252628],[128.16711440175283,35.98839693638808],[128.16745289908295,35.98860570867257],[128.1679394092119,35.98907634539389],[128.16894832506935,35.99047743404868],[128.17056425032675,35.99311255222072],[128.17050246605461,35.99639368918198],[128.1682949831581,35.998161481650605],[128.1662192004378,35.99946468872889],[128.16647277593077,36.002072242216094],[128.17335681143712,36.014179969090236],[128.17089164950525,36.0181024232581],[128.1702024443186,36.01821389368239],[128.16924035739177,36.018369706265574],[128.16798982445758,36.019533676673035],[128.16767113455515,36.020537646619786],[128.16760948945807,36.022047414430865],[128.16806637143657,36.02308043921207],[128.16789065442705,36.02639956203466],[128.16709594870647,36.02992268071876],[128.16666168751937,36.030238374067245],[128.1647650134284,36.03189774331073],[128.16433296071443,36.03245897458872],[128.16936235211452,36.03552360871116],[128.1938246843515,36.03153739530399],[128.19630536694896,36.037368003657356],[128.19418184695274,36.03977272131761],[128.19404806934597,36.04055890585113],[128.19419079579964,36.04482588492955],[128.19653038444383,36.046407501403124],[128.1984297325015,36.046413902539726],[128.2003276541611,36.04605192726292],[128.20221705683386,36.045676779669286],[128.2059745907408,36.045128807370425],[128.209031189414,36.04552976769012],[128.21703477698458,36.05005718064812],[128.22265655214062,36.054236325640574],[128.22299493670934,36.05494845724665],[128.22313179374189,36.055395031188745],[128.22379415948706,36.05531907822236],[128.22600300472024,36.05415685889719],[128.22993243256954,36.05403244941292],[128.23544043486214,36.05075143516838],[128.23751209072887,36.05051403521419],[128.2377714253166,36.05049102741587],[128.2380602382128,36.050031120128054],[128.23938348198445,36.04909489679066],[128.24104277953592,36.0486280316468],[128.25042334560132,36.04943322404989],[128.25109395288382,36.04984611678888],[128.25463407781618,36.05173875371149],[128.25658880871725,36.05183968208336],[128.26103684034894,36.04849311524533],[128.26370565714655,36.04877791649275],[128.26994901542872,36.0486252816248],[128.2774995536456,36.04719709318204],[128.28076398478132,36.04687223032369],[128.28329870264298,36.046819534972336],[128.28482285088901,36.045971362391114],[128.28542781070473,36.04549289795903],[128.28544074036157,36.045477834922416],[128.2865653503633,36.04417940079068],[128.28715799162032,36.04379765281303],[128.28878183782203,36.043137596554985],[128.28974532634342,36.04383183700863],[128.29016498825308,36.04530549047488],[128.29356904477203,36.05005311397567],[128.29942126120793,36.05121011375409],[128.3012344484002,36.05731601350378],[128.30094503201397,36.05753739762088],[128.30021811343835,36.05804513586689],[128.29968236237997,36.05883043275657],[128.299168114385,36.060123793835636],[128.2991188685998,36.06029357204871],[128.29911891345103,36.060338622144435],[128.29911911603705,36.06037185969795],[128.29923277360498,36.06057648430461],[128.29968783861278,36.06114857114324],[128.2997508273881,36.06120364316795],[128.2999473320078,36.06134203602538],[128.29998308652787,36.06136530813336],[128.3001713839961,36.0612790647442],[128.3004641899407,36.061537222245576],[128.30067133792923,36.061901075900245],[128.30087590525767,36.06242490302133],[128.30086616308162,36.06248583041155],[128.30078859975725,36.06272632121349],[128.3005858743527,36.0631160126473],[128.30053341636,36.063174032094786],[128.29619802876167,36.06768721356322],[128.2951258108826,36.06921109830553],[128.29359378823256,36.07070393842878],[128.29110996277623,36.070897240142315],[128.28495706562884,36.08107640190388],[128.28698110698684,36.08449315181338],[128.2892821660171,36.086419982897446],[128.2920404358605,36.087976127923476],[128.2915504422193,36.09482549997621],[128.28265333532028,36.10143650758171],[128.2747843260965,36.10447417946448],[128.27774999169688,36.11402063893591],[128.29613012298378,36.13243333447139],[128.28454500143874,36.14045703919167],[128.28677323800036,36.14331142880326],[128.28720705947862,36.14479054416699],[128.28721512293066,36.14483749054579],[128.28722347709078,36.1449024620899],[128.2872181072733,36.14510526279667],[128.2872014751849,36.14521413986964],[128.2871755880128,36.145351280261536],[128.28612444645736,36.150195190417136],[128.29089793012386,36.1560618090927],[128.29567935248255,36.166402249488655],[128.29516546139905,36.168162200751716],[128.2942695079713,36.16890799318385],[128.2923980962195,36.17091151629317],[128.28996483200618,36.170340169533155],[128.28948473341424,36.17090600692454],[128.28918704431064,36.17120122839009],[128.2884112130406,36.17169336985501],[128.28099015418755,36.17268081315259],[128.28066218991557,36.1726536156754],[128.279666433728,36.17137084250986],[128.27844965718424,36.17093494447352],[128.27070606949832,36.17406679454536],[128.27134888039143,36.19555817208979],[128.25929438951803,36.201603646031415],[128.25676868705722,36.200593576903515],[128.2529361595867,36.199816506010464],[128.2500999441478,36.19968419529086],[128.24727116478908,36.198987983661375],[128.24281586644636,36.197119427509904],[128.2347183095741,36.20110133304909],[128.23449443430735,36.20293265946725],[128.23498129291866,36.207963573220084],[128.23672317944283,36.20922210931899],[128.23338593809592,36.2144095810089],[128.2334440168353,36.21831341677343],[128.23362338435652,36.218848029698854],[128.23450100832446,36.220383583335725],[128.23560484476022,36.22182554974651],[128.2357747308929,36.222219736027164],[128.23647291993834,36.22469458738087],[128.2357245872456,36.22548712981954],[128.2341293344109,36.22653086382636],[128.2330120000808,36.226889035894146],[128.23299033215258,36.226882205157686],[128.23236574871984,36.22668222078926],[128.23208325804885,36.226465485616416],[128.2315766670966,36.22625301009683],[128.2314608009041,36.22628968589001],[128.23007482772258,36.226740125962564],[128.22695993789972,36.23021297853017],[128.2264569625315,36.23081259561287],[128.22601953844227,36.23140393646335],[128.22419256210335,36.2303497107498],[128.22092276271587,36.22989421509728],[128.21832302911923,36.229993344156625],[128.21467065871678,36.236044077598166],[128.19681631920164,36.244746250936885],[128.19228932803506,36.24451909223426],[128.18973960926672,36.24419018812007],[128.18835798337088,36.24397749488701],[128.18775554555108,36.24367933585317],[128.17231796748086,36.24561876555027],[128.17150132234144,36.24608380446414],[128.16954325939568,36.247736243196975],[128.1679829625759,36.25002767532172],[128.1675498695875,36.251274900528635],[128.16783052706705,36.25273115101758],[128.16764653891758,36.2534521662892],[128.1676008872181,36.253562154015206],[128.16611470744826,36.25458055485766],[128.16512778355016,36.255084090077226],[128.15989870880213,36.25731080103219],[128.15883293191857,36.25732984534931],[128.15822204039003,36.25702430045859],[128.157599239378,36.25680757400487],[128.15639132892738,36.256476251347244],[128.15134692716887,36.256499780380715],[128.14141574864846,36.258039477916945],[128.14055475101895,36.258082311501234],[128.13939540144355,36.25805083408804],[128.13686202259444,36.25694538673748],[128.13573580544005,36.25437149926285],[128.1311369809825,36.25123598823991],[128.12852566851632,36.25172526004023],[128.12669689690534,36.25218657694655],[128.1248308764461,36.252573860655914],[128.12456118077455,36.2526296206711],[128.12162757763,36.25312627204988],[128.12058161266734,36.25316564232188],[128.1203409941391,36.252969633357985],[128.11957333416075,36.25016498154269],[128.1197420847289,36.248709756594316],[128.12138813397127,36.2462156562888],[128.11913875182327,36.24306018953748],[128.1087341704914,36.237164076241896],[128.09665260392467,36.252271673544655],[128.0763721337738,36.24189847344962],[128.06093889364493,36.24666858440668],[128.05730183330883,36.24360165016039],[128.05042087714995,36.24424933452205],[128.0495962988722,36.244877503167785],[128.04729588361934,36.247407610664034],[128.0461799190829,36.24968204440181],[128.04629769606655,36.250119765306344],[128.04667421361614,36.25051072596375],[128.04651770940563,36.25149913096419],[128.0464540114523,36.25172778486908],[128.04572687119855,36.25211920628276],[128.0426778574988,36.25230478395527],[128.04026227554527,36.25202501855244],[128.02990214361085,36.24001298616171],[128.05814614425216,36.201245015340305],[127.97801613323522,36.198110661039635],[127.99719738774235,36.15546719429],[127.96087429153964,36.07033899392149],[127.87677397654082,36.02251177245872]]]},"properties":{"name":"김천시","code":"37030"}},
{"type":"Feature","geometry":{"type":"Polygon","coordinates":[[[128.99112034348354,36.7479501236974],[128.84038546210746,36.809044771508965],[128.81221301789282,36.795537643477445],[128.80295620113782,36.82316258759457],[128.74340258657736,36.797722739322005],[128.7356685910986,36.69687382403188],[128.63054966692815,36.71978553864681],[128.59082127414717,36.70097612355356],[128.60427153488695,36.652444619038604],[128.52486420986568,36.628542129576054],[128.52948616735748,36.60137848738552],[128.4976487701744,36.60329736702959],[128.42848889205416,36.52036982112678],[128.45328571052335,36.49103925327197],[128.4915790688122,36.51757312536132],[128.5495348427484,36.490354657302525],[128.60356173175796,36.405144022435024],[128.74731453465932,36.48886427131784],[128.83045070694018,36.45234476913652],[128.88949031525837,36.29740073268591],[128.9660026896143,36.346470820365596],[128.99980281847996,36.593979913582956],[128.99112034348354,36.7479501236974]]]},"properties":{"name":"안동시","code":"37040"}},
{"type":"Feature","geometry":{"type":"Polygon","coordinates":[[[128.28768220177318,36.34630236905482],[128.25312441225716,36.359496997558935],[128.22890117799298,36.30314803888523],[128.1548487942044,36.29527121024707],[128.1368620216049,36.25694538684065],[128.1393954002355,36.25805083325124],[128.1405547505809,36.258082310971986],[128.15134692681008,36.25649978024374],[128.15639132791273,36.25647625038895],[128.1575992383917,36.25680757344877],[128.15822204047635,36.25702430064757],[128.15883293203737,36.2573298456517],[128.1598987076229,36.257310800930576],[128.16512778221792,36.25508408936376],[128.16611470715216,36.25458055480931],[128.16760088730337,36.253562154326566],[128.16764653872312,36.25345216617777],[128.16783052675092,36.25273115039884],[128.1675498684256,36.251274900537936],[128.1679829623663,36.250027674322915],[128.16954325897845,36.24773624309296],[128.17150132191617,36.2460838044359],[128.17231796638129,36.24561876584716],[128.17313385578498,36.24538296014542],[128.17530726472035,36.244958964815154],[128.18775554420824,36.2436793349252],[128.18835798181036,36.2439774939242],[128.18973960907022,36.244190188271055],[128.19228932801158,36.24451909228565],[128.19681631813077,36.24474625115108],[128.19825200464538,36.24371417988793],[128.19935805148222,36.24195125376207],[128.20173476634815,36.24003844210273],[128.21467065762133,36.23604407795704],[128.21832302861327,36.2299933433754],[128.22092276164082,36.22989421494546],[128.22419256112394,36.23034971060095],[128.22601953834607,36.23140393675288],[128.22645696214224,36.23081259476493],[128.2269599375007,36.23021297886204],[128.23007482628478,36.22674012536051],[128.23146079976243,36.226289686162175],[128.23157666610066,36.226253010034426],[128.2320832579373,36.226465484609214],[128.23236574819106,36.22668222013765],[128.23299033212672,36.226882205300655],[128.23301199906075,36.22688903604408],[128.23412933453633,36.22653086376414],[128.23572458718584,36.225487128775924],[128.236472918505,36.224694587374024],[128.23560484462718,36.22182554958112],[128.2345010072892,36.2203835823157],[128.2336233839837,36.21884802898731],[128.23344401684793,36.218313416033105],[128.2333859368989,36.21440958127349],[128.2367231790565,36.20922210924936],[128.23498129141365,36.207963572598246],[128.2344944344285,36.202932659530966],[128.23471830956447,36.20110133318315],[128.23750067792827,36.20006223329877],[128.23932484576918,36.20042101666018],[128.24281586612264,36.19711942785192],[128.24727116467952,36.198987983794304],[128.25009994372948,36.19968419562469],[128.2529361595657,36.19981650608737],[128.25676868679253,36.20059357682966],[128.25929438849636,36.201603645412106],[128.27134888000356,36.19555817196921],[128.27070606906483,36.17406679463901],[128.27844965712868,36.1709349439106],[128.27966643383613,36.17137084235525],[128.2809901536785,36.172680813066286],[128.2884112116636,36.17169336973483],[128.28996483092362,36.17034016943217],[128.2923980962438,36.17091151655467],[128.2942695074286,36.16890799309606],[128.29516546120738,36.16816220059029],[128.29567935225663,36.16640224980552],[128.28750208932104,36.15346194756538],[128.28612444619736,36.150195190691946],[128.2871755879222,36.145351280323055],[128.28720147498993,36.145214140022524],[128.287218107329,36.145105262724286],[128.28722347709189,36.1449024624211],[128.28721512266517,36.144837490595265],[128.28720705951883,36.14479054417659],[128.2867732375008,36.143311429106056],[128.2845450009406,36.14045703920039],[128.29613012250462,36.13243333463676],[128.2777499914011,36.11402063920389],[128.27478432600645,36.10447417957794],[128.2755816533698,36.10345670097347],[128.2826533351918,36.10143650742953],[128.29155044172387,36.09482550022707],[128.28963383675182,36.091217321144065],[128.29144276606314,36.08842768944031],[128.29204043576942,36.087976127823005],[128.36119778535215,36.060581171706545],[128.4037671318186,36.092087529449806],[128.46966541418809,36.072260463154066],[128.49278007913992,36.12485441768764],[128.5628442808298,36.111116057625914],[128.55681702108353,36.177216457971575],[128.522849046866,36.201369889306754],[128.50293577028046,36.18488201585005],[128.48504763278257,36.233557229929275],[128.44094546762335,36.21835775765677],[128.41043911346145,36.287200797099956],[128.36170100858175,36.34029769390194],[128.28768220177318,36.34630236905482]]]},"properties":{"name":"구미시","code":"37050"}},
{"type":"Feature","geometry":{"type":"Polygon","coordinates":[[[128.7090990025728,37.03935578470675],[128.65209649942307,37.06544001880795],[128.56837213396895,37.034219430849525],[128.44174577227938,36.927364534671774],[128.42396974952104,36.87652845071278],[128.44899418071165,36.848606464077136],[128.48158840657058,36.83467548633474],[128.4750230950819,36.77670074759148],[128.55171494994767,36.76826542045406],[128.59082127414717,36.70097612355356],[128.63054966692815,36.71978553864681],[128.7356685910986,36.69687382403188],[128.74340258657736,36.797722739322005],[128.71298121224885,36.82202581884395],[128.72677642860396,36.865994035977025],[128.67447048026943,36.842530683689255],[128.64177432997434,36.85716803315897],[128.7090990025728,37.03935578470675]]]},"properties":{"name":"영주시","code":"37060"}},
{"type":"Feature","geometry":{"type":"Polygon","coordinates":[[[128.98949105798607,36.168106906710086],[128.8950094696761,36.173197288380045],[128.81063989194223,36.089040088172545],[128.74515702981756,36.10925277599386],[128.69559642916082,36.0161651229718],[128.73470067881007,35.99307570308921],[128.85935965719622,35.95387989739938],[128.88286047574175,35.84345849427212],[128.97054706885476,35.83553903850361],[129.01522969866434,35.84619920140281],[129.0649845977709,35.94127964868273],[129.1335793039616,35.92761141001536],[129.1109333377965,36.00599764586473],[129.1440334267011,36.010394864634065],[129.15132697676438,36.054831165498406],[129.09849228186155,36.121878013957264],[128.98949105798607,36.168106906710086]]]},"properties":{"name":"영천시","code":"37070"}},
{"type":"Feature","geometry":{"type":"Polygon","coordinates":[[[127.92394707545792,36.6020163537342],[127.87965833359276,36.65676724929892],[127.85830351952283,36.61353284414091],[127.79849864995556,36.602083711698185],[127.90246327086497,36.52806962072799],[127.87989879828181,36.37145465170248],[127.89050897789099,36.3565713474905],[127.85256372153472,36.32963226959409],[127.85070506291858,36.320812008352874],[127.84591458293305,36.318233887347695],[127.84577219951568,36.31811787872875],[127.84519237334064,36.316438076615206],[127.84153350888975,36.308312480125096],[127.85211948837951,36.273924105741926],[127.88263554845564,36.273749666214584],[127.8858453732442,36.28020021951026],[127.88812616868469,36.286199073388225],[127.88871406836265,36.28735980145083],[127.88991463984682,36.289235493321215],[127.89210117707825,36.2919276478898],[127.89476857910421,36.29370947955659],[127.89711490450135,36.29634201493979],[127.89846223627067,36.29757676916845],[127.90156884564448,36.300045080657014],[127.90288260685921,36.30100012827558],[127.90336658586178,36.301305630231276],[127.90427570427782,36.30145297922637],[127.90428681042854,36.30145396131594],[127.90429293073491,36.30144706816423],[127.90453908563106,36.30115306844064],[127.90521006340921,36.29991094664163],[127.90563475198321,36.2985969112392],[127.90557108612825,36.29122221071723],[127.90810924110652,36.28550954552461],[127.93090725286355,36.27801330283917],[127.9473588224937,36.26723733456014],[127.94925124565047,36.25664672535881],[127.95460760065032,36.25721509939216],[127.95541131473298,36.25674038609404],[127.95793757494262,36.25411652322261],[127.95987717659634,36.25253174298463],[127.96016741975576,36.25237120527019],[127.9608789844767,36.252270957212716],[127.96247886234178,36.252064640812904],[127.96481559010705,36.25318383517865],[127.96811503062136,36.250329354938216],[127.96827680234263,36.250316725795166],[127.96834018822113,36.25032468624234],[127.97056216071631,36.250401037356234],[127.97461300381207,36.25294965163067],[127.97832387316258,36.25458767796429],[127.978696189927,36.2557362633747],[127.97863658743921,36.25607514970974],[127.97796371398452,36.257307406801026],[127.97726624605734,36.25828177708149],[127.97671867167792,36.259286705118264],[127.9776547279898,36.26062194919867],[127.98119086636842,36.26364799819974],[127.98201044686958,36.26342312814592],[127.9839345786636,36.26284264581001],[127.98410983911886,36.26285003425816],[127.99052819907688,36.26337827456305],[127.99440805997669,36.267441241030326],[127.99782147076442,36.26815791310787],[128.00047777320387,36.26643841093945],[128.0082864645334,36.271707062659296],[128.00907089778806,36.27200845306575],[128.00995350145186,36.272140541883836],[128.01031668866415,36.27215193436017],[128.01077771371823,36.27205425672175],[128.01416092063548,36.27009691390612],[128.01560374230098,36.26830255730354],[128.01903432694007,36.26729440970388],[128.02106842993118,36.267311661141726],[128.02394239097245,36.26780588986887],[128.02622489303545,36.267896008805245],[128.03318240877678,36.26152990830478],[128.03962821863132,36.25921820955495],[128.04262838829985,36.25853052233495],[128.04359681253015,36.25839618934002],[128.0473524299586,36.25655105952329],[128.0468465555538,36.25477792961394],[128.0463420042775,36.25397519276624],[128.04572687069003,36.25211920662686],[128.046454011383,36.2517277850668],[128.04651770951787,36.25149913116283],[128.0466742137345,36.250510725791706],[128.04629769559614,36.25011976565555],[128.04617991861574,36.2496820447466],[128.047295883585,36.24740761088536],[128.04959629882433,36.24487750300707],[128.05042087662875,36.244249334441875],[128.05730183332628,36.243601650478325],[128.06093889326536,36.24666858468508],[128.07637213380886,36.24189847379124],[128.0966526040534,36.25227167389107],[128.10873417041003,36.23716407640272],[128.11913875135818,36.24306018941241],[128.12138813283735,36.24621565639523],[128.11974208472307,36.248709756550504],[128.11957333418982,36.250164980963405],[128.12034099417394,36.25296963364236],[128.12058161127732,36.25316564166809],[128.12162757621576,36.25312627218419],[128.1245611803485,36.25262962013382],[128.12483087610934,36.252573860546924],[128.1266968957522,36.25218657723979],[128.12852566837878,36.25172526024539],[128.13113697990627,36.25123598849933],[128.1368620216049,36.25694538684065],[128.1548487942044,36.29527121024707],[128.22890117799298,36.30314803888523],[128.25312441225716,36.359496997558935],[128.28768220177318,36.34630236905482],[128.3390370923154,36.40494524128561],[128.31351461942282,36.45459103203803],[128.2620456419282,36.47698284136464],[128.26796687631693,36.53579144325839],[128.22230224524066,36.534714485363196],[128.21928776515455,36.57508486066279],[128.11969849224937,36.62192687587667],[128.07150562817583,36.60532152653296],[128.05406086196166,36.54620511906041],[127.9785059275279,36.54330194782896],[127.97694013498835,36.51302318363462],[127.93182149604347,36.532255393515605],[127.92394707545792,36.6020163537342]]]},"properties":{"name":"상주시","code":"37080"}},
{"type":"Feature","geometry":{"type":"Polygon","coordinates":[[[128.36839883683302,36.80207603452764],[128.2418256969287,36.872325679483495],[128.21536954386886,36.81200227331724],[128.15312522011052,36.82243523823655],[128.14178117659043,36.83333663134857],[128.13633210832154,36.832891498672566],[128.13357110669426,36.83279533273828],[128.13397559885576,36.82844080700778],[128.1333333483368,36.82764132862408],[128.13305100391844,36.82737792657866],[128.12987849627945,36.82514924743415],[128.11895753927985,36.82235577784894],[128.1184557919873,36.82149830215447],[128.1184500495779,36.82148877479364],[128.115758274589,36.82118656272006],[128.1129115057711,36.82101440602363],[128.11054805819975,36.82159343990603],[128.1098776766723,36.82147044474486],[128.10982293620208,36.8213177773251],[128.1095303549722,36.8179798404237],[128.10827417674048,36.81350963245421],[128.10810671233918,36.8119962908797],[128.10818096929572,36.8104407072078],[128.10785582034933,36.80894404094255],[128.10708082474196,36.807309072000926],[128.092960300207,36.80286353620129],[128.09293402525313,36.80162904658242],[128.0934368656899,36.80049640864062],[128.09345287288227,36.79970023177461],[128.09349610449325,36.79677674395938],[128.0900677946275,36.796637529152264],[128.08383341535213,36.799299058806746],[128.08386345682712,36.80223033012584],[128.08505527942265,36.80311800352621],[128.08537347743814,36.804203975559105],[128.08267171546387,36.80682559209],[128.07910382836928,36.808526908010755],[128.07849757300625,36.80899560825867],[128.0780427494252,36.80949980448345],[128.07798206277482,36.810067465923986],[128.07716103819214,36.81098045020304],[128.07179574725095,36.814554264897055],[128.06735951528503,36.816766788390176],[128.0656877034809,36.81718075918652],[128.0641972129163,36.8174382230968],[128.05923681558167,36.8163934336704],[128.03232468976108,36.74757585584792],[128.07038380098888,36.70770461508863],[127.96055498394877,36.73718856158555],[127.92891921282693,36.69083859715082],[127.87466650372468,36.68259684848119],[127.93221054844192,36.66452433130197],[127.92394707545792,36.6020163537342],[127.93182149604347,36.532255393515605],[127.97694013498835,36.51302318363462],[127.9785059275279,36.54330194782896],[128.05406086196166,36.54620511906041],[128.07150562817583,36.60532152653296],[128.11969849224937,36.62192687587667],[128.21928776515455,36.57508486066279],[128.22230224524066,36.534714485363196],[128.26796687631693,36.53579144325839],[128.2958658279296,36.57832862786185],[128.2620022686418,36.61117546972193],[128.3089888134857,36.65609552261925],[128.35047872334263,36.652193119113086],[128.3204214795317,36.678292101189705],[128.36839883683302,36.80207603452764]]]},"properties":{"name":"문경시","code":"37090"}},
{"type":"Feature","geometry":{"type":"Polygon","coordinates":[[[128.97054706885476,35.83553903850361],[128.88286047574175,35.84345849427212],[128.85935965719622,35.95387989739938],[128.73470067881007,35.99307570308921],[128.76070143649108,35.8738684567354],[128.7255975010363,35.85772683909847],[128.71752061383356,35.80684707701617],[128.69980854824666,35.7950490506581],[128.69330672945782,35.796788321942785],[128.68250196725634,35.79013130012755],[128.68156236245505,35.783962822077186],[128.6849283074069,35.77823775065631],[128.68549772688024,35.77804783002654],[128.6860164773079,35.778043215834366],[128.68645836160815,35.77741896495153],[128.68707047135234,35.77549885891612],[128.68635015913347,35.76872367394119],[128.68939389188262,35.767132126969614],[128.69257537902453,35.75927526790381],[128.69319792419785,35.75888634880323],[128.69420054730608,35.75814291261462],[128.69521798626715,35.75687241291067],[128.6954856345587,35.75574218306738],[128.69378602726408,35.749248917412835],[128.69243774927517,35.746704938665715],[128.6927305598338,35.7454643900414],[128.69365712258812,35.74365342928327],[128.75843632822637,35.700500898020735],[128.78938086742554,35.743737648818495],[128.89455926646042,35.76402658346141],[128.90563564329355,35.746596339181686],[128.97054706885476,35.83553903850361]]]},"properties":{"name":"경산시","code":"37100"}},
{"type":"Feature","geometry":{"type":"Polygon","coordinates":[[[128.88317307415434,36.198394978030905],[128.8265568387259,36.218241967718775],[128.7964471410142,36.19081957705406],[128.6394467309175,36.20752723683963],[128.63613782860392,36.26150615955407],[128.4538744357539,36.327236457696614],[128.41043911346145,36.287200797099956],[128.44094546762335,36.21835775765677],[128.48504763278257,36.233557229929275],[128.50293577028046,36.18488201585005],[128.522849046866,36.201369889306754],[128.55681702108353,36.177216457971575],[128.5628442808298,36.111116057625914],[128.56939511302286,36.058226150292015],[128.63135521649318,36.07671305657],[128.64071050295485,36.01053053757136],[128.69559642916082,36.0161651229718],[128.74515702981756,36.10925277599386],[128.81063989194223,36.089040088172545],[128.8950094696761,36.173197288380045],[128.88317307415434,36.198394978030905]]]},"properties":{"name":"군위군","code":"37310"}},
{"type":"Feature","geometry":{"type":"Polygon","coordinates":[[[128.42848889205416,36.52036982112678],[128.37553319157598,36.50300003559367],[128.34167931149665,36.525097028698106],[128.31351461942282,36.45459103203803],[128.3390370923154,36.40494524128561],[128.28768220177318,36.34630236905482],[128.36170100858175,36.34029769390194],[128.41043911346145,36.287200797099956],[128.4538744357539,36.327236457696614],[128.63613782860392,36.26150615955407],[128.6394467309175,36.20752723683963],[128.7964471410142,36.19081957705406],[128.8265568387259,36.218241967718775],[128.88317307415434,36.198394978030905],[128.88217404522928,36.25270917092182],[128.84688834353963,36.26124842616557],[128.88949031525837,36.29740073268591],[128.83045070694018,36.45234476913652],[128.74731453465932,36.48886427131784],[128.60356173175796,36.405144022435024],[128.5495348427484,36.490354657302525],[128.4915790688122,36.51757312536132],[128.45328571052335,36.49103925327197],[128.42848889205416,36.52036982112678]]]},"properties":{"name":"의성군","code":"37320"}},
{"type":"Feature","geometry":{"type":"Polygon","coordinates":[[[129.1521468084715,36.500196987083335],[128.99980281847996,36.593979913582956],[128.9660026896143,36.346470820365596],[128.88949031525837,36.29740073268591],[128.84688834353963,36.26124842616557],[128.88217404522928,36.25270917092182],[128.88317307415434,36.198394978030905],[128.8950094696761,36.173197288380045],[128.98949105798607,36.168106906710086],[129.08185896453367,36.234989389905444],[129.05939219385075,36.27059525600868],[129.13281044972877,36.262054638213584],[129.17098230801696,36.22480015558285],[129.25180739678015,36.321540218703724],[129.1521468084715,36.500196987083335]]]},"properties":{"name":"청송군","code":"37330"}},
{"type":"Feature","geometry":{"type":"Polygon","coordinates":[[[129.2690530402755,36.67369129119283],[129.29506547454721,36.71871664433473],[129.27170262010725,36.74474300267361],[129.3140993812545,36.78076139292691],[129.27265799934145,36.83338284733393],[129.28547433358384,36.863640796174444],[129.15537908963475,36.877758182597965],[128.9846294148459,36.77258583907284],[128.99112034348354,36.7479501236974],[128.99980281847996,36.593979913582956],[129.1521468084715,36.500196987083335],[129.22434320085804,36.48892094367061],[129.24795588910047,36.51030603565776],[129.21681886457998,36.589298397558004],[129.2327158727415,36.66157328493479],[129.2690530402755,36.67369129119283]]]},"properties":{"name":"영양군","code":"37340"}},
{"type":"Feature","geometry":{"type":"Polygon","coordinates":[[[129.4232117423161,36.643503796867535],[129.2690530402755,36.67369129119283],[129.2327158727415,36.66157328493479],[129.21681886457998,36.589298397558004],[129.24795588910047,36.51030603565776],[129.22434320085804,36.48892094367061],[129.1521468084715,36.500196987083335],[129.25180739678015,36.321540218703724],[129.2977329114592,36.323865872275704],[129.30411563904136,36.26786605657926],[129.37602702002584,36.26820297624075],[129.45329759224586,36.50818574782066],[129.4106411093865,36.59103765661093],[129.4232117423161,36.643503796867535]]]},"properties":{"name":"영덕군","code":"37350"}},
{"type":"Feature","geometry":{"type":"Polygon","coordinates":[[[129.04690108035405,35.65051760682825],[129.03736144549856,35.69499634305265],[129.0035643828388,35.694569951672584],[128.97287755022236,35.737417149890334],[129.01522969866434,35.84619920140281],[128.97054706885476,35.83553903850361],[128.90563564329355,35.746596339181686],[128.89455926646042,35.76402658346141],[128.78938086742554,35.743737648818495],[128.75843632822637,35.700500898020735],[128.69365712258812,35.74365342928327],[128.692105995682,35.74228943054735],[128.6901312533927,35.740700312439955],[128.68928391736074,35.740193554398644],[128.68912569808066,35.739772795429154],[128.68907895821863,35.73811465446351],[128.69194706459896,35.73530078512827],[128.69199971416512,35.73326344144804],[128.69116470110336,35.73134358066622],[128.69096425393136,35.73088883572408],[128.6905557959067,35.73047143290678],[128.6901599311113,35.73015906619375],[128.6877891591848,35.72853965520838],[128.6867651173256,35.72803307617311],[128.6858825182492,35.72768411013516],[128.68313748668288,35.725578285389],[128.68323970897433,35.72145444408464],[128.67067390122588,35.71886243718903],[128.66630043082876,35.71926758619306],[128.66352370501582,35.720502513406686],[128.66023003361198,35.71941482978194],[128.65661024275877,35.7178595529322],[128.65562638898425,35.71638556629193],[128.65540387373494,35.71595257164421],[128.65510197025318,35.715266443338095],[128.6534527885413,35.71387770242261],[128.64727033814623,35.711491608597555],[128.6462119700418,35.70817378443765],[128.6309262938084,35.706792365722976],[128.62449760306654,35.703354953910605],[128.62399747183912,35.70229670510398],[128.6197767119455,35.70285006044075],[128.61978818418865,35.70450863308524],[128.61391605668197,35.70984087564475],[128.61384272148734,35.71015686694417],[128.6139512106014,35.71417410159769],[128.6169257287268,35.717635314476006],[128.60993447427023,35.72487576164158],[128.60991380298728,35.72532580360971],[128.61010370295182,35.726213010917085],[128.6112554192807,35.72734811581702],[128.6130218553304,35.72893976452755],[128.61454785285488,35.72961709438831],[128.61493246467836,35.73031844945348],[128.61389072095324,35.73689026554914],[128.61243466653292,35.73851890415718],[128.5896008771029,35.73150376257485],[128.58241580544416,35.73833344073236],[128.5717289625199,35.73457289536587],[128.56664574824276,35.73694599145224],[128.56476718621914,35.73676248875323],[128.52790486714284,35.71274079359966],[128.53388666610903,35.70326018411572],[128.53186411421763,35.69661624997481],[128.53420744507025,35.694816422489254],[128.53469365612338,35.693728606574574],[128.53414732866344,35.69230337109042],[128.53380424150146,35.69149758706944],[128.5313198016241,35.68786031710479],[128.5317990387924,35.683334118442545],[128.52985121632966,35.68301533385353],[128.5268084483201,35.67350443884769],[128.53743417892775,35.65976079848046],[128.53689657852328,35.623828427929595],[128.59318771047478,35.58444653271131],[128.68760366488232,35.59502512748799],[128.78552869198657,35.56688816131717],[128.88146070158515,35.63547786415091],[129.00273979074169,35.62025845564048],[129.04690108035405,35.65051760682825]]]},"properties":{"name":"청도군","code":"37360"}},
{"type":"Feature","geometry":{"type":"Polygon","coordinates":[[[128.37174762485304,35.610880942010596],[128.3723469767358,35.611529048924176],[128.37341352818365,35.61248621739398],[128.38837581549583,35.61792828686086],[128.4012514147342,35.63272869542066],[128.40195430424242,35.635743050577396],[128.40146041302316,35.639015229427926],[128.4000366281591,35.645554882626826],[128.39791159935945,35.64880922231734],[128.37251111078064,35.66662063612452],[128.3623194179738,35.67557426609091],[128.35823042377336,35.68079351842868],[128.3571864241499,35.682195232741755],[128.3559537056671,35.684397270892994],[128.35329814517166,35.69092249631335],[128.35229319611392,35.69418863310263],[128.3515483679868,35.69745779442363],[128.35179674666293,35.70401563801628],[128.35534337651407,35.707333192796746],[128.35790080944048,35.70853945004484],[128.35887829871152,35.70870122902439],[128.38062691921513,35.70195034929208],[128.38272126170605,35.701515087762324],[128.39202839656474,35.70094034924615],[128.39706277753652,35.700223257651935],[128.41220175640697,35.695841899627304],[128.4321466271598,35.704894544985976],[128.38346927116407,35.76008684861763],[128.40811916815164,35.799208369631735],[128.42082951592587,35.80935457330278],[128.421055506195,35.80935391664412],[128.44094548315678,35.8092941811782],[128.44093866619133,35.8077623161836],[128.44093071336442,35.80604090327668],[128.44102906267247,35.80601672108232],[128.47043315525823,35.805922336017865],[128.47100875928587,35.80605964034645],[128.47197860913315,35.80641878078526],[128.47227519921037,35.806531615356526],[128.4736831280642,35.80713968777301],[128.47279334003017,35.80898206522385],[128.47789829965453,35.81234627542864],[128.47983749097892,35.81429987928114],[128.48095889624452,35.81542988930382],[128.48099947033512,35.815470755873505],[128.4815370530979,35.81601215224555],[128.4827159050248,35.81551710844276],[128.48275579514495,35.81593674637191],[128.48293021789684,35.81777281099561],[128.48295230611683,35.81800575181042],[128.48306896055658,35.82113880762147],[128.48296499976095,35.82300520341977],[128.48278316195234,35.824347352562654],[128.48245949739976,35.8260029989942],[128.48108303786574,35.83013312706548],[128.4688813881742,35.83959529016769],[128.46035600241652,35.84160501645383],[128.45543278772124,35.84416186104347],[128.45478962174874,35.84445738247974],[128.45000155847313,35.84665686980787],[128.44472034130405,35.847920712104724],[128.419177840679,35.850552947930865],[128.4159821586417,35.851757053419014],[128.38654175712412,35.85130538770008],[128.36696619249366,35.79382470720302],[128.27580212150698,35.826760907130925],[128.25001076810506,35.7801243712559],[128.17822389014472,35.81877634984833],[128.16370998704664,35.77719223498759],[128.20481849708466,35.6839232048118],[128.16149826197878,35.65378736096455],[128.305989682349,35.655476191084325],[128.36463416591934,35.613356964486016],[128.36559858597732,35.61339418652761],[128.36802615560998,35.612376975833165],[128.36971457029486,35.61169664804605],[128.37174762485304,35.610880942010596]]]},"properties":{"name":"고령군","code":"37370"}},
{"type":"Feature","geometry":{"type":"Polygon","coordinates":[[[128.28974532594094,36.04383183730816],[128.28878183744445,36.04313759652683],[128.28715799137532,36.04379765270652],[128.2865653503105,36.04417940104301],[128.28544074045985,36.04547783499503],[128.28542781037902,36.045492898242195],[128.2848228509036,36.04597136244138],[128.2832987021051,36.04681953506936],[128.26994901505242,36.04862528194963],[128.26370565711406,36.04877791672205],[128.26103683996783,36.04849311518805],[128.25658880820637,36.051839681951165],[128.25463407779657,36.05173875358852],[128.25109395295604,36.0498461167481],[128.25042334546922,36.04943322441276],[128.2410427791047,36.04862803179404],[128.23938348178558,36.04909489708965],[128.2380602377123,36.05003112040688],[128.23777142389574,36.05049102677679],[128.23751209081362,36.05051403546741],[128.2354404346533,36.05075143533184],[128.229932432267,36.05403244976625],[128.22600300463046,36.0541568588081],[128.2237941595356,36.05531907819847],[128.22313179365264,36.05539503115512],[128.21703477565416,36.05005718099523],[128.20903118822469,36.04552976757142],[128.20597459046968,36.04512880748314],[128.20221705686973,36.045676779803074],[128.20032765386853,36.04605192715828],[128.19842973242126,36.04641390180433],[128.19653038452358,36.04640750073811],[128.19419079592933,36.044825884394555],[128.19404806897307,36.040558905857],[128.1941818466793,36.03977272067225],[128.1963053657215,36.037368003131114],[128.19382468381053,36.03153739541735],[128.16936235220663,36.03552360896703],[128.16433296077278,36.03245897457361],[128.16709594831934,36.02992268108472],[128.1678906539438,36.026399562311354],[128.1680663715011,36.02308043928761],[128.1676094889425,36.02204741459857],[128.16767113461077,36.020537646664565],[128.1679898241696,36.01953367696888],[128.16924035743799,36.018369706350015],[128.17020244416224,36.0182138937803],[128.1708916493629,36.01810242321592],[128.17335681094815,36.0141799694515],[128.16647277551834,36.00207224252408],[128.16621919999307,35.99946468880109],[128.16829498267114,35.998161481982784],[128.1705024661868,35.996393689438506],[128.17056425040818,35.9931125525013],[128.16894832493213,35.99047743434897],[128.16793940901178,35.98907634543305],[128.16745289910293,35.98860570899048],[128.1671144012519,35.988396936468526],[128.16599954338668,35.98782314245337],[128.16515514761915,35.98839315382242],[128.16227699814885,35.988064234253144],[128.157669033228,35.98739792894129],[128.15698426971161,35.98592153326905],[128.15578722048974,35.97895966594704],[128.1508900591716,35.975824687294775],[128.15291715956906,35.96885578032151],[128.15244937632704,35.96818016637338],[128.15100030066105,35.966332512234835],[128.1509403330674,35.96632151097914],[128.14804429121423,35.96504879407286],[128.1455598020801,35.96502490853432],[128.13578473291992,35.960646174645156],[128.12348889793745,35.962228714986864],[128.11821970857346,35.959302476659396],[128.11267769936313,35.96411167706673],[128.11189158065568,35.964672617904775],[128.11108558185535,35.96468091373069],[128.11078857073878,35.964621421063214],[128.10924610208573,35.963712809209035],[128.108844267113,35.96343997548784],[128.10882189198946,35.963424686345434],[128.10742093269977,35.96021503477855],[128.1046043340325,35.95809220515006],[128.09812479315914,35.95571052037351],[128.09633438856682,35.954706837228166],[128.09552807458914,35.95423317613409],[128.08859673882225,35.9466394785168],[128.0912527342682,35.93107106646408],[128.08836197007682,35.921423288780325],[128.07095110934534,35.93647998050301],[128.06599895713987,35.93698528522885],[128.06541577547415,35.937241095461864],[128.063104060764,35.938419318194775],[128.05903941259697,35.94075040198351],[128.0579578600479,35.94119082006723],[128.05724645106218,35.941472212071375],[128.05614619138862,35.94178350558488],[128.05561537574795,35.94166059952572],[128.0538772769958,35.9403333583916],[128.05355191348255,35.93937982722378],[128.05253440830163,35.938773112383274],[128.0522553198055,35.93867051363482],[128.05135646711878,35.9385672111362],[128.04938577537104,35.93672424209996],[128.08684877435635,35.87242619927373],[128.07760710090096,35.86183239040215],[128.07664644905103,35.86004706128767],[128.07664437309697,35.85804893099624],[128.07652705494112,35.85540637518035],[128.07580473279842,35.853995983850126],[128.07495232901388,35.8523517296558],[128.07429673179337,35.85114109263189],[128.0738814231143,35.850842479001905],[128.07354169644606,35.850788351377204],[128.07331271979695,35.8505073515938],[128.07735973094603,35.839657342634396],[128.0777820740233,35.83919650904017],[128.0799786254714,35.83814581798118],[128.08440014618347,35.837004003580404],[128.0907395339917,35.83063542746332],[128.16370998704664,35.77719223498759],[128.17822389014472,35.81877634984833],[128.25001076810506,35.7801243712559],[128.27580212150698,35.826760907130925],[128.36696619249366,35.79382470720302],[128.38654175712412,35.85130538770008],[128.3835101725227,35.852834650390726],[128.38420918690184,35.86565604759358],[128.3980667716122,35.89270855345982],[128.3989817101697,35.898881116553135],[128.39689320503788,35.90711263294257],[128.39908446303193,35.926622260515806],[128.39575581865788,35.94164922793445],[128.3478975169504,35.95472171753739],[128.31367059010083,35.992215235424766],[128.31742861877646,36.01862725393914],[128.31039365042912,36.028902193376574],[128.29602404321994,36.03099965581837],[128.29146699674874,36.03792239093301],[128.28993437221374,36.041168858030716],[128.28974532594094,36.04383183730816]]]},"properties":{"name":"성주군","code":"37380"}},
{"type":"Feature","geometry":{"type":"Polygon","coordinates":[[[128.5628442808298,36.111116057625914],[128.49278007913992,36.12485441768764],[128.46966541418809,36.072260463154066],[128.4037671318186,36.092087529449806],[128.36119778535215,36.060581171706545],[128.29204043576942,36.087976127823005],[128.2892821656476,36.08641998304445],[128.28698110653048,36.084493152063075],[128.28495706559772,36.08107640194124],[128.29110996250725,36.07089724035997],[128.30058587384138,36.0631160127002],[128.3007885993273,36.062726321587206],[128.30086616294776,36.062485830365965],[128.30087590530755,36.06242490291552],[128.30067133787543,36.061901076050454],[128.30046418979074,36.06153722221417],[128.30017138346813,36.06127906507982],[128.29998308604326,36.061365308146456],[128.29994733210546,36.06134203592718],[128.2997508271238,36.06120364351942],[128.29968783856197,36.06114857105484],[128.2992327735795,36.0605764841456],[128.29911911606567,36.060371859743725],[128.29911891321663,36.060338622449926],[128.29911886850164,36.06029357188667],[128.2991681144812,36.06012379391617],[128.2996823625003,36.05883043286337],[128.30021811299065,36.05804513620022],[128.30094503155914,36.05753739757479],[128.30123444825963,36.057316013334095],[128.29942126086002,36.05121011398462],[128.29356904474838,36.05005311432113],[128.29016498777227,36.045305490313595],[128.28974532594094,36.04383183730816],[128.28993437221374,36.041168858030716],[128.29146699674874,36.03792239093301],[128.29602404321994,36.03099965581837],[128.31039365042912,36.028902193376574],[128.31742861877646,36.01862725393914],[128.31367059010083,35.992215235424766],[128.3478975169504,35.95472171753739],[128.39575581865788,35.94164922793445],[128.39908446303193,35.926622260515806],[128.39689320503788,35.90711263294257],[128.3989817101697,35.898881116553135],[128.39897668695653,35.8999265253795],[128.40712875784718,35.90072483379034],[128.4249015921311,35.92804070183233],[128.45415527437595,35.94314943798378],[128.45708875224142,35.941770656920724],[128.4577980471831,35.94157003219615],[128.4598662039089,35.94144851293365],[128.46343228447262,35.93869340117387],[128.46791213315242,35.93852683161656],[128.4698536153658,35.93825809404044],[128.47244533782754,35.93736864118627],[128.47530948609545,35.93594693651077],[128.47583853603643,35.935473910453474],[128.4764188670579,35.93443933745645],[128.4764591825155,35.93408069944317],[128.47656447104657,35.932971992912236],[128.4766431982015,35.9320506974578],[128.47617272993458,35.928213189784934],[128.47326428169112,35.92321441539501],[128.47275537380756,35.914435920880415],[128.468720556712,35.910844615173126],[128.46662282014174,35.910192596261595],[128.4659606309339,35.90950591001668],[128.465399019653,35.908590467931205],[128.46585647731087,35.907904184923034],[128.46673725053265,35.90710646682981],[128.46733993858606,35.90642327681941],[128.4677546491977,35.90021848930485],[128.46837904291374,35.89947083336438],[128.47329432633896,35.89549810202468],[128.47459701462375,35.8948024040266],[128.47526956259685,35.894457539367764],[128.47568385396167,35.894682904934086],[128.47676332100818,35.89536462258478],[128.47741073893638,35.896062686810076],[128.4784767994865,35.8968242955965],[128.48448903571796,35.8943422214558],[128.4906169702914,35.89757917448818],[128.49200638218377,35.89632993771338],[128.49472186734326,35.8907892685867],[128.49635744415346,35.8892276685817],[128.4989670547996,35.889914955277824],[128.49913673548284,35.88994897355859],[128.49936354011206,35.889876598285646],[128.4995974766172,35.889570768977606],[128.50012915525954,35.888434451198904],[128.50027341116515,35.88781199379476],[128.50028236622376,35.88707979550541],[128.50033587334264,35.886448117847095],[128.5003998806916,35.88646482359091],[128.50105322150756,35.88664436887012],[128.50149406914016,35.886765915942696],[128.50224953463356,35.8870693133065],[128.5045886304142,35.889151690506345],[128.5048254820693,35.891448050861264],[128.52878919714777,35.9803818399632],[128.5533308142069,35.960780376734704],[128.6033780542052,35.98782278325509],[128.64071050295485,36.01053053757136],[128.63135521649318,36.07671305657],[128.56939511302286,36.058226150292015],[128.5628442808298,36.111116057625914]]]},"properties":{"name":"칠곡군","code":"37390"}},
{"type":"Feature","geometry":{"type":"Polygon","coordinates":[[[128.59082127414717,36.70097612355356],[128.55171494994767,36.76826542045406],[128.4750230950819,36.77670074759148],[128.48158840657058,36.83467548633474],[128.44899418071165,36.848606464077136],[128.36839883683302,36.80207603452764],[128.3204214795317,36.678292101189705],[128.35047872334263,36.652193119113086],[128.3089888134857,36.65609552261925],[128.2620022686418,36.61117546972193],[128.2958658279296,36.57832862786185],[128.26796687631693,36.53579144325839],[128.2620456419282,36.47698284136464],[128.31351461942282,36.45459103203803],[128.34167931149665,36.525097028698106],[128.37553319157598,36.50300003559367],[128.42848889205416,36.52036982112678],[128.4976487701744,36.60329736702959],[128.52948616735748,36.60137848738552],[128.52486420986568,36.628542129576054],[128.60427153488695,36.652444619038604],[128.59082127414717,36.70097612355356]]]},"properties":{"name":"예천군","code":"37400"}},
{"type":"Feature","geometry":{"type":"Polygon","coordinates":[[[129.18540948713675,37.04171907982702],[129.0956600340809,37.10031306111006],[129.05943579539198,37.065249997159285],[128.94566317622807,37.09377790203044],[128.91032076577724,37.0683213504538],[128.87247945183537,37.04394526154062],[128.78028227468045,37.092342722391976],[128.75376494469842,37.02783248915859],[128.7090990025728,37.03935578470675],[128.64177432997434,36.85716803315897],[128.67447048026943,36.842530683689255],[128.72677642860396,36.865994035977025],[128.71298121224885,36.82202581884395],[128.74340258657736,36.797722739322005],[128.80295620113782,36.82316258759457],[128.81221301789282,36.795537643477445],[128.84038546210746,36.809044771508965],[128.99112034348354,36.7479501236974],[128.9846294148459,36.77258583907284],[129.15537908963475,36.877758182597965],[129.13695729346725,36.926767290992764],[129.076814026969,36.95567666646969],[129.08469340829163,37.00880581885357],[129.18540948713675,37.04171907982702]]]},"properties":{"name":"봉화군","code":"37410"}},
{"type":"Feature","geometry":{"type":"Polygon","coordinates":[[[129.4232117423161,36.643503796867535],[129.47499996453746,36.697902945117406],[129.47821937474805,36.76768413013158],[129.4153213029754,36.889611936010546],[129.4302345376556,37.05772000083785],[129.36339728512056,37.14600090459762],[129.27123827008367,37.11638056790035],[129.2253777074639,37.07372011254758],[129.2380124371702,37.0386653095117],[129.18540948713675,37.04171907982702],[129.08469340829163,37.00880581885357],[129.076814026969,36.95567666646969],[129.13695729346725,36.926767290992764],[129.15537908963475,36.877758182597965],[129.28547433358384,36.863640796174444],[129.27265799934145,36.83338284733393],[129.3140993812545,36.78076139292691],[129.27170262010725,36.74474300267361],[129.29506547454721,36.71871664433473],[129.2690530402755,36.67369129119283],[129.4232117423161,36.643503796867535]]]},"properties":{"name":"울진군","code":"37420"}},
{"type":"Feature","geometry":{"type":"Polygon","coordinates":[[[130.91143683788746,37.541324417132316],[130.79368901434339,37.52303186483034],[130.80996330539537,37.474911115528826],[130.87514455927067,37.45364197997019],[130.9208286363012,37.48633827722071],[130.91143683788746,37.541324417132316]]]},"properties":{"name":"울릉군","code":"37430"}},
{"type":"Feature","geometry":{"type":"Polygon","coordinates":[[[128.2740446087161,35.257400184765956],[128.19776848597573,35.2542434756277],[128.15659019349073,35.34964395668927],[128.11473527448166,35.33116497310454],[128.05861535218514,35.33357151424546],[127.96678103720399,35.24651878502498],[127.8898557898223,35.22753140803125],[127.93861226995637,35.152592309975326],[127.9985538800593,35.155374385651115],[128.00656414381356,35.113472784638454],[128.05062118854912,35.13146329609547],[128.0914996323118,35.10102946925787],[128.1473465315669,35.11446435589563],[128.1843228802487,35.050923842433946],[128.21161907933683,35.11465278087932],[128.34827452127436,35.12709084798692],[128.3481363857417,35.130815942265635],[128.35810994527336,35.13960791834894],[128.36037135171907,35.140460257970915],[128.36106582226952,35.14020648786153],[128.36251321371626,35.14022694168002],[128.36251349041206,35.14022694872742],[128.36282443133106,35.14023618111042],[128.36341770684658,35.14106332815352],[128.36342108988515,35.14106996932774],[128.3634239416212,35.14107702545751],[128.36340306217258,35.141358015868875],[128.36339951107763,35.14137433828532],[128.3632634706214,35.141559803780375],[128.36089776665386,35.14466792644258],[128.3588866079268,35.14599153658454],[128.358882802566,35.14599546426081],[128.3585475354626,35.14689727762334],[128.36218029956984,35.152185797398985],[128.36127988538408,35.163329163982446],[128.36525557394415,35.172004181355284],[128.3672313893729,35.19427047497074],[128.2740446087161,35.257400184765956]]]},"properties":{"name":"진주시","code":"38030"}},
{"type":"Feature","geometry":{"type":"MultiPolygon","coordinates":[[[[128.23697550749955,34.65058442701505],[128.23543591139142,34.61194319007039],[128.29655943709443,34.63145594025853],[128.23697550749955,34.65058442701505]]],[[[128.48120203028054,34.81567930858762],[128.45953499369676,34.78651486683494],[128.49016965209816,34.75743060114555],[128.51034818893186,34.77761519900948],[128.48120203028054,34.81567930858762]]],[[[128.2379038911839,34.837809131029246],[128.19944685920325,34.81870775652902],[128.24200928663342,34.79490941426843],[128.26606132732874,34.814959355069206],[128.2379038911839,34.837809131029246]]],[[[128.35485849682547,34.83885127293364],[128.33493553707433,34.81808936463097],[128.37891863912043,34.81540598525006],[128.36368407145955,34.79649230537685],[128.42376741644458,34.7620209703066],[128.44069929773806,34.82806077980749],[128.38526941311767,34.81352301091256],[128.35485849682547,34.83885127293364]]],[[[128.20049913630535,34.8596118840592],[128.1676155906276,34.85162723415492],[128.1818205374198,34.82717546740646],[128.23240283514403,34.84463769232933],[128.20049913630535,34.8596118840592]]],[[[128.43206941914332,34.976381447337246],[128.42879466278933,34.97567350368598],[128.42510028217578,34.976045109333405],[128.42304997034498,34.975412392381784],[128.42213651515365,34.974651105548524],[128.41861324154425,34.97146281623293],[128.41790302026263,34.97069040563677],[128.41729321087416,34.96987193379747],[128.4162657298573,34.96769960604823],[128.41585339766863,34.96725623674364],[128.41564353405647,34.96720540471894],[128.41235052274698,34.96747922252995],[128.40528890847952,34.96865506763849],[128.40332051910383,34.97025594179066],[128.4011174684758,34.97105737503314],[128.40055660585776,34.97076408158194],[128.40035198384177,34.970463617974325],[128.40015086724253,34.9679993497487],[128.40059709659866,34.96616005757161],[128.40041897299272,34.96542774506203],[128.40012852984162,34.96467657615086],[128.39985976646972,34.96399946411855],[128.3984515635729,34.964070728985305],[128.39719061710457,34.96439542500869],[128.3920038149145,34.96366662496471],[128.3891049706974,34.96102393949203],[128.3890464346168,34.959944293274994],[128.38904566691934,34.95929684570801],[128.39016691143118,34.9549618502223],[128.3894412015467,34.95200513565555],[128.3822374139861,34.947622088556315],[128.38103244828022,34.94702525166476],[128.37885162099525,34.94726472923079],[128.37423277750798,34.94524808472403],[128.3689096913111,34.946304662575656],[128.3498619493583,34.93945847017083],[128.34759822691157,34.940486198252415],[128.346727961092,34.94033934654097],[128.34665957523188,34.9403000394576],[128.34662763614787,34.940257475537514],[128.34610836955346,34.93909958359761],[128.34599275150808,34.93883365133303],[128.34591874799588,34.938669851683265],[128.3456805599635,34.938274271997706],[128.3442785221066,34.937411707812636],[128.34462274767466,34.937435455785575],[128.34466968959418,34.93742491847237],[128.34560352966716,34.93694877385334],[128.3466140846995,34.932864144802544],[128.34517910173415,34.929340359298635],[128.33547586688653,34.921436002342624],[128.35066172324775,34.92363187700236],[128.3504487152855,34.90550675320014],[128.2976118788879,34.900687092688436],[128.41936832158976,34.86546877420939],[128.36960070940106,34.85002063569889],[128.39406926595086,34.82922289790514],[128.4521785262091,34.8465454222338],[128.47548635220744,34.890125774886876],[128.44041983168847,34.91334042041833],[128.42124964282905,34.87316511159093],[128.44384522124412,34.96846107718157],[128.44096519049933,34.970625067678974],[128.44136898371767,34.97185521626917],[128.4412349818817,34.97195190282197],[128.43206941914332,34.976381447337246]]]]},"properties":{"name":"통영시","code":"38050"}},
{"type":"Feature","geometry":{"type":"Polygon","coordinates":[[[127.92272641255101,35.0142000545395],[127.9348933238691,34.98154825824165],[128.0081586040847,34.98237624418352],[128.01816282324052,35.010281494286],[127.9766811196793,35.03213085603678],[128.00989108042484,35.04991136657271],[128.0198263482803,35.028123728683234],[128.0345749306271,35.07742865696184],[128.06129404953168,35.079134996724974],[128.0299489042632,34.957142295614176],[128.0832272139012,34.917002923460124],[128.11960152239902,34.92265895570469],[128.1843228802487,35.050923842433946],[128.1473465315669,35.11446435589563],[128.0914996323118,35.10102946925787],[128.05062118854912,35.13146329609547],[128.00656414381356,35.113472784638454],[127.9985538800593,35.155374385651115],[127.93861226995637,35.152592309975326],[127.87897916298304,35.14565409223974],[127.91050204046745,35.12065886949703],[127.92272641255101,35.0142000545395]]]},"properties":{"name":"사천시","code":"38060"}},
{"type":"Feature","geometry":{"type":"Polygon","coordinates":[[[128.87428589867577,35.38223129409443],[128.7641168400656,35.3455069511555],[128.6922411724481,35.308129204014264],[128.7253094837193,35.23747363529759],[128.75061401191337,35.20148436471488],[128.7505342184967,35.194565377103004],[128.7462208802167,35.191800784023094],[128.74424482863452,35.18582691451333],[128.74275316588805,35.17472700891175],[128.74098589735658,35.1705185404256],[128.74126576819955,35.16905315053628],[128.74120560494237,35.16791975270748],[128.74099242990837,35.16715397235913],[128.7424735264916,35.16693977972549],[128.74630123359015,35.16614913650459],[128.7468818838502,35.16628940505785],[128.74894525293087,35.166935556592534],[128.75088303443792,35.167388192364115],[128.7556714356559,35.16485477612297],[128.75696918356743,35.16819302163301],[128.76142886484848,35.16827798577355],[128.76314898900608,35.168773564010515],[128.7632416376826,35.168553673031525],[128.76350427332076,35.167929849171436],[128.76675921877475,35.16519360985188],[128.7773361323537,35.15974298841152],[128.77782940319068,35.15951255796613],[128.7820127824753,35.158251832086314],[128.7861530258554,35.15711057300187],[128.78752562280843,35.15701093191623],[128.78839384282404,35.15697714192721],[128.78839411947112,35.15697714078816],[128.7896455940957,35.15710679665118],[128.79035560838855,35.157411880436946],[128.7913353231139,35.15752075589016],[128.79366578174748,35.15716242890122],[128.79709210696612,35.15899703979791],[128.80059522946775,35.15806778726166],[128.80587167220628,35.160437612725204],[128.80870681920692,35.15893919502624],[128.81596562882984,35.16016206134267],[128.8275265048118,35.155588627775636],[128.84293309360655,35.1579887055337],[128.84628864240833,35.16468788830945],[128.85974323580655,35.168170751035674],[128.86511273323237,35.16740826662472],[128.86575833731257,35.16742958645567],[128.8663799130387,35.167600680754525],[128.86738636618938,35.16771486400412],[128.87209641763673,35.16261680057084],[128.86518248467465,35.15818588113545],[128.86850978859354,35.15420726600215],[128.87105016495278,35.1511866823678],[128.8716628568559,35.150464857436155],[128.87296103647446,35.15057013231575],[128.87423554076418,35.15077911343257],[128.8753107901102,35.1511656280199],[128.87630779531318,35.151683590971636],[128.87571730777603,35.15238509836041],[128.8747212451939,35.153568676713554],[128.8747008826848,35.1535930715547],[128.87469455049032,35.15360077303115],[128.87441547418692,35.15856868665964],[128.8748627997979,35.15893407663503],[128.87556984228857,35.15939513455922],[128.88083469328984,35.159466189241904],[128.8813537815373,35.159894370243826],[128.8813917868806,35.1613368082664],[128.87997169531275,35.16185844058682],[128.87978449995035,35.16178573048767],[128.878871129888,35.16239171654362],[128.87700655798682,35.16500434796996],[128.8767053828175,35.16767455807704],[128.8757717241104,35.17050860919831],[128.87478256980182,35.170791459189786],[128.87472954146344,35.1708119925531],[128.87235365775584,35.17227429003773],[128.87270166142824,35.172852292928376],[128.87347883377987,35.174137857077525],[128.88114667959607,35.1718452368263],[128.88019070765026,35.17385324534023],[128.88004437899798,35.178866688998355],[128.8802711795377,35.180300839668206],[128.88067549487164,35.180907240012274],[128.88166870172893,35.18167176066596],[128.8816997242246,35.18199476394634],[128.8816808903935,35.182203560593834],[128.88158563634988,35.1825358036675],[128.88075603851874,35.18357082167114],[128.87605963406392,35.18809436490012],[128.8756855734099,35.190284130637345],[128.87619370522145,35.19263060909051],[128.87035481066764,35.201558715838416],[128.8789876310635,35.209994549504664],[128.88161796011735,35.21038923750116],[128.8840156370774,35.21212054175948],[128.88407632151842,35.21217747520506],[128.88413768615047,35.21327468958166],[128.88640113276873,35.21447788726996],[128.8865839383859,35.21447363493832],[128.88763400828404,35.21432051709858],[128.88908450402184,35.2147992125038],[128.89681669455172,35.21319819410193],[128.90466799245783,35.21530132654483],[128.90835789883138,35.216764977396],[128.90775741245025,35.2173547065331],[128.90749844778185,35.21760942506072],[128.9066281183188,35.21847276666451],[128.90577385633105,35.219320225513414],[128.90501825780302,35.22007305144995],[128.90931390010115,35.22294374558637],[128.90873176452916,35.22172427639484],[128.90916699402533,35.22056093604311],[128.9095416429416,35.22059691396569],[128.91026901461868,35.222899429396314],[128.91250327367715,35.222515137691204],[128.92012804031063,35.21642265885323],[128.9406762857547,35.22752061672973],[128.99676044371517,35.23608057478593],[129.01309610547727,35.266530930631156],[129.01348433093813,35.273758610808834],[128.87428589867577,35.38223129409443]]]},"properties":{"name":"김해시","code":"38070"}},
{"type":"Feature","geometry":{"type":"Polygon","coordinates":[[[129.00273979074169,35.62025845564048],[128.88146070158515,35.63547786415091],[128.78552869198657,35.56688816131717],[128.68760366488232,35.59502512748799],[128.59318771047478,35.58444653271131],[128.57728901277207,35.45973880799795],[128.64723845366737,35.43066918613757],[128.65073325255278,35.37490080309421],[128.7641168400656,35.3455069511555],[128.87428589867577,35.38223129409443],[128.99458594512777,35.528130796042035],[128.97119034737432,35.56029998383248],[129.01919584393573,35.58426363588862],[129.00273979074169,35.62025845564048]]]},"properties":{"name":"밀양시","code":"38080"}},
{"type":"Feature","geometry":{"type":"MultiPolygon","coordinates":[[[[128.65348536776648,35.011081212360956],[128.60897132241115,34.97463781794517],[128.64418333901472,34.9788312546938],[128.65348536776648,35.011081212360956]]],[[[128.67367048570114,34.786636845323834],[128.6732349258502,34.8141259078476],[128.73989433658662,34.78694222605847],[128.7017912818774,34.83917076496737],[128.73508166030277,34.84330376752477],[128.75250525494607,34.894233929502455],[128.69486976577357,34.87875956234134],[128.72707779502943,34.946062851697825],[128.69291276709816,34.99573302461368],[128.7199919868799,35.01921559884013],[128.67871845411003,35.04075138403507],[128.6493965867145,34.95730459611029],[128.58803480502604,34.95253873072571],[128.62391334342095,34.892017644555054],[128.52750784192955,34.92358471547836],[128.47262465337437,34.872114385795676],[128.5106786725404,34.808959731937996],[128.5887750704812,34.84697889875813],[128.5841744047051,34.79783163716345],[128.53865121000507,34.78747371958448],[128.56873032684348,34.7864648920686],[128.5553988287135,34.76652839061085],[128.5977761507284,34.7770366502615],[128.57567184307823,34.7393273365808],[128.60739368231893,34.73181895993011],[128.57683617405436,34.70255170585145],[128.63819056589065,34.70762269129508],[128.62737686338318,34.73695310506739],[128.6761234653789,34.72895120404168],[128.63782477119048,34.763891146622534],[128.67367048570114,34.786636845323834]]]]},"properties":{"name":"거제시","code":"38090"}},
{"type":"Feature","geometry":{"type":"Polygon","coordinates":[[[129.2011698914996,35.38778167625433],[129.19697791901183,35.43888844042445],[129.14315226333832,35.44565411158643],[129.05582321213848,35.53226752700897],[128.99458594512777,35.528130796042035],[128.87428589867577,35.38223129409443],[129.01348433093813,35.273758610808834],[129.04749852558336,35.274213578007384],[129.1085619758818,35.3045806390771],[129.1181762913122,35.369034608345295],[129.17815381988035,35.35176455930556],[129.2011698914996,35.38778167625433]]]},"properties":{"name":"양산시","code":"38100"}},
{"type":"Feature","geometry":{"type":"Polygon","coordinates":[[[128.65073325255278,35.37490080309421],[128.57639084786229,35.3808039155675],[128.55929236493208,35.35268831894911],[128.58223513922354,35.308334095593224],[128.5728942555471,35.3002939055542],[128.5916497070412,35.2732430563118],[128.5860895125773,35.27209446881392],[128.58542718328272,35.263951168837394],[128.60031232049522,35.255363878963216],[128.6020136106371,35.24564479636838],[128.61260104937932,35.23901897897631],[128.61577860260232,35.23540821473525],[128.6159368583032,35.23442180057069],[128.61445792126415,35.23222718526969],[128.61441852522674,35.22768835421052],[128.6117875377,35.22523207118509],[128.61166449763158,35.22428672489576],[128.6118478067525,35.222306935938754],[128.61355521440598,35.22133383435559],[128.61739592494126,35.21918375582864],[128.61844322386256,35.21883167014036],[128.62005521218472,35.220077047810655],[128.62482465581851,35.219460467982195],[128.6269429178825,35.217105775853966],[128.6276575412682,35.21730968576609],[128.63223343472583,35.219808926943],[128.63310244387344,35.21920746893325],[128.6649632572638,35.24589060134983],[128.6917204301515,35.22028259507169],[128.7253094837193,35.23747363529759],[128.6922411724481,35.308129204014264],[128.7641168400656,35.3455069511555],[128.65073325255278,35.37490080309421]]]},"properties":{"name":"창원시의창구","code":"38111"}},
{"type":"Feature","geometry":{"type":"Polygon","coordinates":[[[128.7253094837193,35.23747363529759],[128.6917204301515,35.22028259507169],[128.6649632572638,35.24589060134983],[128.63310244387344,35.21920746893325],[128.5893286154719,35.199404669478454],[128.60983799871653,35.15097987301427],[128.6129388481779,35.15184018489874],[128.6181315089206,35.15476928804195],[128.61919329503215,35.15846326736842],[128.62509514224377,35.16311731417942],[128.62900178137747,35.1688496625736],[128.633153056328,35.17129697347974],[128.63770186948312,35.176298949305334],[128.63821382786742,35.176633227221316],[128.6397830398403,35.17668087886195],[128.64260816924002,35.17619017788834],[128.64674114921388,35.176465435530375],[128.65452212977985,35.180265863450984],[128.6697902146178,35.18070282433892],[128.67914231302677,35.17351580108044],[128.6858915926708,35.172142662469476],[128.68678080878948,35.17123779358776],[128.6885726734728,35.17011435110659],[128.68908298006102,35.16979589805818],[128.6898171167074,35.16967093008798],[128.69107690268575,35.16945647262],[128.69480766407403,35.168803642635716],[128.70150012073586,35.16845699112788],[128.70359710641054,35.1675370186017],[128.70632353598174,35.16728223798003],[128.70869492257276,35.1677626691148],[128.71206833912342,35.166876651152414],[128.71755040028083,35.1632407010885],[128.72278199579262,35.16155864142273],[128.7298643450591,35.15845716401737],[128.7302011042718,35.15834434918806],[128.73301334581708,35.157432115288564],[128.73610756352085,35.15701270984829],[128.73844902326385,35.156565681739565],[128.7383422516477,35.15725234764419],[128.7383489225828,35.15769596025827],[128.73997470073945,35.16505218540906],[128.74050245904684,35.166329032016804],[128.74099242990837,35.16715397235913],[128.74120560494237,35.16791975270748],[128.74126576819955,35.16905315053628],[128.74098589735658,35.1705185404256],[128.74275316588805,35.17472700891175],[128.74424482863452,35.18582691451333],[128.7462208802167,35.191800784023094],[128.7505342184967,35.194565377103004],[128.75061401191337,35.20148436471488],[128.7253094837193,35.23747363529759]]]},"properties":{"name":"창원시성산구","code":"38112"}},
{"type":"Feature","geometry":{"type":"Polygon","coordinates":[[[128.47904519224542,35.188015440594405],[128.46548950030666,35.18896430789928],[128.44535909476383,35.18058238502388],[128.44565141477855,35.17947001158573],[128.44581795198258,35.178842510407634],[128.44585434631335,35.177956269612984],[128.44579786998565,35.176979606174086],[128.4457718224213,35.17677344989291],[128.44399363178516,35.17018480644769],[128.43027073020258,35.16431330696736],[128.40579886521556,35.17960859746588],[128.40087148613443,35.20482441723573],[128.3903930208153,35.20721516366644],[128.37408627611632,35.193063274746],[128.3732034513926,35.193840183389646],[128.36862068498377,35.19461371792057],[128.3676572007654,35.19447812582259],[128.3672313897296,35.1942704749231],[128.36818820688322,35.190952336147184],[128.36525557422493,35.17200418144027],[128.3612798854934,35.16332916387142],[128.36218029963266,35.15218579725394],[128.35854753581316,35.14689727772193],[128.35888280289467,35.14599546411389],[128.35888660828493,35.14599153628243],[128.3608977670318,35.14466792618788],[128.3632634705629,35.14155980351734],[128.3633995111431,35.141374338186935],[128.3634030626072,35.14135801601089],[128.3634239416489,35.141077025239646],[128.36342109001563,35.14106996919895],[128.36341770677052,35.14106332805526],[128.36282443169938,35.14023618116925],[128.36251349048365,35.140226948705596],[128.36251321370173,35.14022694131981],[128.36106582216007,35.140206487744145],[128.36037135191523,35.1404602578672],[128.35810994571634,35.13960791806384],[128.348136386082,35.13081594231414],[128.35011957979447,35.11182985191899],[128.37192365814374,35.11114795854753],[128.3860168354793,35.1029723269374],[128.39252187773613,35.08779664144895],[128.39956456992417,35.08356159995781],[128.39998973373835,35.083702666035336],[128.40086589766136,35.083993421091066],[128.4010429112737,35.08581473449788],[128.3991151869523,35.08889704061352],[128.39950970990708,35.089863730368144],[128.39974755894798,35.09044388157662],[128.40250038465976,35.09064724802027],[128.40809600599948,35.091442547293674],[128.40913045324487,35.09176771236123],[128.4097730260047,35.0921218812602],[128.4101120301303,35.09232954665809],[128.41107371486225,35.09265264786204],[128.4127954224092,35.09244216269585],[128.41699493822028,35.09149633639627],[128.41996918117846,35.08812053920554],[128.42066061880323,35.08798963333057],[128.42323644554324,35.08831177250971],[128.42628216384844,35.087016609715256],[128.4270438732522,35.086464545641064],[128.42827819490654,35.08460191292986],[128.42812996837418,35.08315172872253],[128.42528823997839,35.07925794524931],[128.42704177079727,35.07106250236137],[128.4231304684985,35.05632103881653],[128.42441199654195,35.056972107994625],[128.42747284868895,35.05503652697358],[128.43941470636946,35.07234003439567],[128.47926895419818,35.078399365728295],[128.45142019381854,35.10427236740859],[128.51783598143643,35.097972834594636],[128.53771760607086,35.12069526479577],[128.54641556588604,35.092989924709585],[128.58315951575926,35.091287981894155],[128.56246763751525,35.06733541934229],[128.5968714978409,35.069675481262315],[128.57362012003276,35.05376961219727],[128.60158895681897,35.056292272120295],[128.6354225360529,35.071287216616895],[128.6027283660348,35.07474862586818],[128.62796181822432,35.08317230519169],[128.57216353523955,35.13263923191424],[128.5974451269496,35.14227443466632],[128.56458718072545,35.184542334514404],[128.5877829201045,35.21072932049383],[128.54109386752518,35.212828233974385],[128.51793871918247,35.17708510300861],[128.48706359729445,35.18043189656332],[128.48015734499413,35.185841392234806],[128.47992041164358,35.18611415346739],[128.47904519224542,35.188015440594405]]]},"properties":{"name":"창원시마산합포구","code":"38113"}},
{"type":"Feature","geometry":{"type":"Polygon","coordinates":[[[128.5877829201045,35.21072932049383],[128.61712710068872,35.21260786791262],[128.6230282407777,35.216087158502795],[128.62694291824388,35.21710577599131],[128.6248246559073,35.21946046788258],[128.61844322414296,35.218831670006395],[128.61739592526948,35.21918375566078],[128.61355521457506,35.221333834006046],[128.61184780677806,35.22230693568651],[128.6116644978691,35.224286724763964],[128.6117875377916,35.22523207097715],[128.61441852529933,35.227688353944636],[128.61445792153776,35.23222718502927],[128.61593685830016,35.234421800582],[128.61577860254732,35.23540821487029],[128.61260104975534,35.23901897907922],[128.602013611053,35.24564479624554],[128.6003123203992,35.255363879561784],[128.58542718370217,35.26395116969725],[128.58688144875353,35.27093250672278],[128.58608951306567,35.272094469847495],[128.58018847798854,35.26971504992928],[128.5776883654045,35.26906160208113],[128.57669974553176,35.26931444701141],[128.57581206950778,35.26955229028945],[128.57524612820305,35.26970437044384],[128.57241043726953,35.27146574140985],[128.5686637298405,35.2737809283408],[128.5682023457959,35.274058969997746],[128.55698215672658,35.27707715913799],[128.5333470390366,35.26617814099345],[128.52447451771133,35.27035832786635],[128.52182622426088,35.27005830818584],[128.5206132067312,35.269672398103154],[128.5193137595997,35.26903728609151],[128.51851859170864,35.26885061414265],[128.51687784172614,35.268639559762555],[128.50942643212224,35.26873709208563],[128.50885224014357,35.269240055978884],[128.5085899580204,35.26993132534146],[128.50863023299695,35.27059621799478],[128.50710914324662,35.273357644797336],[128.49717764724008,35.275563919224126],[128.49445437522203,35.274277442113785],[128.49174127050708,35.273876786956635],[128.4910674626035,35.27391218466718],[128.4910134465124,35.27388019412821],[128.49099655105954,35.27386280457611],[128.4907433743422,35.273568941405294],[128.49089346450023,35.26585126367894],[128.4883264375989,35.25992164494314],[128.48789940740195,35.259214823853775],[128.4866042428947,35.257996336466356],[128.48145310583487,35.255630715711305],[128.47895452869494,35.25337071637414],[128.47683559044478,35.24952554950233],[128.47533479587204,35.2452668800817],[128.47480645026636,35.24284141294706],[128.47444449036377,35.24102393607467],[128.47534349213618,35.238870855691694],[128.4758436515506,35.23786804656801],[128.47417253794438,35.22230041608079],[128.47930445722193,35.21261993694967],[128.48429646443233,35.211824101082264],[128.48997419630493,35.206905241808855],[128.49049035919418,35.204738860237974],[128.49014711138418,35.202641245757164],[128.4899963877422,35.20216036738144],[128.48844214822958,35.19914191446802],[128.48528015768966,35.19762916838107],[128.48327071481992,35.19322431649133],[128.4829655545354,35.19278416592545],[128.48174506752116,35.19103287297987],[128.48129560015886,35.19041198123308],[128.47988050425627,35.18884207960056],[128.47904519224542,35.188015440594405],[128.47992041164358,35.18611415346739],[128.48015734499413,35.185841392234806],[128.48706359729445,35.18043189656332],[128.51793871918247,35.17708510300861],[128.54109386752518,35.212828233974385],[128.5877829201045,35.21072932049383]]]},"properties":{"name":"창원시마산회원구","code":"38114"}},
{"type":"Feature","geometry":{"type":"Polygon","coordinates":[[[128.79366578225938,35.15716242865872],[128.79133532325426,35.157520755883205],[128.79035560835095,35.15741188104296],[128.7896455940052,35.15710679736782],[128.78839411986024,35.156977140646475],[128.788393843133,35.15697714193871],[128.7875256232515,35.157010932069845],[128.7861530257646,35.15711057370178],[128.77782940322285,35.15951255864977],[128.77267487631772,35.1622522398665],[128.77135439978147,35.163622373099834],[128.76675921892175,35.165193610409304],[128.76314898934956,35.168773563821844],[128.7614288648537,35.16827798590099],[128.75696918365938,35.16819302224118],[128.75567143570143,35.16485477678008],[128.7508830346951,35.16738819312293],[128.74894525301008,35.16693555714363],[128.7468818838315,35.1662894057975],[128.74630123361624,35.16614913645396],[128.74247352675357,35.16693977960552],[128.74099242983678,35.16715397293994],[128.740502459035,35.16632903264808],[128.73997470115046,35.16505218535889],[128.73844902339533,35.15656568185251],[128.73610756357166,35.157012709734],[128.7330133462353,35.157432115218974],[128.73020110479393,35.1583443491861],[128.72986434517986,35.158457164132194],[128.7227819962512,35.16155864154295],[128.71755040066884,35.16324070122091],[128.7120683393744,35.16687665187703],[128.70869492258586,35.16776266898329],[128.70632353628596,35.167282237886134],[128.7035971066171,35.167537018720104],[128.70150012082297,35.16845699180132],[128.69480766458406,35.16880364334021],[128.69107679781217,35.169456491341634],[128.68981711679194,35.16967093110662],[128.6890829802028,35.16979589800026],[128.68857267377987,35.17011435164844],[128.68678080880142,35.1712377942593],[128.68589159269325,35.17214266246467],[128.68076416122474,35.17344065084831],[128.67914231340274,35.1735158017141],[128.66979021486935,35.180702824977324],[128.65452213011164,35.18026586400853],[128.638213827937,35.17663322828768],[128.63770186983842,35.17629895001945],[128.6359867877339,35.17455007868686],[128.63315305667743,35.17129697454701],[128.62900178238468,35.16884966352557],[128.60983799894078,35.15097987381684],[128.60992633848383,35.15075227431655],[128.6100217595203,35.15058048454018],[128.61110912282751,35.148700050346235],[128.61208168429826,35.14776110040213],[128.614978463651,35.14697709322043],[128.6149692700847,35.14468177281475],[128.60685623373138,35.138969577051384],[128.64716756162528,35.1505027094388],[128.66626677585936,35.11850076266176],[128.69093035574463,35.14764059385626],[128.69609212373794,35.09717976891092],[128.74365144664986,35.09986670508989],[128.7637676394661,35.05982973894498],[128.78419611557922,35.09754936831313],[128.7629518829414,35.105160640934976],[128.7894924485059,35.11313716211585],[128.78468609516443,35.07772425667154],[128.81151488474504,35.07758486154483],[128.82869933734955,35.08996962948658],[128.82068705535576,35.097022951296395],[128.8429622016515,35.11315835848623],[128.79366578225938,35.15716242865872]]]},"properties":{"name":"창원시진해구","code":"38115"}},
{"type":"Feature","geometry":{"type":"Polygon","coordinates":[[[128.37985504834649,35.51362767255842],[128.2926477409726,35.517383687656874],[128.21057090516456,35.4841588318244],[128.1899006370472,35.39898232797924],[128.08264858572466,35.36963921061747],[128.11473527448166,35.33116497310454],[128.15659019349073,35.34964395668927],[128.19776848597573,35.2542434756277],[128.2740446087161,35.257400184765956],[128.31647910144196,35.3613658135051],[128.39568420313128,35.33391022638274],[128.38307974581232,35.35701016162232],[128.43732288745366,35.39275032148961],[128.37598348513075,35.43971031711422],[128.42167810515306,35.4831007900787],[128.37985504834649,35.51362767255842]]]},"properties":{"name":"의령군","code":"38310"}},
{"type":"Feature","geometry":{"type":"Polygon","coordinates":[[[128.57639084786229,35.3808039155675],[128.43732288745366,35.39275032148961],[128.38307974581232,35.35701016162232],[128.39568420313128,35.33391022638274],[128.31647910144196,35.3613658135051],[128.2740446087161,35.257400184765956],[128.3672313893729,35.19427047497074],[128.36765720049416,35.19447812573666],[128.36862068461977,35.19461371718634],[128.37320345100406,35.19384018276833],[128.37408627597276,35.19306327406567],[128.39039302047732,35.20721516268025],[128.40087148566215,35.204824417312494],[128.40579886504182,35.179608596890596],[128.41681347111822,35.170197097939145],[128.43027072980124,35.16431330618781],[128.43631483351052,35.1647013382191],[128.44399363185633,35.17018480574112],[128.44577182246817,35.176773449220875],[128.44579786982132,35.17697960522896],[128.44585434585974,35.17795626906284],[128.44581795196632,35.178842509377716],[128.44565141445898,35.17947001103278],[128.4453590944961,35.18058238394925],[128.4470445798532,35.180913318768276],[128.4498387289451,35.181319289573096],[128.45757780513256,35.18394477924407],[128.46548950017836,35.18896430721014],[128.47904519208606,35.188015439918736],[128.47988050424217,35.188842078965116],[128.48129559971986,35.19041198111971],[128.48174506714105,35.191032872323596],[128.48296555459805,35.192784165963864],[128.483270714451,35.19322431578744],[128.4835052084339,35.193770203263256],[128.4837830055153,35.19457484415914],[128.4839338982083,35.19523853945342],[128.48528015722775,35.19762916850915],[128.48844214800772,35.19914191439781],[128.48999638786856,35.202160367275795],[128.4901471114064,35.202641245201555],[128.49049035890383,35.20473886035852],[128.48997419631547,35.206905241086034],[128.48429646436722,35.21182410093327],[128.4793044569823,35.212619936205975],[128.47417253755305,35.22230041619682],[128.4758436514707,35.23786804671235],[128.47534349205893,35.23887085596458],[128.47444449027478,35.24102393644539],[128.47480644979785,35.2428414128154],[128.47533479541306,35.245266880027465],[128.47609264683834,35.24759503365382],[128.476835590315,35.24952554933362],[128.4789545284457,35.25337071645118],[128.48145310596612,35.25563071573684],[128.48660424288147,35.257996336439334],[128.48789940710205,35.25921482400346],[128.48832643745436,35.25992164480273],[128.48952824748466,35.264826437833406],[128.49089346430497,35.26585126351781],[128.4902156804475,35.269545676478266],[128.49072901588775,35.273503115444946],[128.4907433741707,35.27356894152135],[128.49099655052504,35.27386280459475],[128.49101344603596,35.27388019441934],[128.49106746233784,35.273912184542745],[128.49174127007885,35.273876786973524],[128.49445437506884,35.27427744232127],[128.49717764720015,35.275563919383124],[128.50710914329113,35.27335764501199],[128.50863023309464,35.27059621782155],[128.50858995783938,35.26993132555271],[128.50885223974268,35.269240056293235],[128.50942643164893,35.26873709218926],[128.51018861977303,35.26855217153915],[128.516877841418,35.268639559677275],[128.51851859137366,35.26885061431559],[128.51931375923004,35.26903728641002],[128.5206132064212,35.269672398039035],[128.52182622434796,35.270058308199374],[128.52447451765465,35.27035832822538],[128.53334703900688,35.26617814127388],[128.5569821563956,35.277077159369114],[128.56820234574795,35.27405897011106],[128.56866372938254,35.273780928545776],[128.5724104367704,35.271465741503384],[128.57524612795532,35.26970437038547],[128.57581206930212,35.26955229057233],[128.57669974501675,35.26931444736574],[128.57768836529723,35.26906160209019],[128.58018847762034,35.2697150501793],[128.5860895125773,35.27209446881392],[128.5916497070412,35.2732430563118],[128.5728942555471,35.3002939055542],[128.58223513922354,35.308334095593224],[128.55929236493208,35.35268831894911],[128.57639084786229,35.3808039155675]]]},"properties":{"name":"함안군","code":"38320"}},
{"type":"Feature","geometry":{"type":"Polygon","coordinates":[[[128.59318771047478,35.58444653271131],[128.53689657852328,35.623828427929595],[128.53743417892775,35.65976079848046],[128.5268084483201,35.67350443884769],[128.52985121632966,35.68301533385353],[128.52792537907746,35.683155115662345],[128.5246968048249,35.6820317357639],[128.52179453965792,35.680909100127806],[128.5181651554496,35.679428037063744],[128.51616070854627,35.677198513869584],[128.5161306376435,35.676943523699876],[128.51480215298713,35.67541667050468],[128.50945506074498,35.674714637768545],[128.5087715126777,35.674339503116165],[128.50755118895088,35.67285771514523],[128.5107110863432,35.64569260262119],[128.50988549098489,35.64300574545165],[128.50726643229225,35.64044814249185],[128.50623621218907,35.63955696976342],[128.50571026764464,35.63927220384034],[128.50484720195107,35.63897661993581],[128.50379826487017,35.63878256325167],[128.50274620789935,35.63873761981013],[128.4996252305268,35.63903368673004],[128.49569360763755,35.63903648538946],[128.48270908578453,35.63499052300178],[128.48216991848267,35.63501658081722],[128.4819026132213,35.6350921905816],[128.48134003360644,35.635265700324645],[128.4806922767343,35.63713967230488],[128.4805494800054,35.63895359320403],[128.48011725089518,35.63972181367347],[128.4794599429599,35.64022755378323],[128.47849424314353,35.64052835645858],[128.47725629435172,35.64051754955343],[128.47648316539454,35.64032397910871],[128.4761874330295,35.64020682158349],[128.47069078236117,35.636615337793415],[128.44647601809825,35.63841360853349],[128.4321744229933,35.624009780533605],[128.42848827206635,35.6231010481232],[128.4257770566614,35.624900373665966],[128.42521476749434,35.62524385492939],[128.42468187848453,35.625412202278106],[128.42310685335653,35.62520205574963],[128.4229442600214,35.62517486829347],[128.4225002214852,35.62487874101944],[128.42225891059573,35.624627172317],[128.42190313972844,35.62420892152283],[128.42150527901242,35.62364468682352],[128.42074102916675,35.62237587457532],[128.418669413254,35.621111780734815],[128.41575456712047,35.61998629922797],[128.41527810719396,35.61890423392963],[128.4129987065966,35.61655807449308],[128.40685560393453,35.61451245044383],[128.4048790167068,35.61632434733019],[128.40412516899892,35.61706656728923],[128.40349343949603,35.61741117942279],[128.40292517495624,35.61730504582433],[128.39929245063075,35.61591912464721],[128.39644952134108,35.61477590808247],[128.39577494019565,35.61413420217322],[128.3951947273857,35.61451010507415],[128.39012895282625,35.61238115536593],[128.38775183426097,35.61015130705095],[128.38492583063461,35.61007110727888],[128.3844260693042,35.60991489007426],[128.384406789707,35.60990886271948],[128.38394867379435,35.6095984622496],[128.38242123771917,35.60655702936408],[128.38239892360792,35.60653989882634],[128.37782400936524,35.60681657718935],[128.37273888406716,35.60844908594108],[128.37136311621674,35.609414470065175],[128.3712463911844,35.60959065113759],[128.37114828481754,35.610232824681084],[128.37174762485304,35.610880942010596],[128.36971457029486,35.61169664804605],[128.36802615560998,35.612376975833165],[128.36559858597732,35.61339418652761],[128.36463416591934,35.613356964486016],[128.35141505406483,35.53683935301651],[128.37985504834649,35.51362767255842],[128.42167810515306,35.4831007900787],[128.37598348513075,35.43971031711422],[128.43732288745366,35.39275032148961],[128.57639084786229,35.3808039155675],[128.65073325255278,35.37490080309421],[128.64723845366737,35.43066918613757],[128.57728901277207,35.45973880799795],[128.59318771047478,35.58444653271131]]]},"properties":{"name":"창녕군","code":"38330"}},
{"type":"Feature","geometry":{"type":"Polygon","coordinates":[[[128.34827452127436,35.12709084798692],[128.21161907933683,35.11465278087932],[128.1843228802487,35.050923842433946],[128.11960152239902,34.92265895570469],[128.1030693394426,34.90015409512165],[128.132401220229,34.88842725932006],[128.15625660225294,34.90903421613018],[128.20095314935347,34.89364235064187],[128.19698954825125,34.93720623555115],[128.24585839020207,34.943322362017675],[128.27287446607363,34.8997121209737],[128.31751283015836,34.96169858746145],[128.33761893036802,34.935518920895824],[128.34275156404638,34.93960008639255],[128.34427852105173,34.937411707139454],[128.34455175550937,34.937554523085915],[128.3446051481309,34.93758618817882],[128.3456045373492,34.93819901103593],[128.34568055987768,34.93827427134685],[128.34591874762936,34.93866985098241],[128.34599275098435,34.938833650524074],[128.34610836855873,34.93909958284918],[128.3466276357501,34.9402574747136],[128.34665957516285,34.94030003867542],[128.34672796002866,34.9403393458802],[128.34759822677412,34.94048619757375],[128.3498619488838,34.93945846947602],[128.36890969115834,34.94630466178264],[128.37423277739728,34.94524808407073],[128.3788516194449,34.94726472846374],[128.3810324480486,34.9470252506108],[128.3822374138179,34.94762208753272],[128.38944120129764,34.95200513497774],[128.39016691131823,34.95496184957254],[128.389513190468,34.95713342303399],[128.38904566688944,34.95929684512019],[128.38904643414077,34.95994429257947],[128.38910497019936,34.96102393883718],[128.39200381485628,34.96366662394031],[128.39985976616555,34.96399946349754],[128.40012852976903,34.964676575481455],[128.4004189726423,34.965427744032766],[128.40059709659903,34.96616005682417],[128.40039014236876,34.96646691246205],[128.40024248136658,34.966649168066525],[128.40015086616734,34.96799934895465],[128.40035198363483,34.97046361705407],[128.40055660571005,34.970764080596965],[128.40111746833622,34.97105737411151],[128.40528890845889,34.968655066834856],[128.41235052229234,34.967479221472445],[128.41564353301516,34.96720540419687],[128.41585339729744,34.96725623616983],[128.41626572887432,34.96769960519461],[128.41729320989714,34.969871933097046],[128.4179030198389,34.970690404668],[128.4186132410383,34.971462815186406],[128.4221365141327,34.97465110466003],[128.42304996928522,34.97541239185022],[128.42510028202963,34.976045108515756],[128.42879466256687,34.975673503032716],[128.4320694180702,34.9763814463876],[128.43593582059754,34.973504185328466],[128.44136898319374,34.9718552156394],[128.44225255008402,34.972514068822],[128.44237670288896,34.97261321276769],[128.44309403871347,34.97325373027989],[128.41135652756958,34.99596685939364],[128.49299344651266,35.00586143067611],[128.45890193543917,35.047137871153865],[128.4820911517667,35.052420639163195],[128.46888873790593,35.07561238936597],[128.36784569773283,35.01666501267111],[128.36507665463236,35.04819929687064],[128.42313046846138,35.05632103866114],[128.4226932310509,35.057986385015866],[128.4270417697763,35.07106250167725],[128.42528823976048,35.079257945304875],[128.4282781947554,35.084601912262855],[128.4270438732528,35.086464544939425],[128.42628216346696,35.0870166096118],[128.42323644538075,35.08831177263793],[128.4206606187847,35.08798963339782],[128.41996918116678,35.08812053845206],[128.41699493720074,35.091496336429685],[128.41279542229947,35.092442162081355],[128.41107371451355,35.092652647911514],[128.4101120300515,35.092329546606905],[128.40977302569607,35.09212188125741],[128.4091304522062,35.09176771241058],[128.4080960056815,35.091442547217866],[128.4025003836555,35.09064724730498],[128.3997728535714,35.09044045440342],[128.39974755852907,35.09044388099169],[128.39950970952415,35.08986373023116],[128.3991151864378,35.088897039908666],[128.40104291110435,35.085814733908464],[128.40086589721534,35.08399342115444],[128.39998973272156,35.083702665922424],[128.39956456887845,35.08356159935639],[128.39252187736935,35.08779664082399],[128.38601683506843,35.102972326992536],[128.37192365781425,35.11114795850341],[128.35011957984415,35.11182985123375],[128.34827452127436,35.12709084798692]]]},"properties":{"name":"고성군","code":"38340"}},
{"type":"Feature","geometry":{"type":"MultiPolygon","coordinates":[[[[128.03274779960404,34.920028872653866],[127.96346532537501,34.87135529785111],[127.9692900813279,34.84339176264191],[128.0868274322809,34.82802035633766],[128.0477389571473,34.896974816165574],[128.00998837808956,34.867391104630535],[128.03274779960404,34.920028872653866]]],[[[127.90384841016828,34.86069083162523],[127.93070564418115,34.924575198343476],[127.89121199990285,34.94685146808039],[127.8542076992707,34.9275949201392],[127.86210691862347,34.90141199691616],[127.82571419690136,34.902648059329884],[127.80770630738856,34.85331211530313],[127.857431687731,34.727947814230205],[127.90608497316622,34.72773286545986],[127.90339525555996,34.76500621332984],[127.94900885705957,34.77755229619709],[127.95710634065996,34.70939064967131],[128.06022192046578,34.70938064783769],[128.03393766346807,34.723800493457006],[128.06664462176616,34.81815397807923],[127.9897061305701,34.83228836531291],[127.9536370209372,34.805010658790295],[127.90384841016828,34.86069083162523]]]]},"properties":{"name":"남해군","code":"38350"}},
{"type":"Feature","geometry":{"type":"Polygon","coordinates":[[[127.6887820173674,35.31921047013206],[127.62073762854403,35.33256272385571],[127.57748101195435,35.30890104673478],[127.62462470262841,35.182574109830014],[127.62525641418857,35.1824534073015],[127.62658647723921,35.1820434812269],[127.62745753691625,35.181595075679326],[127.63202952418025,35.17620054179742],[127.63749559206602,35.17312588064199],[127.64837176050916,35.16039172723814],[127.6593357472699,35.15896476855172],[127.68868386537868,35.135171120061436],[127.69384836113299,35.12793104419817],[127.69478390648094,35.124320346875656],[127.6952329394741,35.12071242852918],[127.6948936199417,35.1140461526552],[127.69485365773805,35.10629316881642],[127.69500445163018,35.106007545229076],[127.69533370033335,35.10538457493695],[127.6972629063869,35.101778296610206],[127.70662406551719,35.095409204707735],[127.71612093870364,35.083471249917174],[127.73635453442739,35.073600475726124],[127.74326140305914,35.060955840529346],[127.75154153719821,35.05672437461785],[127.75715284249026,35.05501811664577],[127.761552504569,35.05509357991023],[127.76344637887996,35.05483227884882],[127.76428237127,35.05448592915784],[127.76532151861454,35.05362803550672],[127.76769097330568,35.05089357927654],[127.76807033547495,35.050399951613535],[127.77162500857175,35.03372256172328],[127.77878848687836,35.0247268112312],[127.78168002343557,35.02334229296823],[127.78390788537291,35.02174157986875],[127.78484075912348,35.0209353375013],[127.78520772886338,35.02042398778836],[127.7855195520458,35.019839477978806],[127.78626487063639,35.01761029989727],[127.78643647269584,35.016865588090994],[127.78648048979488,35.016312516029835],[127.78676760648399,35.01092610079632],[127.78622290215677,35.00888046371831],[127.78529227097616,35.00567218791814],[127.78448153564516,35.0034355950009],[127.78128513676893,34.99685674182072],[127.78047700820646,34.99400620061542],[127.78057050522766,34.99040019677481],[127.78034204019939,34.98973128394972],[127.78003573006211,34.989191031296485],[127.75939184940705,34.96677638874217],[127.80006297691901,34.92305054556708],[127.8407614444996,34.96288031751072],[127.89739205844137,34.95651595775977],[127.92272641255101,35.0142000545395],[127.91050204046745,35.12065886949703],[127.87897916298304,35.14565409223974],[127.93861226995637,35.152592309975326],[127.8898557898223,35.22753140803125],[127.86915653427212,35.260049182096196],[127.8432398970642,35.2275812489955],[127.77606086629594,35.21947703043988],[127.70481005321659,35.264871614881656],[127.6887820173674,35.31921047013206]]]},"properties":{"name":"하동군","code":"38360"}},
{"type":"Feature","geometry":{"type":"Polygon","coordinates":[[[127.95968604475061,35.518037551164404],[127.87821190038939,35.52786506312645],[127.85639251713565,35.569412020141456],[127.7312489499633,35.3374697806965],[127.6887820173674,35.31921047013206],[127.70481005321659,35.264871614881656],[127.77606086629594,35.21947703043988],[127.8432398970642,35.2275812489955],[127.86915653427212,35.260049182096196],[127.8898557898223,35.22753140803125],[127.96678103720399,35.24651878502498],[128.05861535218514,35.33357151424546],[128.11473527448166,35.33116497310454],[128.08264858572466,35.36963921061747],[127.98164686797159,35.4515298436209],[127.95968604475061,35.518037551164404]]]},"properties":{"name":"산청군","code":"38370"}},
{"type":"Feature","geometry":{"type":"Polygon","coordinates":[[[127.85639251713565,35.569412020141456],[127.83518466106553,35.58311213150655],[127.87689514848017,35.66939505529277],[127.83475940222826,35.65953650021963],[127.67943626714428,35.76849873642546],[127.58486117511039,35.55390555087485],[127.62869361833258,35.53598481760314],[127.63668809060307,35.459352016874874],[127.67406933815373,35.44572002080564],[127.61019737776446,35.365918117502915],[127.62073762854403,35.33256272385571],[127.6887820173674,35.31921047013206],[127.7312489499633,35.3374697806965],[127.85639251713565,35.569412020141456]]]},"properties":{"name":"함양군","code":"38380"}},
{"type":"Feature","geometry":{"type":"Polygon","coordinates":[[[128.07735973094603,35.839657342634396],[128.0742063541048,35.838958376200736],[128.0697857897435,35.841201898526336],[128.05165367067008,35.82988263605265],[128.0297816895925,35.8356486813381],[128.02427654966664,35.832916001782394],[128.0216098530202,35.833518107632045],[128.02036039459765,35.833227791219095],[128.01750714576252,35.832520130332334],[128.01567829627814,35.83137725087016],[128.01425214267684,35.83032218477101],[128.0117805250938,35.82893401702251],[128.01121554183365,35.82907886662694],[128.01031182250077,35.82945567562463],[128.00795075352053,35.83079053007214],[128.00588535946656,35.83394133795554],[127.9969936954591,35.8370515564126],[127.98174909161808,35.85873524136768],[127.92578279335251,35.85562273549932],[127.92022246481534,35.893218884915825],[127.89352074437957,35.88679852819863],[127.88478334914045,35.89310653239362],[127.88505877268402,35.90960563827731],[127.85954023521825,35.906490587418574],[127.84175147280692,35.86624703469159],[127.74445289534297,35.84442172585683],[127.69973549282088,35.78823092643387],[127.67943626714428,35.76849873642546],[127.83475940222826,35.65953650021963],[127.87689514848017,35.66939505529277],[127.83518466106553,35.58311213150655],[127.85639251713565,35.569412020141456],[127.87821190038939,35.52786506312645],[127.95968604475061,35.518037551164404],[128.0006381015843,35.63410787300327],[128.0928557433698,35.68443560967678],[128.03500197317314,35.78606844224256],[128.0907395339917,35.83063542746332],[128.08440014618347,35.837004003580404],[128.0799786254714,35.83814581798118],[128.0777820740233,35.83919650904017],[128.07735973094603,35.839657342634396]]]},"properties":{"name":"거창군","code":"38390"}},
{"type":"Feature","geometry":{"type":"Polygon","coordinates":[[[128.16370998704664,35.77719223498759],[128.0907395339917,35.83063542746332],[128.03500197317314,35.78606844224256],[128.0928557433698,35.68443560967678],[128.0006381015843,35.63410787300327],[127.95968604475061,35.518037551164404],[127.98164686797159,35.4515298436209],[128.08264858572466,35.36963921061747],[128.1899006370472,35.39898232797924],[128.21057090516456,35.4841588318244],[128.2926477409726,35.517383687656874],[128.37985504834649,35.51362767255842],[128.35141505406483,35.53683935301651],[128.36463416591934,35.613356964486016],[128.305989682349,35.655476191084325],[128.16149826197878,35.65378736096455],[128.20481849708466,35.6839232048118],[128.16370998704664,35.77719223498759]]]},"properties":{"name":"합천군","code":"38400"}},
{"type":"Feature","geometry":{"type":"MultiPolygon","coordinates":[[[[126.9624712594067,33.51935405703057],[126.94090635673359,33.506588917347244],[126.96420345531563,33.489179512747576],[126.9624712594067,33.51935405703057]]],[[[126.90175150744133,33.51526589973648],[126.76212691869773,33.56552796356725],[126.3123958240114,33.469614838580085],[126.16869273511836,33.34539261274891],[126.16228149379867,33.28660247235919],[126.19200651829094,33.29835194365404],[126.19261753160835,33.29822900323279],[126.199593590865,33.29637158704536],[126.20364695357517,33.29501303443044],[126.22978754950014,33.284674477921314],[126.2387049889779,33.27637769501944],[126.24301425495837,33.273655785580125],[126.24429382282541,33.27300537847802],[126.24465096761737,33.27296605137471],[126.2450204256479,33.28829876053211],[126.27909381953259,33.29954049365729],[126.29635576013355,33.32194349209381],[126.32257225528528,33.32581416940965],[126.32937850906188,33.33283315643348],[126.33069049700195,33.33402905103228],[126.3328097701826,33.33572415915687],[126.33524003820737,33.33770896086155],[126.3402366336602,33.34361019047061],[126.34163847263123,33.343631096410405],[126.34834564473464,33.34122345095145],[126.34950467954222,33.34093667166887],[126.35197519944975,33.340685055330326],[126.36747030427257,33.341149176887896],[126.36870129698165,33.34138288050161],[126.3701364869827,33.342352067073456],[126.372049944636,33.34510915367649],[126.37379253871121,33.34569197596989],[126.37531018944428,33.34676140652124],[126.37531040081646,33.34681882975391],[126.37592371427152,33.346893616436745],[126.39164446301969,33.34355823279411],[126.4006872227904,33.34471620868514],[126.4091027431688,33.34212451744175],[126.41760413323506,33.34273328872356],[126.42350035871152,33.341810028779854],[126.4287487976608,33.34156631526114],[126.43176756615964,33.34123092327775],[126.4325896956482,33.3411213856597],[126.43182378355728,33.34227311286234],[126.43253306168188,33.34448282666231],[126.43274833127515,33.344931449337416],[126.4336093736714,33.34497508604209],[126.43642035509602,33.34664623818749],[126.43705464438318,33.347327543802336],[126.43720395083456,33.34764660411767],[126.43760431354643,33.34870226353755],[126.43769772800182,33.34942666847995],[126.43780220652846,33.3504580641684],[126.43699747230693,33.3532470399697],[126.43695610618163,33.35387208555335],[126.43697357134587,33.35462327498709],[126.4370215120192,33.354802506386555],[126.43723928801158,33.35506999303657],[126.43825735351868,33.35606487262871],[126.4392744952269,33.356722467318505],[126.44558152222169,33.358886919232994],[126.49044848396443,33.35495439783721],[126.49909140184742,33.35984676009963],[126.50663493693132,33.357995965996906],[126.51110363644796,33.36103988267595],[126.51966820673931,33.360681670688415],[126.52690770225661,33.36303536787936],[126.52952272025563,33.36174041752877],[126.55371603841985,33.37367637592244],[126.55736623239298,33.37202071481669],[126.55787963774542,33.37213527077332],[126.5596849978666,33.37315933342593],[126.56492095841861,33.37174328279749],[126.57475874284069,33.372022922498395],[126.58208522026692,33.37376263300356],[126.58676944494664,33.374176291906736],[126.58932186461618,33.37434442013827],[126.59250551669906,33.37550896068218],[126.59520121636366,33.37652899078338],[126.6069339402555,33.38223750446712],[126.61762127084124,33.3831921068316],[126.62122618475114,33.38516661552466],[126.62309875096311,33.384329709977244],[126.62491541601463,33.38503613342823],[126.62633467042367,33.390190070554404],[126.63077906741408,33.393086016973186],[126.66943179726545,33.40038540402022],[126.68772828009263,33.41328472251123],[126.69979251281801,33.41923620121839],[126.70243488189162,33.42024738257218],[126.7046642112459,33.42084554158939],[126.7090582727647,33.421897174761796],[126.71728460180532,33.42188498992651],[126.73182531210404,33.426721938064965],[126.74140475914837,33.420269217785716],[126.74917505833572,33.419576708059246],[126.76128319007447,33.42146051458867],[126.77795345006507,33.43305912758982],[126.78346019295049,33.43490178275691],[126.78856279055258,33.44135528663711],[126.82212164563241,33.446705724858354],[126.88451994088744,33.48066804247231],[126.90190532596547,33.482524243867275],[126.90175150744133,33.51526589973648]]],[[[126.34152779726917,33.95379352180471],[126.30310197118915,33.95007931612665],[126.32900808674839,33.930114515346965],[126.34152779726917,33.95379352180471]]]]},"properties":{"name":"제주시","code":"39010"}},
{"type":"Feature","geometry":{"type":"Polygon","coordinates":[[[126.91156303336751,33.47936134317456],[126.88451994085057,33.48066804173595],[126.8221216451667,33.44670572421387],[126.78856279046704,33.44135528578858],[126.78346019306534,33.434901781943886],[126.77795345005454,33.43305912670209],[126.77003075417615,33.426259227972054],[126.7612831897744,33.42146051442146],[126.74917505815203,33.41957670743118],[126.74140475879427,33.42026921719183],[126.73182531096809,33.42672193751377],[126.71728460178464,33.421884989069525],[126.70905827242588,33.42189717378035],[126.70243488188045,33.420247381953075],[126.66943179737196,33.40038540330855],[126.63077906726521,33.39308601641918],[126.62491541569472,33.38503613255592],[126.62309875102946,33.384329709116464],[126.62122618431843,33.38516661469999],[126.61762127094481,33.3831921061402],[126.60693393986905,33.382237503649776],[126.5952012164691,33.3765289902303],[126.59250551634847,33.375508960070285],[126.58932186414215,33.374344419988766],[126.58208521991003,33.373762632298224],[126.57475874231928,33.37202292236521],[126.5692101290799,33.37163747249294],[126.56492095808528,33.371743282256986],[126.56159018405246,33.37235806487038],[126.55968499688576,33.373159333261896],[126.55787963786543,33.37213526996056],[126.55736623215157,33.37202071383823],[126.55371603810443,33.37367637519003],[126.53473566749612,33.36323274910887],[126.5295227198276,33.36174041674962],[126.52690770183285,33.36303536690734],[126.51966820626251,33.36068166977408],[126.51110363607924,33.36103988167878],[126.50663493703908,33.357995965933654],[126.4990914016692,33.35984675934529],[126.49044848396848,33.354954396939895],[126.44558152213581,33.35888691843269],[126.43927449503724,33.3567224663394],[126.4382573531675,33.356064871901005],[126.43723928762316,33.355069992093625],[126.4370215115842,33.354802505646674],[126.43697357147137,33.35462327424407],[126.4369561062249,33.353872084926785],[126.43699747204325,33.35324703912559],[126.4378022063746,33.35045806335518],[126.43769772756062,33.34942666764929],[126.4376043134322,33.348702262744915],[126.43720395080813,33.34764660352574],[126.43705464430188,33.34732754289109],[126.43642035471672,33.34664623753175],[126.43360937342261,33.34497508535841],[126.43315358769168,33.34485760536842],[126.43274833100584,33.34493144870199],[126.43253306151011,33.344482826031246],[126.43182378325412,33.34227311190779],[126.43258969515222,33.34112138502585],[126.40910274279102,33.34212451743949],[126.40068722277357,33.34471620793475],[126.39164446278677,33.34355823204267],[126.37592371412795,33.3468936156852],[126.37531040070542,33.34681882998121],[126.37531018910923,33.3467614065404],[126.37379253869312,33.34569197590649],[126.37204994445608,33.345109153955995],[126.37063889716477,33.34367084914533],[126.37013648673754,33.342352066958654],[126.36747030397996,33.34114917703602],[126.35197519949867,33.34068505551856],[126.3495046791978,33.340936672003195],[126.348345644724,33.3412234508018],[126.34163847240434,33.343631096346805],[126.34023663351769,33.34361019029507],[126.33524003820128,33.33770896084494],[126.33280977022467,33.335724158991844],[126.33069049672571,33.33402905113027],[126.32937850858302,33.33283315646173],[126.32257225514967,33.32581416958469],[126.29635575996176,33.321943492227085],[126.27909381920759,33.29954049387182],[126.24502042551622,33.28829876079078],[126.24275399600144,33.283164258508435],[126.24303847005541,33.277423932551194],[126.24396121957476,33.27594916445784],[126.24465096721434,33.27296605147387],[126.22978754962296,33.284674477983515],[126.203646953698,33.29501303463447],[126.19959359098836,33.29637158707062],[126.19261753171773,33.29822900349131],[126.19200651820204,33.298351943565194],[126.16897157661697,33.275052287986746],[126.27087517250474,33.19412726528075],[126.32773351026123,33.24079377374888],[126.59988771586886,33.23449273488517],[126.65819218402359,33.27387821396466],[126.83576354640618,33.30888909227084],[126.93651142231472,33.429183305951895],[126.93600149826388,33.47841271466052],[126.92330967115325,33.455529824490306],[126.91156303336751,33.47936134317456]]]},"properties":{"name":"서귀포시","code":"39020"}}
]}